snapped_at,price,market_cap,total_volume
1508284800,0.026845355,696021404.3079604,2351678.122306208
1508371200,0.026829950465728686,695622018.2559936,2815155.9695999967
1508457600,0.030299606216252807,785580027.6424098,8883473.082062634
1508544000,0.028587962639027336,741202123.8797704,5308856.917095766
1508630400,0.027796038407662104,720669848.4724126,2901876.1220860113
1508716800,0.026045125887389137,675273816.1,3505126.543112243
1508803200,0.027417403,710852942.3615782,7822397.543947947
1508889600,0.027269301575107045,707013105.4597949,2513886.637623913
1508976000,0.026591400393809417,689437113.7144977,2369400.241402218
1509062400,0.026509621493760783,687316826.4044167,2569633.7793355323
1509148800,0.025976412766541904,673492286.1223357,1729975.2725138243
1509235200,0.028352035,735085222.7844126,4636164.255564146
1509321600,0.028385407497551127,735950462.4388821,3794753.02
1509408000,0.030251095,784322281.6027644,7251416.950220154
1509494400,0.023096036249201986,598812560.9812648,7901021.254424323
1509580800,0.021320577458857376,552780115.7,5955251.345757528
1509667200,0.022789425903364136,590863052.9170463,3029089.7359041288
1509753600,0.021802078918245652,565264037.9883977,2455852.8375674905
1509840000,0.022026315814418173,571077843.8126849,2245833.516085977
1509926400,0.022303564694850217,578266095.1,4843621.340865689
1510012800,0.022288565665913324,577877214.2109797,2527154.866
1510099200,0.025146348345649026,651971147.3307619,6534368.134450486
1510185600,0.032769495,849617009.7707922,20628139.78678138
1510272000,0.027293043,707628644.4042084,6563683.784283738
1510358400,0.027498518721010355,712956034.6,5632137.891194862
1510444800,0.024521650906143423,635774572.7517922,7550744.664248699
1510531200,0.025114287383622588,651139900.5067863,4284485.972081597
1510617600,0.026228305,680023121.2,3183479.973
1510704000,0.026014553,674481157.9,6362414.672
1510790400,0.027106272,702786226.7,4825255.353
1510876800,0.025916753,671945487.5,3514321.278
1510963200,0.02652772,687786073.9,2984199.949
1511049600,0.027721211,718729791.3,4652800.377
1511136000,0.030002736,777883050.1,15546079.39
1511222400,0.028598216,741467951.3,5910630.576
1511308800,0.028731549,744924903.2,4912298.824
1511395200,0.027940667,724419632.8,5222693.56
1511481600,0.028511937,739231013.3,5653201.556
1511568000,0.030614788,793751757.6,6199363.765
1511654400,0.038547874,999433438.7,30963776
1511740800,0.050469038,1308514308,81568060.73
1511827200,0.120725683,3130063312,341785540
1511913600,0.09263587,2401776732,170782434
1512000000,0.124064711,3216634513,123583686.7
1512086400,0.13084911,3392534112,54354032.94
1512172800,0.135290046,3507674560,42520482.69
1512259200,0.131928545,3420520703,33634685.31
1512345600,0.13631823,3534332361,73582496.34
1512432000,0.131266071,3403344674,50109378.74
1512518400,0.128998006,3344540395,71389916.56
1512604800,0.113499776,2942716690,63143994.71
1512691200,0.11977111,3105314030,72541326.96
1512777600,0.12206968,3164909210,63562094.44
1512864000,0.11075318,2871505505,44638620.01
1512950400,0.120168305,3115612116,39074223.84
1513036800,0.133573902,3463179987,62282284.19
1513123200,0.134376502,3483989039,62897525.72
1513209600,0.217011359,5626468820,237044480.9
1513296000,0.217634409,5642622686,213587306
1513382400,0.408204448,10583545520,669971136.2
1513468800,0.475589483,12330642064,590821285.9
1513555200,0.506894865,13142298925,227825786.9
1513641600,0.547831246,14203659365,275998423.6
1513728000,0.492296744,12763812409,184667810.6
1513814400,0.497934078,12909971958,168394697.1
1513900800,0.414617119,10749807286,152919286.6
1513987200,0.43637378,11313893784,90412317.64
1514073600,0.406643145,10543065493,69345060.16
1514160000,0.424664377,11010303256,125437694.6
1514246400,0.44975688,11660878365,97612771.39
1514332800,0.430559657,11163150601,84684312.31
1514419200,0.429505402,11135816855,86905712.06
1514505600,0.545309044,14138266037,288839195.1
1514592000,0.678579291,17593573142,674814233.6
1514678400,0.767634604,19902516520,312335398.1
1514764800,0.747140424,19371162465,150103426.4
1514851200,0.807430251,20934301069,290148321.5
1514937600,1.0754011011838815,27882000207.037376,672172539.6566188
1515024000,1.1793470150411156,30577013247.750748,587865819.6221813
1515110400,1.0778211835149423,27944745852.34255,507435198.65038526
1515196800,1.093780172480279,28358515685,311308025.14994603
1515283200,1.0528536805180457,27297411640.984287,231753940.09091622
1515369600,0.9418999315467624,24420705964.95028,271755252.7481392
1515456000,0.8662015396561794,22458068418.789967,214077772.7742139
1515542400,0.8164417056119962,21167941691.567257,241226048.7
1515628800,0.7274617292991923,18860951569.23562,240846066.20804676
1515715200,0.9623286418063227,24950362576.850266,400879519.0712368
1515801600,0.9379071855617376,24317185758.156223,324020183.0705352
1515888000,0.8418895265838228,21827729141,164758594.71964398
1515974400,0.8224040744826202,21322528449.849503,223039389.0742617
1516060800,0.6382177391603058,16547116341.812134,182356185.24944827
1516147200,0.6495671614349702,16841373613.692904,197027150.9364225
1516233600,0.671356127,17406297666.39785,147757610.9196817
1516320000,0.6657514508348865,17260984826.57194,106464152.84363754
1516406400,0.7340009347332741,19030494009.787533,109953899.26112777
1516492800,0.6290330817666664,16308985081.69988,67487204.52579968
1516579200,0.5813511689714357,15072732765.27117,68808151.80195066
1516665600,0.5648508617693447,14644928136.54389,62623864.03
1516752000,0.6248776332409309,16201246474.65611,120247479.6672865
1516838400,0.639638327,16583948028.889128,113543205.04626423
1516924800,0.6206010251818365,16090366555.84459,86436298.95
1517011200,0.625463722,16216442032.255064,45494958.251873404
1517097600,0.6305763664855509,16348997933.466618,51114212.47
1517184000,0.5924707176465416,15361030088.121367,54376792.26218041
1517270400,0.5879492074894594,15243800575.340412,54034613.730166204
1517356800,0.5017165694625461,13008040886.538809,60904687.425443225
1517443200,0.4994619104070018,12949584182.16657,58966605.09924155
1517529600,0.41192005156171696,10679880232.857233,86000222.89314842
1517616000,0.39990284748947247,10368309335.206608,165611115.0587108
1517702400,0.448042725,11616435329.209091,138106828.2680116
1517788800,0.39506509860605493,10242880678.661112,83335835.56425951
1517875200,0.3100116180114175,8037693087.781534,69466413.88385011
1517961600,0.3599758232654266,9333118561.777338,108155653.23330271
1518048000,0.33025486846696983,8562541270.261039,58421560.15245855
1518134400,0.3423716700897969,8876694441,23763678.044436757
1518220800,0.3772460072631502,9780883840.490557,58814949.31485622
1518307200,0.384454868,9967788470.048504,93596129.66884983
1518393600,0.3551576922387197,9208198538.786581,32670730.67
1518480000,0.3719208342226599,9642817703.442709,49329420.43797007
1518566400,0.3547574424696075,9197821235,50797813.49232494
1518652800,0.38574353026605734,10001199718.785206,62947697.43
1518739200,0.3909104389882274,10135162525.688318,53183519.86476815
1518825600,0.3907621379870917,10131317515.171017,57409442.88684969
1518912000,0.41475537686890657,10753391912.094913,78769451.85
1518998400,0.36880412256656936,9562010500.488642,49090687.34698211
1519084800,0.37366498315990676,9688038375.967485,47764084.92534232
1519171200,0.35618085040087505,9234726032.628313,61634100.15150636
1519257600,0.3154844158276566,8179586702.803375,38964450.40899637
1519344000,0.3173495150371504,8227943261.568291,39605926.75760744
1519430400,0.32549417709221845,8439110489.178212,47102348.274124004
1519516800,0.302825129,7851368481.2193575,30548017.68370288
1519603200,0.3320578669828895,8609287739.963198,71917005.91648917
1519689600,0.32859065924094755,8519393200.267969,59971698.44694244
1519776000,0.3300885506885125,8558229137.487253,43595311.86369452
1519862400,0.3058062343297469,7928659808.4275055,42777371.55424273
1519948800,0.2998293451647896,7773696581.449849,69019786.03707635
1520035200,0.2914111343427157,7555437035.662185,49647483.4
1520121600,0.2897399328539955,7512107676.780925,50351067.00850581
1520208000,0.296097288,7676935261.594904,41440713.66
1520294400,0.29517408599932904,7652999348.694283,75174582.89098623
1520380800,0.27834281537457284,7216613807.962062,42013215.80208878
1520467200,0.24457187822296733,6341032338,60496864.483182766
1520553600,0.21573889645183913,5593477586.097112,42272553.65150654
1520640000,0.21124978226718655,5477088005.978487,49682507.70846075
1520726400,0.20501892019922235,5315540006,34399754.649275176
1520812800,0.21999453645458505,5703813864.632639,32635606.518353745
1520899200,0.22454217722034178,5821720867.547898,195011717.0893642
1520985600,0.22159015518213107,5745183583.933478,104229952.93572284
1521072000,0.20027711504949422,5192598889.0353775,146577842.11683223
1521158400,0.1873430230133917,4857255772.470365,213685102.24859965
1521244800,0.18206790679910398,4720487462.286379,103318371.34400854
1521331200,0.15804012169192813,4097517382.940725,84174499.43206845
1521417600,0.15605259100982408,4045986534.749374,206870346.72490233
1521504000,0.19463663042717663,5046357646.364046,333093443.50647795
1521590400,0.20375635471668324,5282805381.305196,259733129.07825553
1521676800,0.21588196054455117,5597186818.920311,271312135.78441596
1521763200,0.20377530994314505,5283296834.798735,209925461.77157533
1521849600,0.18928756545591438,4907672061.541784,150987639.6481656
1521936000,0.18911688818908837,4903246900.005553,138676434.73697916
1522022400,0.18485616933790586,4792778941.808358,63276264.759483166
1522108800,0.1678051228600666,4350695257.030703,122615730.54298866
1522195200,0.15567516111215665,4036200883,110269538.20591126
1522281600,0.15990271243968826,4145808904.641328,63290185.10698185
1522368000,0.14625632486959209,3791998051.5225577,107780151.34550273
1522454400,0.14672090061322438,3804043139.5979557,124911837.8059389
1522540800,0.15553196120838061,4032488129.163164,118207280.74721052
1522627200,0.1516447663657668,3931704554.2837653,104945875.8067423
1522713600,0.15650316859491217,4057668691.5807943,106347391.59841216
1522800000,0.17286210266382487,4481807929.111985,164704238.6773934
1522886400,0.15569240193401918,4036647887.1739626,160515627.58868685
1522972800,0.15018647011781366,3893895204.5977845,118224971.95898001
1523059200,0.1443869833475578,3743531502.0211625,52008384.42358814
1523145600,0.14813151681847894,3840616285.4536366,50524949.52993911
1523232000,0.1562199153361142,4050324764.3598213,52462507.81
1523318400,0.1532177813959485,3972488225.928621,96981159.38350405
1523404800,0.15645861653266155,4056513587.1202087,59572017.20180404
1523491200,0.16581090224514816,4298990958.479379,99285298.20283522
1523577600,0.21285054905675554,5518591199,508525215.26455766
1523664000,0.19893245843277063,5157735882.084197,229098350.79432327
1523750400,0.1995465773527809,5173658186.642023,115064004.01824924
1523836800,0.22105538551375975,5731318573.020033,172115119.08966485
1523923200,0.25620473240326014,6642638169.188739,698342753.8536612
1524009600,0.24346264127594142,6312273073.729124,534960843.5
1524096000,0.2605175569125585,6754457074.459333,186344034.70441836
1524182400,0.27251094301192574,7065410441.847096,243857941.78765774
1524268800,0.2943787679831131,7632379082.387709,325740024.75244725
1524355200,0.291419684,7555658704.320992,300403083.7770018
1524441600,0.2842078073784546,7368675869.351509,162687316.44505146
1524528000,0.2876005132930135,7456638794.912968,131169435.71201217
1524614400,0.313285804,8122583149.910371,371680030.0340335
1524700800,0.2698223219239078,6995702373.248101,355475589.75443107
1524787200,0.29353815622000723,7610584481.910591,231323098.7181208
1524873600,0.28930349913622366,7500792228.995092,204407851.12413734
1524960000,0.35582330699036724,9225455979.403679,675280301.4959607
1525046400,0.36305017713798343,9412827551.489891,663808565.6062096
1525132800,0.34119557382647364,8846201710,306764418.34950644
1525219200,0.3563453648234993,9238991409.668211,380935416.10300475
1525305600,0.3694644800006757,9579131634,272233287.7254925
1525392000,0.371949748,9643567357.665165,165672728.6186824
1525478400,0.3587821424432725,9302169915,177767683.04017678
1525564800,0.36531319109779264,9471500874.054344,143983962.4963489
1525651200,0.34903139031495944,9049361476.672163,154299592.84205535
1525737600,0.33428333100258556,8666987502.581638,178306891.70142052
1525824000,0.3218179391155529,8343796408,85389551.73248023
1525910400,0.315994257,8192805380.361582,97252505.47965546
1525996800,0.29529566918002337,7656151644.3963785,123637937.87470895
1526083200,0.26128109940340793,6774253494.478348,350849593.74475926
1526169600,0.27120094460262484,7031446020.6844845,266175944.38848418
1526256000,0.28557429199064066,7404104812.280748,187036760.62811252
1526342400,0.2739445438054828,7102579510.744984,164701733.27505264
1526428800,0.25917040327307816,6719529327.023004,98957494.77
1526515200,0.2559644419520112,6636408141.7095995,113660462.1292555
1526601600,0.24351748531372056,6313695018.965212,84378691.16425724
1526688000,0.24225753121621815,6281028100.204625,54721647.130516976
1526774400,0.2397813759170122,6216828647,43595675.76
1526860800,0.2544319090671475,6596674053.501935,107667684.07001844
1526947200,0.24806124426766124,6431501377.871701,87861811.37301709
1527033600,0.22445222963328695,5819388790.113605,80490595.04
1527120000,0.20075895439492097,5205091571.732241,83690006.16599889
1527206400,0.20810629223519944,5395586518.183658,136489355.0720591
1527292800,0.20086776110111673,5207912610.878786,85060735.57
1527379200,0.19642005538818674,5092596631.127384,64213336.97658688
1527465600,0.1934241426435206,5014921390.070732,62696530.77495711
1527552000,0.17481981794764714,4532565751.368966,96436638.14291546
1527638400,0.20321852875050417,5268861129.542903,195367772.22267976
1527724800,0.21201676542018352,5496973632.287698,231891894.5694332
1527811200,0.22435581157117465,5816888952.216082,210587950.4845777
1527897600,0.2220094649973021,5756055059.088694,133880171.88784516
1527984000,0.22660877800201606,5875301771.788253,119984983.16485873
1528070400,0.22643984392045544,5870921805.939359,119438315.48920846
1528156800,0.2137174596810844,5541067652.353646,118932865.68915962
1528243200,0.21933920134469015,5686822945.012366,126118003.3137987
1528329600,0.21524780377011557,5580744991.497369,87531548.71
1528416000,0.20922544727030998,5424602929.721927,78553211.88
1528502400,0.20434564691054882,5298084001.583041,72235000.98317525
1528588800,0.2001045407220412,5188124542.274455,51331885.07388687
1528675200,0.17700556463229938,4589235759.840144,140182776.98293754
1528761600,0.18101254117876267,4693124923.404409,94615123.95432249
1528848000,0.1661614302504176,4308079122.7975445,85228066.31990448
1528934400,0.16060084005199157,4163909308.490041,107052294.64626159
1529020800,0.17171258748705198,4452004368.039293,204772329.27416345
1529107200,0.16215431458382334,4204186352,76574765.25
1529193600,0.16235552042519688,4209403030.2977796,43419330.57645237
1529280000,0.16021505026707739,4153906909.5237308,36508695.43851493
1529366400,0.1634923916606105,5086654525.278563,58000555.61427439
1529452800,0.1666453240422646,5184750085.592651,73982112.71644957
1529539200,0.16166876317361192,5029916911.976811,85641307.72728695
1529625600,0.15830872138714228,4925377663.485355,42401057.602429606
1529712000,0.14048488390131267,4370833793.374682,81070695.97759181
1529798400,0.13878315814718434,4317888876.977662,40640076.43475348
1529884800,0.1321353596808119,4111059349.262947,76993945.57795139
1529971200,0.1351572909584158,4205079139.738666,60914268.91840328
1530057600,0.12605289473877845,3921818752.1440988,33825704.583285004
1530144000,0.12700558224465147,3951459227.5430093,40143616.64135134
1530230400,0.11951512594262992,3718412520.8548293,42471511.56333405
1530316800,0.12512278042220804,3892880584.7507772,70704522.63691038
1530403200,0.13782709931428794,4288143511.2185006,109337178.07661043
1530489600,0.14150418800347955,4402546876.602955,112348377.83276969
1530576000,0.15359194216168753,4778626942.254823,130902702.74070089
1530662400,0.1498561094860915,4662395905.4953165,108874472.99145463
1530748800,0.1508083992441361,4692024005.971024,89312435.47101304
1530835200,0.14744331769396685,4587327957.908843,75502631.23733914
1530921600,0.14544402100485454,4525124870.366038,71050257.75359368
1531008000,0.14803827195829727,4605838463.322896,50678197.15112288
1531094400,0.14532768727707482,4521505439,50052280.22756609
1531180800,0.13965504686270147,4345015501,43350203.387002125
1531267200,0.12866909735630658,4003215315.912768,63780388.6
1531353600,0.1312753078323177,4084300999.3319077,51858453.66842318
1531440000,0.1268467804212572,3946518508.2508974,38798934.368141934
1531526400,0.13718088976085213,4268038326.4091306,97185026.19
1531612800,0.13683082551255343,4257146957.8588233,56758192.09310758
1531699200,0.14212862254494427,4421974586.6867075,51504850.002047434
1531785600,0.1594957478395647,4962309005.760744,123611130.34070894
1531872000,0.17094623516420682,5318562117,150632561.88003966
1531958400,0.17925642139568287,5577112658,327859302.64698696
1532044800,0.18103305706048198,5632388208.2126875,222316375.21586114
1532131200,0.16229084074203767,5049271290.773079,215935098.36805293
1532217600,0.16313484456207844,5075530346.665262,130500992.65123789
1532304000,0.16966711060125564,5278765374,141054329.93714854
1532390400,0.1644406706730288,5116157841.492552,146409700.63389733
1532476800,0.172853897,5377914223.510212,196859871.40956587
1532563200,0.17212923289669205,5355368115.626089,131393725.00354531
1532649600,0.16471651692846223,5124740104,91064087.24774261
1532736000,0.1651333228458072,5137707971.5831375,104268002.31862088
1532822400,0.16351443502286017,5087340349.048101,50480410.91059892
1532908800,0.16334411318600636,5082041213.514109,48132238.692483574
1532995200,0.15386140209157645,4787010510.186205,74698278.39363481
1533081600,0.14306516712847436,4451112815.662083,99077327.12028484
1533168000,0.14092885649080406,4384646883.748479,90178073.48186134
1533254400,0.13171648332341448,4098027065.024848,76242224.64208187
1533340800,0.13011678808951255,4048256571.6217947,89947943.98501141
1533427200,0.12693422011748143,3949238974.4571247,66524246.44
1533513600,0.13098738158914192,4075342898.511921,53162936.65637276
1533600000,0.13025878110390574,4052674327.101942,66660235.96311728
1533686400,0.12516207109138078,3894103015.092145,67821011.04058647
1533772800,0.11446936326483662,3561426307.0146255,100878371.98117897
1533859200,0.12320652130265171,3833261002.315823,117174724.77672382
1533945600,0.11566881887981083,3598744351.4190693,106177876.12407197
1534032000,0.11113328153921524,3457632515.5484295,101671731.1737532
1534118400,0.11234656067126024,3495380643.9154916,64129653.20075746
1534204800,0.10394244909069657,3233907851.4019337,72874925.28251752
1534291200,0.094587283,2942845393.7772417,141265235.71061143
1534377600,0.094589623,2935686756.6636543,107262392.82728326
1534464000,0.095164417,2960108997.307976,57527997.87884952
1534550400,0.10991277515620165,3419659529.4465756,118693524.22822942
1534636800,0.099656546,3100562761.0952353,109323815.31372097
1534723200,0.10244331806140766,3187266160.2708416,54534210.09363542
1534809600,0.093829543,2919270216.9139543,55330631.76562017
1534896000,0.094893038,2952926214.598613,53931658.24
1534982400,0.089946781,2797856425.970636,70752219.33720112
1535068800,0.092342233,2872996316.9687214,42398603.84215274
1535155200,0.094276742,2933435848.177201,39339909.76862817
1535241600,0.09447831,2944391514.6778374,34263617.56409678
1535328000,0.09332999,2892182364.4038644,30483200.13459168
1535414400,0.10091575090984732,3132235466.0341716,62948151.71236462
1535500800,0.10569543606680701,3288447631.7808075,91666529.46681893
1535587200,0.1053327190471163,3284313693.998932,94067635.22343428
1535673600,0.10089391832868926,3145985259.465431,74150720.91222401
1535760000,0.10222952481723128,3180792979.8200274,50496644.82
1535846400,0.1074236565593402,3342177673.128671,79478343.31776854
1535932800,0.105546661,3285356397.462127,67143765.82
1536019200,0.10362329331159675,3221965153.2290845,47835565.15
1536105600,0.10529341253815096,3275947567.0048895,56377369.89244925
1536192000,0.088588943,2754520363,105140724.83482462
1536278400,0.088449542,2751886526.2543106,91513177.25916453
1536364800,0.083302832,2591797898.347765,48624757.18179719
1536451200,0.077848688,2421433166.5035315,43510093.872598685
1536537600,0.076393002,2376844835.3931932,56659982.711171515
1536624000,0.073419888,2281645616.868315,51745441.935056925
1536710400,0.070249999,2186171740.7328305,59524268.98831903
1536796800,0.066638363,2073257856.0413413,110527608.63344006
1536883200,0.069898913,2176534288.576576,98333779.62801681
1536969600,0.0681112,2124660084.5886688,74151647.66045076
1537056000,0.069335334,2156768492.834292,43581137.00595768
1537142400,0.069926851,2175598093.6137733,41967155.97813777
1537228800,0.063703714,1980644946.9797056,57130960.76322641
1537315200,0.069260576,2155140506.726793,83881538.29306856
1537401600,0.072087089,2242808447.2356796,111424352.96016262
1537488000,0.081161799,2525145224.3579583,124799450.5067086
1537574400,0.087938025,2735970451.0568385,237757692.1
1537660800,0.083682619,2603147398.429438,95179373.26430541
1537747200,0.08990618,2800887024.0041494,171440269.24139485
1537833600,0.082776148,2575307558.499323,100776019.3
1537920000,0.080981204,2519526466.3177624,107058582.67390074
1538006400,0.079166623,2465244036.7485533,60636381.985832244
1538092800,0.0863093,2680098108.3753223,117104619.72241765
1538179200,0.084024662,2614760090.460809,103511766.41913211
1538265600,0.084582605,2633828107.817681,65434385.08817968
1538352000,0.085168913,2649312387.0925603,55038544.98
1538438400,0.084585802,2634535632.570161,46007641.05542681
1538524800,0.082331753,2561902549.1837306,38692069.566100314
1538611200,0.080886138,2521205770.794847,44367995.96346713
1538697600,0.081457957,2534359448.305555,37175338.87888529
1538784000,0.08319801,2588000719.2669334,36985087.84291301
1538870400,0.081494967,2535335484.843443,30796838.80159045
1538956800,0.084611412,2632395151.4530706,39755155.15
1539043200,0.086870699,2703175710.1622486,74139669.31585167
1539129600,0.086427918,2688659833.622341,44136284.92252085
1539216000,0.084860436,2640954970.558747,42325366.817071065
1539302400,0.071003214,2207564898.371598,88703081.84836785
1539388800,0.073535019,2290190996.472146,49520957.423680134
1539475200,0.073759661,2294790703.0837007,28192825.38727785
1539561600,0.071678858,2232538534.566345,31486256.065384902
1539648000,0.075713862,2353322757.9909315,85926739.48469225
1539734400,0.077001436,2395478887.7171655,31081051.513690416
1539820800,0.078768464,2450912179.8896694,42942238.57123547
1539907200,0.075798572,2358742832.427716,32405176.84181558
1539993600,0.076411855,2378591176.688246,21043642.612399008
1540080000,0.077267183,2404000556.032303,26589022.41243931
1540166400,0.076538147,2381443090.771206,19516454.855346356
1540252800,0.076527673,2380966046.799423,22081790.775327433
1540339200,0.07500109,2333470258.223991,31022218.396756917
1540425600,0.074680965,2323510378,26243527.814743724
1540512000,0.07432406,2312350096.010432,25776852.92396464
1540598400,0.074182545,2307973630.484609,30519539.380356006
1540684800,0.072956041,2269911926,27144868.05053285
1540771200,0.07348245,2285317105,29318523.853630416
1540857600,0.069684178,2168080441.722498,47327062.21127391
1540944000,0.06999556,2177662436.487608,32346620.18546746
1541030400,0.070445185,2191647000.860467,30032063.72674098
1541116800,0.071037012,2210833506.6561737,29976386.264734652
1541203200,0.073171531,2276564684,38683460.26038865
1541289600,0.071733427,2231956706.192239,34685386.42313807
1541376000,0.075732711,2357557057.604241,98787496.27417962
1541462400,0.076255497,2372497978.989162,81082046.23373498
1541548800,0.080897298,2513450132.0489936,100455935.2228888
1541635200,0.078970675,2457743038.468545,72024624.75692892
1541721600,0.07699584,2400407638.524341,57360574.310546085
1541808000,0.074665194,2323758501.992876,37538606.35841154
1541894400,0.07537447,2338246519,18530875.478822857
1541980800,0.076823291,2390163458,37089205.09042082
1542067200,0.076381278,2376411345.716606,37244675.537540436
1542153600,0.074125591,2307587679.8044295,33339738.538325384
1542240000,0.06556044,2039748182.5844426,93846877.98838013
1542326400,0.063949438,1990825176.6466646,79764127.51
1542412800,0.061398001,1912099868.4340045,57998716.51
1542499200,0.061084635,1902941574.8670273,27948586.00985948
1542585600,0.062066356176353886,1931136308.4220932,26328644.035761617
1542672000,0.052935798,1653110423.8348863,80083328.29811147
1542758400,0.045370032,1400510010.361058,97255026.33840227
1542844800,0.048116378,1497665041.7953606,63453500.19850547
1542931200,0.043888294,1378016442,35963524.46066667
1543017600,0.044253370810228065,1376832319.8669653,42790645.01345861
1543104000,0.038722242343312674,1204780716.4357285,44822438.348696746
1543190400,0.038150369,1186952754.7036884,64818093.35038185
1543276800,0.036105406756788895,1128573226.5397682,52775767.163194485
1543363200,0.036696162,1141712636.3755417,34756609.833035775
1543449600,0.042043285,1309683378.1296453,73417017.97782557
1543536000,0.041841984794132085,1300488688.4848402,68947905.07332909
1543622400,0.039059899,1214174049.5144472,47948790.03
1543708800,0.041439856,1292067447.2967343,36918151.030777596
1543795200,0.041502588420887915,1289518010.2954385,40133607.702426136
1543881600,0.038869852691613034,1211960522.057314,37504655.85944246
1543968000,0.0375918,1169458431.3039546,37061957.40634627
1544054400,0.034462597,1074131854.8499815,38312801.362281136
1544140800,0.030512031839958854,949289949.0830094,38102028.72042046
1544227200,0.029732205650799502,920350290.5265231,55396612.93946601
1544313600,0.030388027,943243023.4964898,38193837.00071071
1544400000,0.031334755,975080539.8697934,31670290.098473325
1544486400,0.029765125543281756,926561842.7642255,24273563.308994453
1544572800,0.02933815,914570155.6769274,19522549.34129131
1544659200,0.030274979133229032,941930102.1353782,20225412.691844936
1544745600,0.029065645381860107,903827129.4741586,20222699.194573916
1544832000,0.028294975584389297,880783985.3278568,17868475.671969645
1544918400,0.02769,861676702.4983927,14545306.531592358
1545004800,0.028878525,900504999.1701517,19160146.73
1545091200,0.032245559194323745,1004878991.2148098,52974247.87944216
1545177600,0.034555360080083655,1074756180.6773453,98129197.01
1545264000,0.034897063,1085366192.4291987,74737204.01928018
1545350400,0.038880258550837106,1199835202.7557678,77441585.71
1545436800,0.040443056235332085,1258909130.372032,133155437.34813061
1545523200,0.041620704573098605,1293383283.2043924,66346799.15062438
1545609600,0.043796083218113305,1361660638.459207,72520518.82075858
1545696000,0.045302328,1413864024.6845222,101879715.71758206
1545782400,0.040756837,1267316261.8678489,73794109.00148542
1545868800,0.040477487,1259194587.0212593,45342211.88985252
1545955200,0.037244463,1160651701.2339704,42655678.855130196
1546041600,0.040863764,1271373222.431639,42206777.41283775
1546128000,0.040636750273385924,1305744091.5748289,44315928.153971836
1546214400,0.042738421,1328117219.6788132,50126345.50057103
1546300800,0.04053718,1261212381.9498465,39848087.72002866
1546387200,0.041910239396512214,1303853661.966642,28425239.84936065
1546473600,0.044714509043112735,1391808205.6938677,43321551.76950851
1546560000,0.042006788207089134,1307372469.3041666,39412155.33175317
1546646400,0.043253514,1345613019.4569228,33701219.84912106
1546732800,0.044203825,1374212784.4979184,43293703.89336234
1546819200,0.048449481006463485,1507173809.5645516,81335647.59441182
1546905600,0.0473881,1475778727.0006564,78333814.79200187
1546992000,0.047832113,1493527571.9272435,62710757.66569317
1547078400,0.051379342496223404,1597721781.873208,84845665.60089022
1547164800,0.043960678498555436,1364905851.8941762,125760658.31823196
1547251200,0.0433392,1345475396.1491845,63187944.16229059
1547337600,0.043068001139726815,1340199998.9334278,38928056.39160119
1547424000,0.039570683,1228609037.9676828,36923377.86663759
1547510400,0.04342197,1349921731.8845065,46991904.800733194
1547596800,0.042207064638792174,1312610496.9720254,44720875.31453265
1547683200,0.044124389,1373439554.0270956,55013701.89921163
1547769600,0.044726995298034124,1391343341.6047573,60179613.104692645
1547856000,0.043734276708546016,1360373389.2831323,36466188.48017476
1547942400,0.045107177036213794,1403904599.9661992,40905023.30284591
1548028800,0.042919459,1336300026.6140635,42961757.03943709
1548115200,0.042532993,1323846308.840479,31403250.11092524
1548201600,0.043256168194204705,1344851595.9029243,37271610.77162003
1548288000,0.042621656,1326065623.4858377,26155328.970643435
1548374400,0.042706203,1329785868.600041,24319382.871368233
1548460800,0.04237535,1318405189.4666877,22993374.156122435
1548547200,0.042400539,1319310449.0036666,23459405.913037308
1548633600,0.040917522,1272424761.133311,31462595.49493724
1548720000,0.038450036346304554,1196276165.4625423,47046465.61052532
1548806400,0.037970569740954696,1181459627.4495773,32538836.95817334
1548892800,0.039416122,1226333484.6458025,37062014.79782128
1548979200,0.038157893,1187186855.6870704,30894039.17470899
1549065600,0.038652985,1204019830.177881,31452647.05478662
1549152000,0.039022422639798875,1207406299.982895,21458195.77550438
1549238400,0.038074529529785385,1185975550.274145,20436393.898442607
1549324800,0.037955208,1180880829.111025,20337416.673156355
1549411200,0.037962734,1181114979.6526527,21305756.414824136
1549497600,0.036725974,1142636303.3233032,28173078.13361925
1549584000,0.036411891,1133031277.2385428,22393690.192648415
1549670400,0.040731839,1267268709.6890569,46082836.569584064
1549756800,0.041175679,1281077694.0856955,34562994.11
1549843200,0.042703301,1328605791.9386418,37213644.131766476
1549929600,0.041643295,1295626365.1407132,32386541.02371606
1550016000,0.041721816,1297644168.2918518,27814367.31660506
1550102400,0.041045902974213205,1277040026.066414,24731847.75
1550188800,0.040372341,1257061956.9027617,22479338.916937955
1550275200,0.040439278,1257893520.214741,24067155.332681157
1550361600,0.041004178,1275741866.8911092,20807250.453483205
1550448000,0.041532949,1295427858.389718,27282504.033098273
1550534400,0.045359194699420416,1411237248.6406424,57438978.33749562
1550620800,0.045900893,1428090828.5013225,67584583.51939453
1550707200,0.047322543862064186,1472648246.507061,49774298.35
1550793600,0.044829648,1394761720.8979893,42954299.49993111
1550880000,0.045833681237147136,1429215107.7913744,32119107.47977891
1550966400,0.048239797901670274,1500859971.5418594,47397198.77727685
1551052800,0.041981056,1317346490.2655253,75083200.67640215
1551139200,0.043514534,1353845259.6451354,47206343.601244256
1551225600,0.042860593,1333499545.2259796,33331022.66092489
1551312000,0.043024207886110166,1340877352.4406545,32087203.178842526
1551398400,0.042794004,1331427782.1193776,27869743.404852327
1551484800,0.042910052,1334243806.6678357,21785753.866402835
1551571200,0.042316276,1318787997.3318744,20844377.65153251
1551657600,0.042010865,1307062385.203952,21029291.59777737
1551744000,0.040182274659520956,1250170403.3857007,32363603.102818146
1551830400,0.042803453,1330762949.8479147,37960084.263351336
1551916800,0.042503620209921135,1321151583.6117408,33522072.28202578
1552003200,0.04264896,1325890786.5651643,34476828.37987063
1552089600,0.042376026,1317420361.2543752,38664994.48390832
1552176000,0.046648731,1451358211.9297943,86993700.48
1552262400,0.045522956,1415911776.5232966,51354294.78541411
1552348800,0.047349574427912836,1480451280.8265526,82116619.15537737
1552435200,0.047212017798664206,1469715248.3471603,61983160.853167094
1552521600,0.046196136,1437571918.3395214,53000333.076304674
1552608000,0.047615948,1479446913.042755,46039895.54700088
1552694400,0.049811873,1549931684.413521,70787494.18319316
1552780800,0.051233261,1594232228.1685922,74845495.23320493
1552867200,0.049687912732741646,1546126613.137764,55364282.81391416
1552953600,0.050033142,1556854618.367634,59189804.09716701
1553040000,0.051942873,1615929154.0461836,76079077.03970908
1553126400,0.053288813,1657947372.4696782,83787695.90484549
1553212800,0.052643,1638621366.3447814,110563157.9114089
1553299200,0.057768278,1797682146.4044712,187687245.92479184
1553385600,0.063486563,1976001729.671846,230447390.6556978
1553472000,0.061118437,1902218939.5042632,165136979.71185252
1553558400,0.058637989,1825444528.728615,82449862.62894759
1553644800,0.06146601,1912322649.5396695,126218530.8989074
1553731200,0.066993016,2085490917.9162295,190231033.16212112
1553817600,0.065585126,2040501513.483253,139866735.21952033
1553904000,0.071909242,2246917340.7308917,212983058.7010962
1553990400,0.071813185,2234931086.3977423,182155337.53517985
1554076800,0.069984604,2174696705.146237,125531038.36643676
1554163200,0.072332133,2250534949.5023303,142615945.86230013
1554249600,0.084634941,2643388414.9778748,327674511.3356905
1554336000,0.090656283,2840882113.0424204,481145168.96432215
1554422400,0.087182808,2715051077.9800663,341137519.0241108
1554508800,0.090310876,2808480733.0355425,237062289.10388905
1554595200,0.089869224,2794006323.4093633,203512085.90013257
1554681600,0.090081493,2792824469.711656,174484885.92127717
1554768000,0.086676103,2697332324.8271747,222589747.6874219
1554854400,0.083365893,2593699164.399162,197432272.62434593
1554940800,0.089638472,2791934582.174268,204490716.0858344
1555027200,0.08308743,2587364008.2123804,250105632.40661168
1555113600,0.083134975,2584989096.795034,185921625.30155298
1555200000,0.083404015,2589719878.511384,123765669.50368805
1555286400,0.084271676,2620859359.204832,128208294.67265818
1555372800,0.082209391,2557136226.9919124,117799275.95286402
1555459200,0.083306886,2591965875.9176793,105160745.96009421
1555545600,0.08273544,2576223755.815706,103659370.16947012
1555632000,0.081509429,2537199477.7739186,110382965.73238443
1555718400,0.079281409,2472129360.904026,144843502.87001476
1555804800,0.076203889,2369595754.887332,136815464.5951843
1555891200,0.074000074,2301615515.575593,152578410.17837083
1555977600,0.077731048,2423028539.104957,162833809.66422448
1556064000,0.0742822,2310262161.6084943,174822452.0531332
1556150400,0.072049677,2236459283.8235483,165912540.57089877
1556236800,0.069329555,2156944993.2995615,170331899.39578703
1556323200,0.069592769,2151061060.3602896,145817325.34111822
1556409600,0.070205557,2182464333.0042877,102286462.80692092
1556496000,0.06851306,2129329332.5482047,79444935.64141212
1556582400,0.064263125,1999777250.3609803,118785543.06188424
1556668800,0.069647118,2163523430.966617,118345782.6087123
1556755200,0.068443573,2129155366.222498,153059476.95903873
1556841600,0.068048675,2117234656.105523,150318041.30003422
1556928000,0.069361873,2154930240.0153036,186310266.9426793
1557014400,0.066632796,2073037081.0630288,140962190.09442997
1557100800,0.065680766,2041852784.2945557,148118686.7632148
1557187200,0.066451684,2069938543.688164,154332100.8992162
1557273600,0.063882851,1990975694.9859197,152003841.37795544
1557360000,0.06421839,1996354146.7754104,115380635.40484804
1557446400,0.061683513,1922238791.7584457,144333254.89852068
1557532800,0.063242576,1947276773.1495214,161982471.39610782
1557619200,0.076628151,2398581543.222971,306602751.3625427
1557705600,0.069985537,2174479762.308658,285706502.10042447
1557792000,0.072918842,2267014811.532485,230168987.93824708
1557878400,0.084299251,2621490905.487821,332365790.58416647
1557964800,0.094907147,2946534396.7957697,360409388.0396071
1558051200,0.088172054,2729337669.1508408,473945748.46881324
1558137600,0.083151832,2593504965,419268318.2666193
1558224000,0.079275113,2467980727.718826,241682031.13007343
1558310400,0.086677757,2704999271.5429554,276547327.0481134
1558396800,0.084772631,2631217917.1617966,261151893.4492497
1558483200,0.084504719,2635936005.966586,222533700.30083972
1558569600,0.078129,2430816641.9427247,238153710.10193756
1558656000,0.080138282,2491081940.799719,174908198.67820245
1558742400,0.080493025,2503012918,171347501.0206014
1558828800,0.08020427,2497541503.599133,125997531.35151565
1558915200,0.08570334,2661446279.0922184,183825461.0114193
1559001600,0.091890182,2859830610.0531316,257802427.47259974
1559088000,0.092935662,2889958019.6142845,248265042.34704012
1559174400,0.090934473,2828591820.4408326,250941367.85891938
1559260800,0.08489877,2640985616.9751177,331448382.08193713
1559347200,0.089792946,2794672967.2028933,277367144.91822064
1559433600,0.090658821,2821411350.355185,248203496.8472867
1559520000,0.096378879,2994934524.861709,297353290.10191315
1559606400,0.088824876,2764973440.2656493,351904178.7642692
1559692800,0.082378006,2558656183.3409514,227552475.9490182
1559779200,0.083237266,2584242198,201853485.06529042
1559865600,0.08386005,2610699173.5034714,249770623.6764689
1559952000,0.085773804,2671196811.1532965,209735394.75958553
1560038400,0.08430244,2622858376.257353,179902940.06106538
1560124800,0.079250541,2469204759,190031453.06772795
1560211200,0.085448814,2663343982.211626,235859709.3280797
1560297600,0.087873783,2742995916.5450597,253347634.72266844
1560384000,0.096198761,2975683026.8447676,376113617.20364136
1560470400,0.089834399,2796706743.4341445,348557657.64185214
1560556800,0.090273187,2817397668.8695474,309320337.76228714
1560643200,0.091514252,2847331607.9208784,274801292.68918175
1560729600,0.092248501,2877948520.148884,348312939.7426708
1560816000,0.093138246,2896488284.2348585,289880198.2288467
1560902400,0.089585936,2783192130.4349365,251155012.2237024
1560988800,0.090160743,2801766325.303918,227201840.03856143
1561075200,0.088357588,2748199233.2762322,302506726
1561161600,0.089484939,2782660835.193781,189893730.24152938
1561248000,0.094393213,2933643539,325185108.6496123
1561334400,0.096525283,3003824360.290797,296516343.5103329
1561420800,0.097686524,3031937324,212523520.59521064
1561507200,0.096750595,3005189236.994673,328043140.0077645
1561593600,0.097876579,3044379770.128304,671946279.2
1561680000,0.086382254,2685995312.9360614,425821930.8758738
1561766400,0.08904613,2763836871.007907,418527931.38976073
1561852800,0.090459721,2815098679.120193,346418708.93438005
1561939200,0.083308284,2571108566.877609,337900612.3627363
1562025600,0.083677702,2601220003.7512603,349024670.3840098
1562112000,0.080884854,2508983263.5802903,360130368.67133296
1562198400,0.082728598,2574110651.856144,321767772.31681174
1562284800,0.078905171,2450389762.4538803,271096158.74449724
1562371200,0.076341631,2374193617.599052,281659364.1326728
1562457600,0.077472585,2412564608.183136,311096812.3153187
1562544000,0.079701823,2473664824.1434264,283632330.84826064
1562630400,0.080303583,2494041314.5068035,264778872.23315412
1562716800,0.077953216,2421239430.5849485,270224457.2
1562803200,0.071893365,2237805031.6634216,221231598.57233316
1562889600,0.065127614,2022544559.0691803,274303313.97290605
1562976000,0.069545249,2161637825.879889,270563781.6220112
1563062400,0.067181824,2086539190.1500196,229698210.92260438
1563148800,0.059465709066443745,1853240285.0037353,208552058.8617118
1563235200,0.05863966,1830497000.8659518,272335513.2211476
1563321600,0.052113581,1622987702.918755,191797018.55217832
1563408000,0.054939917,1709568873.9207873,182179811.40635923
1563494400,0.058716376,1840798635.8947427,160406339.4962515
1563580800,0.059842566,1860783601.0380156,123846520.18301462
1563667200,0.063023956,1953094143.371671,142341440.6447977
1563753600,0.061312719,1908506128.4150481,114129502.70549941
1563840000,0.059987636,1868514715.3943288,137533640.90741175
1563926400,0.055693226,1730268750.3536315,132067766.5536967
1564012800,0.056397027,1757974757.4392202,321291248.9631394
1564099200,0.058352175,1818348081.8990602,228185321.40710336
1564185600,0.06260968,1946033142.8079376,123191563.96295263
1564272000,0.059851847667587756,1862033380.543404,112342864.8
1564358400,0.059443672,1853935272.7194529,80607218.93232757
1564444800,0.060334208,1871322804.2590334,100780729.6350223
1564531200,0.059833128,1861201640.7482712,82533252.62671228
1564617600,0.063978798,1988646316.7879858,109275867.92471956
1564704000,0.058597559,1823387409.1827102,97796321.09804177
1564790400,0.057603598,1792264515.594138,106871562.39938858
1564876800,0.057582696,1791323846.9824636,96829769.24825919
1564963200,0.056201082,1750395515.7439246,100557798.5451551
1565049600,0.056482892795423685,1761490516.5599287,118562437.32904637
1565136000,0.053764486901642504,1669756002.070157,107284678.50501938
1565222400,0.051870009,1614046617.123798,99840621.62571305
1565308800,0.052513001,1634550495.5988474,113611883.54336438
1565395200,0.047608446,1480799454.9126983,98885536.97676484
1565481600,0.051977493522885866,1617713769.3221369,122064083.2
1565568000,0.055142334,1714947082.3845325,121512163.10952921
1565654400,0.052964319,1646774788.1645753,96213549.93362917
1565740800,0.052881837,1645456062.5378282,114096214.88935167
1565827200,0.046872256846815896,1456400422.7742314,125290248.07143985
1565913600,0.04754609,1477218184.4392877,102942548.59450716
1566000000,0.04667194,1451381909.2079942,99397950.14
1566086400,0.047370463,1473825286.9820056,90275825.09110437
1566172800,0.05066439,1574102763.856537,95155572.12
1566259200,0.050194544,1562503919.503494,93699314.14282824
1566345600,0.049183992081746314,1529354602.6006532,94178598.83667171
1566432000,0.047164803,1466956383.6728466,87401192.72974455
1566518400,0.049400805,1537475723.913196,110141050.5836043
1566604800,0.04970245,1547150136,79481151.89334819
1566691200,0.05016237,1562358446.8107417,282623830.3170906
1566777600,0.049450926,1538261850.534183,173255575.46409392
1566864000,0.0496065,1541925838,146395207.90987897
1566950400,0.049900656,1552533380.611005,65378430.064523615
1567036800,0.045968457,1429761076.5778046,153253060.25626767
1567123200,0.044607531,1394409839.708703,95120388.41742739
1567209600,0.044799463,1393356581.470645,115569760.95801897
1567296000,0.044880548452087936,1396454704.9680758,96161823.44197886
1567382400,0.044494427,1385327625.6654646,57516134.361344784
1567468800,0.045354229791424734,1409467876.7763908,72218997.65344046
1567555200,0.046599078,1450986674.4294012,90249150.32384387
1567641600,0.045420154,1413078045.9517365,68735197.41303329
1567728000,0.044424659,1381978247.8320377,77907028.33145447
1567814400,0.044309504591709646,1378821430.8564413,74245105.06182222
1567900800,0.045820841,1425532107.2667506,67058124.93614473
1567987200,0.046525765,1447219677.0790892,77249547.09945424
1568073600,0.046812260518715954,1458941923.408273,93849643.22445211
1568160000,0.046553438,1448065034.157536,78782522.44652644
1568246400,0.044897601,1396305546.5241103,80657521.28
1568332800,0.045334945419827265,1410382172.8827283,67160788.18941116
1568419200,0.045757684,1423985160.856117,67183583.02113278
1568505600,0.046453263,1446341381.0265086,86110562.96924484
1568592000,0.046636019949772525,1450964365.2016687,72942355.66157754
1568678400,0.047096485,1461137776.075673,81224163.15464924
1568764800,0.04900354,1526149911.3615851,126124778.95444794
1568851200,0.052793434,1643522854.9302623,207068652.7888454
1568937600,0.0525121,1632114826.8229513,182657805.8855778
1569024000,0.051982355,1615108505.646303,132064958.87925433
1569110400,0.051766192682133796,1611102077.6346533,106175294.6757798
1569196800,0.049224054,1531930997.040778,120575342.7443275
1569283200,0.046404579,1443968465.2254727,98946687.12533954
1569369600,0.038744916,1225092227.8553314,155075819.42614532
1569456000,0.039134452,1217544269.684497,177043303.34179452
1569542400,0.037974121649869325,1180556899.2261052,144468706.60128018
1569628800,0.039139464635006165,1217734494.835308,114031425.5848813
1569715200,0.038690642111289586,1203464965.327838,58647511.48034696
1569801600,0.037323732,1161234042.780787,63808867.85
1569888000,0.038790466,1206975603.0621076,79110816.02
1569974400,0.039347291,1224266015.213568,51808391.4
1570060800,0.039328027,1224952727.2988648,51613487.88675373
1570147200,0.039650599,1233789841.8282394,65257248.54635702
1570233600,0.03933978,1224796029.661497,64570276.78143775
1570320000,0.03966859,1233119018.3519022,54058205.98031183
1570406400,0.03887955,1209630555.1816316,54665474.760627605
1570492800,0.041318057854402464,1287728387.6484783,88147177.89194928
1570579200,0.041191998033769994,1281907528.935139,79990938.54765223
1570665600,0.042480724,1321858528.7891831,88561978.42
1570752000,0.041624969,1294889108.2642887,72632590.20551354
1570838400,0.040235605666570064,1251090236.224886,67125868.66385761
1570924800,0.04041953,1257456143.9126596,53975412.405433044
1571011200,0.041190202085297556,1279492204.8284326,53252173.95749166
1571097600,0.041645500694088976,1295121948.591349,56982292.81645836
1571184000,0.039663940953829815,1234126557.146604,66601561.60771834
1571270400,0.038577632,1200535132.0961378,68236067.47
1571356800,0.039306434,1222489144.976478,55851967.902620114
1571443200,0.038050611,1183634987.9531126,62072834.501719184
1571529600,0.038972906,1211994735.2326007,63601159.797879785
1571616000,0.039480393,1227582031.6869776,54084929.65328626
1571702400,0.039207768181643655,1220723254.8237329,51333971.333055876
1571788800,0.038693172114020916,1203682405.6434596,53449309.58769104
1571875200,0.036379233,1131390410.0459204,66873058.62582914
1571961600,0.037348785,1162070424.266179,61644667.542372905
1572048000,0.041097604308284304,1277391768.1890166,108314215.15643574
1572134400,0.040613505,1261609619.2205925,171918663.5903071
1572220800,0.04207839,1309163268.4999506,176984967.04304817
1572307200,0.042246654,1314837992.128115,147630658.13616166
1572393600,0.043310505,1345885735.814715,119288193.94765125
1572480000,0.041746574591392444,1297263669.6160228,127353940.02932036
1572566400,0.041361454729798124,1287621449.0400736,101243655.01168166
1572652800,0.042176822419817434,1312294401.0141115,93476399.24333604
1572739200,0.042456793,1321834293.815884,74317534.5
1572825600,0.041768965,1300808131,59951047.13638442
1572912000,0.043088185,1338384758.1926417,95175025.71042784
1572998400,0.044165155155295795,1374362634.9848526,120831629.96854767
1573084800,0.044783257163617994,1392436755.0392516,105252674.81313646
1573171200,0.043474332,1353314630.3875728,95888074.21440895
1573257600,0.042203306,1312721813.926848,99387230.81
1573344000,0.042399051627971224,1320943987.2525225,57474556.30237853
1573430400,0.043847504,1364204782.9383657,99321302.31
1573516800,0.04315162,1343614685.1535745,80737912.24969904
1573603200,0.043690321,1359677912.796593,109855547.83771579
1573689600,0.043330448,1351369472.6745732,63022983.63002251
1573776000,0.042844845,1333978840.8176098,80937398.91438219
1573862400,0.043954624,1366759618.587017,120671544.54513955
1573948800,0.043909482514101976,1366554608.161714,95450582.44784473
1574035200,0.045033533,1400571762.5136375,102350221.22118464
1574121600,0.043278683,1348449499.914028,154152294.01402864
1574208000,0.042139784236259845,1311073390.0363872,132260800.84795201
1574294400,0.040953342204618375,1274627700.6491709,105786730.86312884
1574380800,0.038455432,1197293798.0867438,96360358.51514904
1574467200,0.037105154,1151615885.6601617,133942535.31164193
1574553600,0.037901251811856156,1179646151.1412907,86528192.42531258
1574640000,0.035137306,1102455569.1194508,92249163.15254463
1574726400,0.035956369261980266,1119197323.3711565,135896470.90505925
1574812800,0.036674557,1142672382.6140885,83659522.72
1574899200,0.038830680754972834,1208912257,110213197.06484407
1574985600,0.039083871,1216816037.1991823,89245636.95339186
1575072000,0.041182255001463566,1281816022.040146,142009998.7708917
1575158400,0.040382584,1258035023.2854967,90495504.31897002
1575244800,0.039525782,1229284598.2944522,93450137.09
1575331200,0.038062279,1185865205.6776633,70629290.05765718
1575417600,0.037745739603044205,1177633030.040092,56477631.44900741
1575504000,0.037181515915395924,1159306728.950736,80033474.85342649
1575590400,0.037522206612805455,1169299358.0671742,65163354.214957625
1575676800,0.038151898,1184323443.6850717,59281438.50624685
1575763200,0.038430966,1193746417.3899724,62606285.82
1575849600,0.038668513328333716,1196679735.3589468,54771316.746112354
1575936000,0.037371451,1160997271.133843,65088912.02151464
1576022400,0.036405276,1133385166.2044854,65396271.632502384
1576108800,0.036541267,1137775736.0882568,134160553.15405174
1576195200,0.036442461,1137756552.5843792,89954575.04016536
1576281600,0.036982083,1158210725.367893,74714396.95628412
1576368000,0.036299305,1128679862.590201,72674288.88218616
1576454400,0.036394168,1132795997.2184882,50056573.46262565
1576540800,0.034151957,1062011785.5577179,74025717.55970578
1576627200,0.031781752,989191308.3605696,97334710.79952332
1576713600,0.034291358200694386,1068083106.4412538,109069993.1
1576800000,0.032983787593688675,1026352153.1014036,81170389.83155663
1576886400,0.033893001,1048367592.1627817,61402668.20395272
1576972800,0.033048291,1030544030.7430352,55938360.37047281
1577059200,0.034285074571728094,1061298045.9856023,64409137.01466533
1577145600,0.033123126636812175,1033228239.6644244,85193638.78288291
1577232000,0.033840226,1054407495.2988045,68580414.83404863
1577318400,0.033355781449359564,1037802115.7312418,54385023.57173904
1577404800,0.034110891,1060171042.1667273,73690494.15924156
1577491200,0.032982446135028154,1026165848.9635854,99254284.49069014
1577577600,0.03366922,1046323615.486571,63704963.157041386
1577664000,0.034117351,1062748397.837656,72542965.98571388
1577750400,0.033403846673479655,1038340931.7460395,65112671.40908683
1577836800,0.032911929,1020670721.3132111,78089757.05218825
1577923200,0.033361998,1038897513.3254246,74867841.21535505
1578009600,0.032617854913203397,1015100628.6069512,63835282.138862886
1578096000,0.033967371,1060794465.0376961,79167959.06649704
1578182400,0.034298311,1067105660.3890375,77918143.48363875
1578268800,0.034426974000458806,1069729851.7474385,48833556.38398183
1578355200,0.036998615,1150811966.6402338,77690490.90639412
1578441600,0.037000315,1151791408.0212848,109080768.02223112
1578528000,0.036225255,1130075028.1023777,97790326.68355764
1578614400,0.036068134,1120025309.4730992,73078880.79386607
1578700800,0.037044618,1142315528.2269332,89615189.15475553
1578787200,0.036442304,1140005583.9457119,103012026.66787285
1578873600,0.037372044999992096,1163393929,94947456.45599155
1578960000,0.036943142,1149509789.462297,92974481.83741905
1579046400,0.041285848,1277612922.8592856,211070204.09448826
1579132800,0.042411480438429544,1312253076.5911648,199275282.88421407
1579219200,0.041494773,1286089923.7849808,137032057.20058483
1579305600,0.044350182,1387851754.2258596,170585164.39829364
1579392000,0.044812672747495216,1398527687.6359637,156488786.0786448
1579478400,0.042465753,1324878584.1799922,140637820.3793592
1579564800,0.043205338,1347506112.4317157,122312691.01675929
1579651200,0.04564429,1415740558.2396002,144630468.9155506
1579737600,0.045344969,1410211923.8868139,106449100.50429538
1579824000,0.043384299,1348529123.6392128,110069027.1245324
1579910400,0.044452907,1382573985.2793734,114891800.48768374
1579996800,0.04354312,1359196362.9106963,88735590.60746145
1580083200,0.044372587590869254,1381689961.284705,98582263.15621679
1580169600,0.047306343705102775,1467722927.7963097,140901190.79711726
1580256000,0.052212215,1631232520.7140007,286197023.3930493
1580342400,0.05318319,1664173788.5694072,258344089.06002605
1580428800,0.055872899,1733739134.7114882,220132465.33669615
1580515200,0.053848765,1685694718.5613482,196053869.98830616
1580601600,0.055455548420960024,1727198232.6784198,159634518.7845942
1580688000,0.055766417933093095,1737643944.2078435,228621145.91299838
1580774400,0.056763986623298686,1765721504.768992,164518222.31100556
1580860800,0.055997104,1739481934.7636726,136675263.4672669
1580947200,0.058960992,1838841591,156637649.48422155
1581033600,0.059792837110445723,1859115447.0337157,159304871.65236646
1581120000,0.059774104,1859229765.536211,142690306.69238144
1581206400,0.060156511,1871644108.0753887,125903922.22559723
1581292800,0.061531455,1913377671.5720093,129259369.74149843
1581379200,0.060256186685248236,1874732871.0104687,130595621.54528481
1581465600,0.062889788,1953385977.428038,254958634.87714753
1581552000,0.067291852,2093147933.2551491,283365264.52459675
1581638400,0.0683653,2135939462.1188762,335446932.6789082
1581724800,0.070328564,2185247021.7657356,253062181.27208945
1581811200,0.064726127,2015733205.697893,242397210.9390732
1581897600,0.062857109,1964825566.136611,277034923.6330006
1581984000,0.060451761,1871133461.921064,272004390.5090292
1582070400,0.062547059,1952625493.4504642,251750540.3256694
1582156800,0.058181711,1821759622.8737004,228558898.74390647
1582243200,0.057775657,1802782690.6268592,263452977.34373838
1582329600,0.058658228,1829056816.1944566,230599472.21814504
1582416000,0.058393923,1811388698.1183252,166718271.37555096
1582502400,0.060734563,1886303219.5727327,232674655.60882208
1582588800,0.059358856,1843271731.5724761,254977199.08552107
1582675200,0.056625024,1763321340.7663302,223975114.0341601
1582761600,0.050644656,1578309017.5664997,274099295.5684429
1582848000,0.049602674255913366,1546750720.8339329,209902464.90978274
1582934400,0.048926399932164466,1531950187.0796108,195936467.4850897
1583020800,0.047364175,1481631103.8686461,120953605.76956655
1583107200,0.046172079440448384,1435816109.7772639,124670458.46928771
1583193600,0.048794270674382634,1515782622.4162924,141670557.78046253
1583280000,0.048648115,1516016247.2014577,150407091.0070928
1583366400,0.04889846,1519410636.5864627,170344689.4210829
1583452800,0.050870677,1581607337.8214996,142091918.55701336
1583539200,0.051380435471976016,1595164988.848021,136293489.32336417
1583625600,0.049239965,1530117969.709145,125016889.24696535
1583712000,0.04328449,1340799680.8298566,145742667.2924989
1583798400,0.041617237,1295651579.797846,166720941.06616473
1583884800,0.041398227,1292352733.1622233,140500959.2
1583971200,0.040066910703005464,1244090560.1131132,131897068.04937842
1584057600,0.023715965392713114,733569243.5,211978802.34647855
1584144000,0.028339513929699127,867613747.6483233,289676259.7783371
1584230400,0.026047698238738294,807435012.8,97926867.78153749
1584316800,0.026756995277093912,840720328.3685061,98577461.91335168
1584403200,0.024346526372750345,760151209.7313702,136720716.22836453
1584489600,0.025700793838345847,808050684.4755495,106703913.57145049
1584576000,0.025837921,802095050.1562663,107356169.80102359
1584662400,0.030025358670093035,941233082.8972982,154960081.1018546
1584748800,0.029563156863756747,919791612.6769139,183999555.67569378
1584835200,0.029209667,908484606.0452231,124168282.90695898
1584921600,0.027299338945898356,849511432.2,107973019.0664643
1585008000,0.029350724334646947,908533571,122524431.85149188
1585094400,0.030292189964117498,941771018.3,115754274.56160042
1585180800,0.029553286311834504,917066394.5762807,107760572.34855449
1585267200,0.030279069890362973,942093594.8317127,104078533.85891877
1585353600,0.029051152675985865,889441790.7864816,102692751.71481489
1585440000,0.029258974440926674,910287954.9100559,105439265.1832665
1585526400,0.02813465,878075726.9380016,87505944.23006178
1585612800,0.029919979067588413,933379645.6,104645794.60082452
1585699200,0.030115490879317953,936797188.3532804,99418401.81975324
1585785600,0.031124362,962162504.9505062,115117998.29999544
1585872000,0.031923831,988387669.9,133807050.54801992
1585958400,0.031900341,993528047.3070283,110357362.06716399
1586044800,0.032559946978819546,1008514394.782506,111823144.80252229
1586131200,0.031901156,992177656.8468996,83582839.87744893
1586217600,0.03515264,1087744924.0649166,147918099.22194624
1586304000,0.035176992,1093112390.5366335,151556119.30055967
1586390400,0.036138737022157766,1125589634.1122746,163870561.3873363
1586476800,0.036238749,1124830313.068581,136962104.9231875
1586563200,0.033550894,1042324486.8363525,161039582.5086103
1586649600,0.033337716,1036932847.9369895,115182655.42002322
1586736000,0.033502825,1052967605.8577962,109412693.21393186
1586822400,0.033164582986299866,1031622714.6329374,127857134.59532972
1586908800,0.033087641,1029361971.9261676,110605528.21767302
1586995200,0.031854947221113185,990994166.1756727,100008952.07804196
1587081600,0.034215732,1065455000.8551606,162619038.51849556
1587168000,0.034226800145962986,1072544970.1671038,117736903.4795713
1587254400,0.036171351,1125561442.4306724,140344430.95982692
1587340800,0.035764469,1112887291.744702,136449252.0886971
1587427200,0.034035708,1059941619.8015928,140386733.6710988
1587513600,0.034321463320175806,1068102318.6141045,128811222.5384038
1587600000,0.036251791946901056,1128863796.6415317,124398269.13030894
1587686400,0.039865159,1237524241.1413789,275173060.4726024
1587772800,0.041376312,1287837852.5131044,286509553.7
1587859200,0.042297048210688984,1314141666.608814,176658780.9233021
1587945600,0.045321212289281494,1406406547.1182647,250469497.7716724
1588032000,0.046261318,1438680078.426845,258539530.39115593
1588118400,0.046834189,1455268758.2068086,206025566.52261925
1588204800,0.051480046,1598493713.607464,350212135.00092226
1588291200,0.048008344969066724,1509035250.6732063,396920531.1840506
1588377600,0.050066837336214594,1564928493.749928,213075526.71172062
1588464000,0.050944071063612976,1584170530.4296594,169289444.96704793
1588550400,0.049620875210238974,1543247891.9871194,184667536.37086114
1588636800,0.049330563,1527729042.7245958,219399163.48202986
1588723200,0.049433544,1533996522.1669567,170783705.1971681
1588809600,0.049848709941183324,1560725268,170062853.5441525
1588896000,0.051670277,1610767596.894198,191858931.87592375
1588982400,0.051289723792858684,1602956355.8316674,218227143.14994904
1589068800,0.051110669967212946,1594290128.9509044,184494302.32278898
1589155200,0.047632324,1484807886.2269833,278084415.5031474
1589241600,0.047783579,1488233874.653894,252481674.0902711
1589328000,0.04986014,1547574497.7141073,215164699.56173727
1589414400,0.051907339,1611195935.6755216,187868068.47322673
1589500800,0.052328977,1622873217.297105,151357757.55735683
1589587200,0.049655916,1545526669.7898161,139782173.01519644
1589673600,0.050789555,1580302434.744492,126071103.86946365
1589760000,0.051874033349081826,1613996775.979502,115579145.64655124
1589846400,0.053301652,1656590740.9629886,185350802.40665573
1589932800,0.055955048,1739159666.9690204,187764434.93610883
1590019200,0.056296412,1751521240.216605,202446637.71215114
1590105600,0.05255605,1639420156.4212704,232919935.6227309
1590192000,0.054580987,1698293632.3563223,185615336.25988722
1590278400,0.055028978,1714880556.6058505,127428419.32540467
1590364800,0.051658134,1615330815.8356543,105461558.65782166
1590451200,0.053459122,1662876283.1969876,181811841.10831824
1590537600,0.053489647699239654,1660213375.346349,161611425.73718694
1590624000,0.055131898,1716081188.5154953,189893992.98905334
1590710400,0.063181704,1965480006.5936985,372917376.3948492
1590796800,0.064406271,2009870099.4791422,416498091.00141424
1590883200,0.075151739,2349213951.9981914,608232672.4572831
1590969600,0.07445057,2293903473.158277,890049224.2352833
1591056000,0.080764819,2512794186.9289203,721638304.9515578
1591142400,0.078459642,2441074404.0458746,609498641.1541597
1591228800,0.084601757,2627991676.940459,591308386.1160113
1591315200,0.087593182,2717552835.086165,523154541.0113266
1591401600,0.08521898,2651374213.0473104,409862454.04093415
1591488000,0.086176354,2681160483.6159935,269293377.5268906
1591574400,0.086404042,2675984488.5436773,373943526.8493118
1591660800,0.086458669,2689772252.6651335,280640845.2374552
1591747200,0.083127072,2591936050.9222493,278434928.6379766
1591833600,0.083570722,2595603409.891679,400552079.7222123
1591920000,0.075477952,2342819639.6444817,392139007.5701582
1592006400,0.079414306,2466658231.314434,316486518.03738123
1592092800,0.078961918,2443676758.616384,230572695.56959432
1592179200,0.076496849,2380268832.0011644,197636305.95442638
1592265600,0.078264638,2446394197,388081290.1
1592352000,0.078943697,2454979752.6937966,289705109.8098347
1592438400,0.083356556,2593429578.1188574,359419229.5146788
1592524800,0.082059137,2556673302.3713875,307344572.7556305
1592611200,0.079767384,2478607966.5899997,270047826.89984494
1592697600,0.079353607,2467040605.7434883,230329244.57024762
1592784000,0.078341017,2436971270.8879666,224072749.58957627
1592870400,0.083609345,2603822156.6133556,273172323.0003148
1592956800,0.082764963,2572303251.5687094,246206144.0713512
1593043200,0.082502486,2573306719.7848144,371569603.9348565
1593129600,0.081623442,2540498716.547023,269825228.4688815
1593216000,0.080632903,2509415525.2222447,233820453.33095145
1593302400,0.077454772,2411643666.427381,219669559.82550943
1593388800,0.080320491,2494920752.549869,264994501.71835187
1593475200,0.083778237,2605637535.7718596,342564753.2226276
1593561600,0.083107697,2585686956.799616,267609405.34645832
1593648000,0.096098826,2989873243.123106,499091138.2902844
1593734400,0.093248664,2900999074.902517,491140919.5879853
1593820800,0.096275434,2993888384.7179904,526680394.6547377
1593907200,0.0996938,3095933297.1856313,400371435.8334179
1593993600,0.098325631,3059154693.6484265,346363919.1965679
1594080000,0.1053035083626078,3259049437.150048,436788456.6941107
1594166400,0.11760844945010313,3654326777.084032,679767221.4024912
1594252800,0.1298804110538667,4047779024.612315,1307477330.2469726
1594339200,0.12394192954780256,3851949196.3499866,782809685.2587869
1594425600,0.11844083928628071,3686816739.9358172,631945552.3
1594512000,0.12542533761849164,3902938565.7681155,510001724.34463376
1594598400,0.1268783734434242,3940493164.5851674,464305800.57238626
1594684800,0.12428834021463325,3860263067.875514,675300170.1615462
1594771200,0.13208128069379993,4109376817.6098657,567252700.2335236
1594857600,0.13044721590639485,4058537002.001158,410697605.82639164
1594944000,0.12597459085630233,3922040766.807748,543327339
1595030400,0.12261975823084438,3815026554.4500537,332328276.11354834
1595116800,0.12263502818711443,3816714933.176347,314371025.11494154
1595203200,0.12398989746577355,3863193163.445181,308373230.99211067
1595289600,0.11785394775122499,3663508639.979351,306182004.66044587
1595376000,0.12295235527435235,3820997387.140959,339573227.75766385
1595462400,0.1237827759439597,3853629978.659791,244764116.64935583
1595548800,0.12405530009127375,3859668619.3446755,297997215.64012367
1595635200,0.12196350601214086,3795362719.226924,287737557.7596631
1595721600,0.14336838253068768,4470685732.495006,686218774.3565013
1595808000,0.14835594634623203,4627376307.437361,844199808.8
1595894400,0.13793351401607168,4286659873.6729145,873873656.5499583
1595980800,0.14825503834148304,4603937359.100889,696233206.7
1596067200,0.13964887973262488,4338588502.703453,506618734.70375067
1596153600,0.1408995400024149,4394189964.576714,333709527.12414783
1596240000,0.13914532295246507,4329088644.234307,291750874.0171488
1596326400,0.14481025934661704,4529471957.019714,438971971.08141124
1596412800,0.13373233004057936,4156096583.6743875,457580728.09997755
1596499200,0.13701513906207086,4248409546.871284,312669927.45773226
1596585600,0.1427635983040935,4454678918,439624545.4251343
1596672000,0.14254911094068604,4435057025.443044,346798168.7821568
1596758400,0.143830276,4463508629.805966,362682786.1467749
1596844800,0.13864502806327936,4327356442.590802,801492250.0013596
1596931200,0.14572113584329605,4530579889.769632,404731743.4717907
1597017600,0.14490166488746986,4508250823.991244,612633435.1084224
1597104000,0.14330600013150213,4459057584.433129,588680543.9362705
1597190400,0.13709153191550913,4273617992.5690827,832571102.3264793
1597276800,0.13654137240996128,4248207279.3764014,412298624.76101035
1597363200,0.13934430136552997,4324827540.3320465,429550504.6006851
1597449600,0.13825948705473937,4301596168.154415,458978629.78861475
1597536000,0.13823721599011335,4293392018.412791,454859334.04595596
1597622400,0.13876880982976605,4317442465.172292,412928069.04203683
1597708800,0.14066093296166526,4373590696.612064,550014396.0623504
1597795200,0.13702646573422966,4251110381.6482053,489748686.65121776
1597881600,0.12943229880582274,4031820062.1498275,490727213.1136873
1597968000,0.1342025581766098,4121466418.821199,410697982.5
1598054400,0.12261719847765214,3804306212.9732656,472861750.9388768
1598140800,0.12531555685950455,3895011240.501409,436863558.43138355
1598227200,0.12160888158106746,3785715669.018159,393530785.7774772
1598313600,0.12369254695958502,3855071339.437391,406394741.1841569
1598400000,0.11263109834364941,3504233317.878908,498886621.43977463
1598486400,0.1144606140436145,3561449684,448522382.0338251
1598572800,0.10683596306265304,3318730028.135312,445998081.72096795
1598659200,0.10921266508420925,3399180375.132592,372495384.20571584
1598745600,0.1166042236595269,3627847118.2657804,361328837.3964716
1598832000,0.11720776600238383,3644289688.9773984,380535420.5953276
1598918400,0.12213967054745463,3800068624.5751796,462276340.2
1599004800,0.12445625402929679,3897283726.8503413,492424473.2869551
1599091200,0.11549344683669856,3592445420.136127,403602179.37055224
1599177600,0.095058796,2964196395.4695144,447179060.00669384
1599264000,0.10313467948399978,3212415575.1961985,432365099.0404522
1599350400,0.090438161,2813755887.7479177,316776337.67474675
1599436800,0.092969282,2892505366.7381506,333667094.66473097
1599523200,0.093173875,2899784537.5109377,322785626.06581837
1599609600,0.091256036,2834060081.1789083,513444901.65842754
1599696000,0.093253092,2900610470.196581,522884301.9
1599782400,0.09706045,3017276701.5456457,673573014.1854858
1599868800,0.096917051,3021670767.4658203,658363819.7056384
1599955200,0.097661003,3035646274.926691,616070407.8229095
1600041600,0.095019206,2958040571.6542745,640311191.9
1600128000,0.096864447,3009809612.976871,734506817.1708077
1600214400,0.093398151,2907122714.2202334,678077442.8
1600300800,0.091294712,2842675715.2577634,681410813.8679094
1600387200,0.094035979,2926254190.2876606,655152123.8
1600473600,0.090861064,2816775563.1351695,585526141.4
1600560000,0.091567762,2849152837.374013,551088156.8335764
1600646400,0.089246044,2788163196.0504737,560728729.5
1600732800,0.08036695,2513123717.740511,504270732.8337734
1600819200,0.081443098,2528466247.7737017,359254513.48018813
1600905600,0.076627718,2387518228.7759247,339256966.55460995
1600992000,0.082606692,2577652813.892889,404377685.7949588
1601078400,0.096791129,2988519166.609257,591858440.5
1601164800,0.095735097,2980675759.2437825,444216426.15245867
1601251200,0.1013519284525498,3144513591.4589434,483494711.89665884
1601337600,0.10010350475850928,3120734575.135007,518815539.50262606
1601424000,0.10127070801967165,3152600659.3929806,483215932.46241975
1601510400,0.10104054643998467,3144236576.3845696,419980897.9124919
1601596800,0.098066715,3040403789.1582937,461060573.7791146
1601683200,0.092841002,2885309499.1712523,500670142.14554775
1601769600,0.093308169,2907434494.3256884,367633066.8755187
1601856000,0.097191809,3028016017.7052183,377484663.2067583
1601942400,0.09741457,3029338348.925971,392793305.81995714
1602028800,0.092842318,2881941763.165958,413991398.2598028
1602115200,0.093561087,2911910358.548028,366881297.85094917
1602201600,0.096232421,2980626238.306129,439008699.1117877
1602288000,0.10190332726907707,3171112779.3086333,501320948.7358257
1602374400,0.10496844022812941,3266374619,591635072.9813927
1602460800,0.10630428637650947,3309735191.892124,497461943.0290268
1602547200,0.10979372195623706,3415553093.5649824,564323082.8
1602633600,0.10903356749862499,3395519136.054972,577952326.4607311
1602720000,0.10751534652143115,3345133523.040711,505567704.7
1602806400,0.106442167,3314465964.1973443,387251336.26303244
1602892800,0.10407566612724076,3242001672.5357227,391236816.54475147
1602979200,0.10605877277799808,3299812046.191445,345640059.1338731
1603065600,0.10747169602209264,3341653969.4353824,330911336.0415344
1603152000,0.10882093969874612,3394722568.4050484,321415067.3472182
1603238400,0.10227179791615577,3169112634.1794686,343169733.25904137
1603324800,0.10578746134929869,3272372921.7538567,367380015.64185345
1603411200,0.11035608652226102,3436167993,462511505.5980058
1603497600,0.10793430919151047,3357855075.6474686,519972088.3
1603584000,0.10797112088057405,3365354295.5736313,421211790.6869996
1603670400,0.10627152675491035,3307344837.3174677,356841711.5847065
1603756800,0.10326744484141924,3213691939.610697,424406451.70942605
1603843200,0.10268695013235878,3199657282.2722807,448476360.2876179
1603929600,0.098944403,3079262919.9220114,464168577.06962794
1604016000,0.095266561,2971056454.1566663,469593310.85642457
1604102400,0.093190459,2901306193.740376,466949288.15202785
1604188800,0.092869593,2891746978.3344765,367673987.30852777
1604275200,0.09774699,3039022598.4583726,337986284.85601556
1604361600,0.092453154,2886892759.1970754,385193189.8026816
1604448000,0.093631081,2910039543.7584257,401038375.49005526
1604534400,0.095377438,2966611626.028475,439427002.4500292
1604620800,0.097505823,3031965032.516879,419487840.1693913
1604707200,0.10889010252200101,3390614216.4065733,584959788.1
1604793600,0.10135335959810736,3164398837.1457458,648559415.7609546
1604880000,0.10639524787907102,3319828324.180393,460824005.01438826
1604966400,0.10536606593238362,3276824107.2011204,518814683.6
1605052800,0.10562814231721475,3287678333.8982983,461012942.8182344
1605139200,0.10580327053440874,3290905250.2840614,433570799.79642636
1605225600,0.10437917506429249,3255081954.2599535,415958086.93706274
1605312000,0.10630123438366175,3303659619,370453034.9351433
1605398400,0.10430680876088493,3248323140.867968,372055933.6183114
1605484800,0.10073652624425576,3131952630.209737,308740738.19558537
1605571200,0.10390459523039743,3234662117.379182,320419642.1751361
1605657600,0.1094852464363196,3406699744.0108113,486808926.93785644
1605744000,0.10676304287616935,3322010614.4006176,513742217.2678046
1605830400,0.10580308745480436,3287796634.8237433,412896181.4716239
1605916800,0.1176356652567512,3656423579.4556055,531264881.5551002
1606003200,0.13273132188323303,4131921042.5383058,1080788757.979167
1606089600,0.14527293189697002,4550731601.272364,1813283784.396652
1606176000,0.15357163877237542,4725945643.464689,1583345915.5301619
1606262400,0.1667999803907806,5164269458.973527,2041517251.6236877
1606348800,0.155687563,4799088754.203451,1262110958.146395
1606435200,0.13746123800447346,4276578257.518473,1613109992
1606521600,0.14063947526168993,4346114303.807067,1075587570.2617993
1606608000,0.16471768109030216,5124805753.783806,1570661467.2723396
1606694400,0.16640238714566252,5139050069.158035,1365586028.7531896
1606780800,0.17050059426844394,5342764712.853764,1526479658.4557934
1606867200,0.15621673213950765,4854424503.989222,1454582580.9315655
1606953600,0.1589713044398139,4950496021.080942,994449650.2761081
1607040000,0.1640449778416628,5107837396.333952,931561938.4452968
1607126400,0.14905487309269666,4656623259.718898,830109788.0663507
1607212800,0.1595540768382783,4964123765.837638,778434830.3889816
1607299200,0.15864407111439532,4938964909.5133095,692494525.0386924
1607385600,0.1541612220757159,4801963855.153406,606007826.4647386
1607472000,0.14134787188137238,4408953009.352381,718397782.5602969
1607558400,0.14824925464106553,4620145846.073955,969492620.0851438
1607644800,0.1421819715953808,4434444965.111156,638228958.8694761
1607731200,0.13970144,4345977281.986709,639787380.1555443
1607817600,0.14423279338740513,4511333180.892174,498536611.5718096
1607904000,0.15385145330936753,4786994113.813852,624725108.4915521
1607990400,0.1577037017752295,4907167387.663916,569643692.7139974
1608076800,0.15412399322845466,4796722199.956819,574321991.1026425
1608163200,0.1676352256301242,5183351482.887074,863422173.3245958
1608249600,0.16336554662335556,5078894515,955148307.3482299
1608336000,0.16497009597169981,5113106177,935714849.6061821
1608422400,0.16472587158747462,5135263166.305007,569726214.4550376
1608508800,0.16204943128942723,5040227717.544842,622833650.9633231
1608595200,0.15369140336200576,4777223035.782049,838303952.7025075
1608681600,0.15707978399473488,4872658288.604781,992545291.2040076
1608768000,0.1384300242564514,4367651955.025395,1136208021.3378723
1608854400,0.15286836000591694,4755514900.781895,1237242191.7587464
1608940800,0.15734710950345682,4902726521.418645,979948988.0898074
1609027200,0.15833088439062232,4921659619.155688,1024574835.8838996
1609113600,0.1549701235272453,4874263848.091413,1278813155.9527574
1609200000,0.1776971739574475,5510916587,1485346338.5519643
1609286400,0.1928756629935067,5977650580.589258,2524633061.7922616
1609372800,0.18449303575089104,5728871576.204359,1624809767.3045118
1609459200,0.18207113290025115,5664962992.375575,1053156167.9431827
1609545600,0.17567857930628164,5459442449.830887,1058190761.3908306
1609632000,0.17818495253814118,5541071871.348484,1247682980.6516886
1609718400,0.20503724018152042,6478554204.432761,2068192817.4392385
1609804800,0.2188884921904594,6776976218.184067,2846810326.926629
1609891200,0.2592124040314695,8086992388.5403805,3367998095.423193
1609977600,0.33184097349646713,10274502269.983538,5744644250.202653
1610064000,0.3005428519135833,9271209680,3771312674.734168
1610150400,0.30794772938923115,9486227623.151382,3852929126.9059505
1610236800,0.33306999365805395,10474851603.194075,2824226312.9284153
1610323200,0.306214441,9547696166.484125,2905060003.694079
1610409600,0.27651184814117397,8567295374.420918,3667755701.884773
1610496000,0.287840176,8919293655,3199211911.135686
1610582400,0.31134991468664336,9668965191.987007,2101875653.5599017
1610668800,0.3101366394448269,9607023622.828886,2179071320.3087335
1610755200,0.30257532244161894,9452716399.649153,2565853415.468592
1610841600,0.3522503951510311,10974418960.154127,4537543259.394854
1610928000,0.37968796024672974,11944120204.049417,5632481727.628044
1611014400,0.3696509940325456,11556220463.724558,3594501559.179449
1611100800,0.3693457419983242,11583747204.108196,2957432002.378526
1611187200,0.3763115739575005,11629239817.496456,3314777145.018924
1611273600,0.311240183,9813434945.822624,3158075594.9716253
1611360000,0.3511613639040078,10808585450.780878,4093983206.349115
1611446400,0.3464554739144793,10775451797.658688,2968549141.6525126
1611532800,0.35209629856051367,10907245699.203642,2870391825.2037973
1611619200,0.3443612535369296,10718641448.677244,2239860916.453625
1611705600,0.34389780984225143,10707255441.64569,1848031728.9798493
1611792000,0.3123153604650019,9653513519,1845484838.6889033
1611878400,0.34463217359695725,10775736944.967438,2103438290.658315
1611964800,0.3475197098777403,10870768823.23515,2586671468.5068235
1612051200,0.36048067269930434,11492910452.930855,2354964351.045102
1612137600,0.34567339342407216,11024882710.653038,1922223620.153523
1612224000,0.4014135429277523,12802876639.677765,3203513341.743772
1612310400,0.42529320536520604,13649744226,5151435047.757959
1612396800,0.44121581461457365,14046780963.90513,2963647375.4718184
1612483200,0.4415987967960127,14124867498.632465,2526990155.5630846
1612569600,0.5385518589400373,17202094510.163548,5138347917.095156
1612656000,0.626356974,19854979470.033638,6225004470
1612742400,0.6594719394352474,20910050886.32516,8483795430.597777
1612828800,0.6873068371578556,21857345265.124405,6526446442.153341
1612915200,0.7059190563060789,22537176367.01823,4430904463.339153
1613001600,0.9239854497397343,29471024411.441452,10892994885.217123
1613088000,0.927712152,29490259208.42937,7257994780.916856
1613174400,0.9232752043586164,29484763500.13651,5275893428.661645
1613260800,0.9039954754716988,28898521927.17186,4440592841.183854
1613347200,0.8503794813667799,27180580246.00645,4315179193.353438
1613433600,0.8600617955345385,27363016264.865456,6170566197.389213
1613520000,0.8746051613561255,27928267753.64383,4708239792.834361
1613606400,0.8887320746562535,28374309990.04283,4147966953.0311294
1613692800,0.9127152054579659,29081988032.46847,4727330677.658762
1613779200,0.9331549494994794,29861793769.83866,4500915018.129318
1613865600,1.125679550953505,35319686744.70111,10595397192.580061
1613952000,1.1045825826681024,35410060966.21958,6593642966.007436
1614038400,1.1031371687829759,35028892675.36006,9804462887.606747
1614124800,0.9557803324164977,30289508304.79003,9841922168.551193
1614211200,1.0588493273684532,33843111261,7999062191.744385
1614297600,1.0769141206846373,35020140016,7725767289.384969
1614384000,1.2450616886921637,39925051371.214134,13328352966.640017
1614470400,1.3428086739147602,42146907598.95325,17436012662.324448
1614556800,1.3032197936512573,42022774483.531845,14237710595.243414
1614643200,1.3028526075622868,41594037335.68449,9327929929.517141
1614729600,1.228823419292327,39334338629.338974,6918648225.014435
1614816000,1.2196969639873494,39107972070.42584,4665067737.673394
1614902400,1.1178174311813185,35699298071.869316,6490723520.273779
1614988800,1.1647617398711405,37171491761.50835,6987637522.385762
1615075200,1.132986057016409,36209341046.99843,4637649584.631506
1615161600,1.1368141994089112,36237342226.55843,4460411320.369372
1615248000,1.1233299872828357,35980627649.90802,3837785843.2315207
1615334400,1.1887464492963455,37935761722.85194,5116872043.446383
1615420800,1.1354441106096025,36408738227.808464,4232588270.295405
1615507200,1.1282646217609689,35855208322.38496,3648463949.8036437
1615593600,1.0366312750554578,33152429641.02667,4091220904.183962
1615680000,1.1022266932718396,35195036232.59664,5574966052.413064
1615766400,1.0647770640531313,34009748229.638126,3873912799.3651237
1615852800,1.0313636409049007,33196924181.247555,4425930270.171271
1615939200,1.2457256808694213,39776083076.15777,8556622752.392891
1616025600,1.3830039530574736,44206349365.28759,9359322304
1616112000,1.2367141494244955,39635535373.70477,10308489296.444132
1616198400,1.3019540528542999,41583044699.256805,7537246767.764254
1616284800,1.207425303,38792953193.45229,4331034923.459506
1616371200,1.1892303146494605,38071795657.28376,3952826743.0277476
1616457600,1.1068807388708692,35708026844.135155,4024094759.5586314
1616544000,1.127048197620845,36009559805.77391,4313834035.689378
1616630400,1.0614525089773315,34095874084.32727,3509101233.2573314
1616716800,1.0970046944351481,35106594429,5128067561.773247
1616803200,1.2125889914628833,38738000195.67598,5832300810.015615
1616889600,1.177853606059956,37797370711.05132,3239161162.132824
1616976000,1.1911259337144882,38106805966.64899,2864842098.687992
1617062400,1.2009593992210437,38374558120.76606,2974754356.4936566
1617148800,1.2113713624549767,38747164636.98202,2870621694.791581
1617235200,1.1921924669843982,38261200550.94287,3359856102.2954535
1617321600,1.1834326364912569,37885255531.37811,2627207220.4541893
1617408000,1.190365048482589,38175120188.83439,3115355141.807112
1617494400,1.1657363156624991,37354800049.67576,3541823026.093735
1617580800,1.1834195167997104,37920229258.21521,2514927782.5973244
1617667200,1.2138169649551138,38866154208.52337,3093929482.2078247
1617753600,1.255331700688716,40174301241.53415,5716309191.912532
1617840000,1.1771597102783828,37822168969.25518,4444431697.675934
1617926400,1.2299092109601504,39107779970.63151,2806106617.456021
1618012800,1.2043891358213494,38573434366.33114,2057819055.5512838
1618099200,1.2177235066359833,39035365860.85623,2638775983.397099
1618185600,1.2648247544248652,40619405204.806305,3796665567.7416997
1618272000,1.3197904293394769,42234834334.01434,5005257550
1618358400,1.4224471217489127,45655290039.766235,5693372727.996346
1618444800,1.4561052030119335,46765701663.37855,8920292802.393194
1618531200,1.4780712966375846,47301179157.60043,5151594795.370427
1618617600,1.4124246290475462,45346591335.34033,5343342941.514916
1618704000,1.3738415612752395,44131641786,3533425467.4880667
1618790400,1.2783030449596209,41009185396.83256,6558115732.141546
1618876800,1.194858148474349,38453861925,5343870506.968918
1618963200,1.2597323605466642,40395164223.48392,4665784591.156305
1619049600,1.2092168286239078,39015254845.144424,4004683213.2318196
1619136000,1.1491945493673954,37047031960.802864,4514691271.886562
1619222400,1.1566286917601423,36959022892.478065,6942995842.019251
1619308800,1.1110808206966274,35760855209.77632,3606271585.3864164
1619395200,1.0846330548696723,34763368261.886925,2419295811.1461678
1619481600,1.2346524846888531,39598607716.19428,3178691426.014838
1619568000,1.3051147413790254,41847738398.14531,2912984035.0225954
1619654400,1.333556355988168,42696322872.49632,3050358135.8497744
1619740800,1.3151260010143138,42218008953.63177,3877408673.9024854
1619827200,1.353730164193398,43251677970.27558,2888334738.613848
1619913600,1.3537288097536035,43444753836,2277071478.8724656
1620000000,1.3280888220098832,42540495719.34877,2419782286.297781
1620086400,1.359142632925402,43592074191,2913495465.733681
1620172800,1.2779659806591444,41326027055.914055,4021089366.483399
1620259200,1.4802017889602712,47368113642.07222,5144102154
1620345600,1.6581492633491175,53360219299.96424,10492098698.61079
1620432000,1.651883984389271,52795204748.10216,7524037592.658627
1620518400,1.6160806488867332,51816643346.55726,4553766443.703337
1620604800,1.7740322694519541,56886811810.61856,8212379684.490413
1620691200,1.6511431667688945,53022907919.888756,6748208558.615174
1620777600,1.767170172938632,56422785745.776566,6105158952.820243
1620864000,1.5682193343010113,52518502552.04381,6057046769.923359
1620950400,1.9425928379832862,61871354957.58372,14773012317.768757
1621036800,2.0084971185028992,64384940507.746376,7649125188.422863
1621123200,2.1709620318261655,69699933668.58269,14459264755.745365
1621209600,2.286208576781481,73310457373,12715835565.618893
1621296000,2.030657878,65556125527,11269771320.783789
1621382400,2.0127268590572336,64019956901.87918,7411999746.111534
1621468800,1.5173694336333208,49217494677.799675,15193692115.73034
1621555200,1.7936575361351923,57492844768.25934,11328190220
1621641600,1.547123576365413,49480611260.99869,8942198417.085451
1621728000,1.468935108,47192676745.010704,6665471245.216616
1621814400,1.328818071,42338798442.81028,8825869340.678139
1621900800,1.543146196143331,49369920022.31968,7596677080.276528
1621987200,1.5463792548176887,49752398756.771515,6199929363.120314
1622073600,1.7772759637277098,56286220346.17397,7062731108.257343
1622160000,1.6505212051376155,52918832311.84861,5001134793.944588
1622246400,1.5153831388326355,48592867742.133995,6010450897.064002
1622332800,1.4156847474142424,45847843415.41005,4862190052.972614
1622419200,1.576846577725261,50414535804.046684,5832058168.471965
1622505600,1.7438235627778673,55918127620.81978,5422971273.521189
1622592000,1.7383409999107473,55963404595.855385,4995661237.237114
1622678400,1.7580638632608245,56498220769.12978,4311239392.211899
1622764800,1.8410805442290892,59303621530.36588,4342198250.214024
1622851200,1.7101556197648238,54766548459.83093,5266527710.251919
1622937600,1.6590579060151422,53079740992.93282,3816423285.674355
1623024000,1.6806272700500997,53706185453.487305,2437926136.960906
1623110400,1.553099912971366,50652944662.73067,3066840697.304516
1623196800,1.5814104630520178,50730179591.30335,5159314256.682839
1623283200,1.6219127316031021,52340455015.04023,4346881435.235965
1623369600,1.5319682068049147,49447857410.75654,3410895121.6109767
1623456000,1.4373236110221328,45933166629.68729,3307214954.8985147
1623542400,1.4829614857601388,47714205696.99503,3828434533.0366774
1623628800,1.5668237245333339,49941414967.86893,4079349030.4608793
1623715200,1.5744303353837603,50416308305.58743,3516582796.262262
1623801600,1.5665343287257434,50391529523.78449,3023834612.6468573
1623888000,1.4796210209140048,47393590799.99285,2880220476.455556
1623974400,1.4874866373296805,47463238825.42096,2431459358.440172
1624060800,1.419139968156482,45667095006.09383,2844133200.7520547
1624147200,1.390227052457961,44642873230.46928,2406414533.2015376
1624233600,1.4346691385403145,45996656094.16985,3106578340.143883
1624320000,1.1831495335156843,38411041505.36854,4894085554.788768
1624406400,1.147977647629035,36599473846.52675,6862558968.591642
1624492800,1.2483605486687026,40049997236.55031,5017951872.054881
1624579200,1.3566973909443236,43522679454.58298,4220112004.009327
1624665600,1.276922563262108,41018597317.67341,5197249259.983488
1624752000,1.248080657285364,39931840010.70645,4299368464.203454
1624838400,1.3425243876590351,43083374226.38429,3290563251.0021324
1624924800,1.3318537800819263,42550282680.16134,3158547739.8562355
1625011200,1.3712344901616829,44142782696.44864,3523964121.8587456
1625097600,1.3851628348268006,44441813699,3404132646.2704053
1625184000,1.337624786685416,43098347951.71951,3076399891.306128
1625270400,1.3950917178971345,44559309654.74349,3183425155.5044465
1625356800,1.4096155624434996,45058814114.29131,2665125395.726841
1625443200,1.456686545,46894582606.130684,2209143952.0122385
1625529600,1.4148843591874958,45513662281.025055,2786935974.3858023
1625616000,1.4136635303619376,45323751370.75257,2379438477.4871144
1625702400,1.4019197477829792,44945443131,1573433402.0584161
1625788800,1.3468246740938277,43210231184.62015,1527044342.9127152
1625875200,1.3563414559246603,43482946015,1433266560.020062
1625961600,1.3414118788967055,43008320824.210785,1016273066.9652808
1626048000,1.3486761116535069,43253582168,799297957.4044218
1626134400,1.3197392357531657,42295830265.097374,1206400014.5153422
1626220800,1.264671768275158,40565438397.05403,1116285682.0924675
1626307200,1.264296012589953,40497361151.44175,1276828135.4011996
1626393600,1.2257252640796457,39374686507.872536,1134344778.1970782
1626480000,1.171572891,37559740153.85849,1143827311.449092
1626566400,1.1759484192387804,37700201068.36395,1020948117.1263099
1626652800,1.1900065239474007,38072204962.31886,886906470.4748535
1626739200,1.127989501793584,36363603753,985379234.7648929
1626825600,1.0600641556948065,34061358625.61974,1744496673.5947607
1626912000,1.1763500815292975,37555390538.67549,2012660704.7002153
1626998400,1.188191868090006,38077856018.87969,1355558235.861202
1627084800,1.203239820067367,38578333796.337135,1049399514.7124714
1627171200,1.2307501718097118,39436084137.758675,1102999157.4883552
1627257600,1.2351203934552801,39580378055.15009,1200884822.9872687
1627344000,1.2550594474349008,40453902654.76121,2865774184.2776933
1627430400,1.2728403706064877,40761082389.76143,2043574309.9894898
1627516800,1.2840181960693164,41097297245.701866,1679739540.3314433
1627603200,1.2883957205235752,41353066882.48441,1308983957.4621348
1627689600,1.3060900930002883,41920164940,1393986955.7027898
1627776000,1.3257156233777587,42626960806.38379,1223097832.1379223
1627862400,1.3116274121048137,41942215646.18457,1556302739.1175277
1627948800,1.314092238745016,42223053588.46887,1259725180.6787422
1628035200,1.3697179207188233,43922298025.75148,1858096819.7493737
1628121600,1.3781957776839509,44244306618.72718,1727438117.272854
1628208000,1.385936279491975,44529395488.31232,1691781854.8937175
1628294400,1.4027984009150392,44976191368.19564,1588927106.3306084
1628380800,1.4783359788246955,47279023174.55644,2480585765.830668
1628467200,1.4257873881828491,45815242223.606125,2265330765.160094
1628553600,1.477904560739093,47056082810.42616,2142412777.080793
1628640000,1.676304667441845,53577930723.085754,3676259236
1628726400,1.7986772452507245,57579550005.43834,5769853245.385376
1628812800,1.8076602778206021,57851525295.06172,5153417333.576463
1628899200,2.1375385491756944,67891752772.817406,7460225847.358434
1628985600,2.19131067,70631619782.70366,7578458477
1629072000,2.1672565731236513,69442698917,5241111651.168726
1629158400,2.079365370010542,67363561247.76786,3685779291.0572414
1629244800,1.9222342258147989,62244981576.04676,3125753687.8186803
1629331200,2.1184219304391667,68408416408.650925,4160522472.269788
1629417600,2.292461499494057,73478460337.53844,2928122400.314106
1629504000,2.455720951,78606736222.06247,7300638937.255913
1629590400,2.441308584595027,78375949579.78043,3831313599.677044
1629676800,2.6628666921343758,85113700351.55208,5514366048.470247
1629763200,2.9145023754369745,93774043227.65039,8491098515.540793
1629849600,2.7450346597346518,88117473137.34389,7960262411.9015045
1629936000,2.7378837504908593,87799979598.30768,5484918093.248777
1630022400,2.580371935128425,82998656158.68341,5553986642.220013
1630108800,2.934422185,93831078617.99115,7089768799.543161
1630195200,2.8538529166605002,91545178941.28738,4107700418.714032
1630281600,2.8608650199858143,91897143051.43161,4342317757.387974
1630368000,2.729839087760661,87653684618.56792,4154229341.1490808
1630454400,2.785254233804498,89320739294.46425,3914011834
1630540800,2.863490759015673,91803402850.63826,3819285059.088192
1630627200,2.9649869383184746,95003730487.98029,6329404683.246481
1630713600,2.96707545,94699098504.00235,4310135202.257632
1630800000,2.8383566732607424,91207581634.02171,3678225416.8973165
1630886400,2.9111968759715467,93377934837.92915,3222834374.3589673
1630972800,2.841086794,91135287333.07532,3596945427.9564633
1631059200,2.510399694165375,80409173519.45174,9579264086.057158
1631145600,2.4771529159609793,80226388042.93837,7155681412.912866
1631232000,2.518800289012154,80864925455.61812,5008904927.509817
1631318400,2.3770169255943054,76011031339.38364,5063772409
1631404800,2.6135386010300583,83644050025.61504,7277175318
1631491200,2.5979163349567953,83567686530.87027,7402829012.0839815
1631577600,2.4157478253065485,77370641706.12778,5428095004.007039
1631664000,2.399444430468812,76881051804.16806,3461669464.2839537
1631750400,2.4949058499577745,79647419225.17595,3923375598.2928805
1631836800,2.426004302576369,77800286104.44485,2880421283.977806
1631923200,2.348934541047197,75633602743.40773,2101364343.8316824
1632009600,2.3733771309022615,75942505891.08444,1786853952.6164067
1632096000,2.290854355,73534559243.04233,1890751815.809318
1632182400,2.081224408192359,66467363740.22289,5304108501.538435
1632268800,1.972181151410765,63007572370.16917,5359857791.287305
1632355200,2.2403283932380824,71610128886.36876,4336704841.5801935
1632441600,2.326438198055506,74492626868.77536,2859554202.027366
1632528000,2.271252028112571,74002539819.03792,5125188372.207657
1632614400,2.3119339934318064,74201342932,5042846269
1632700800,2.212883779418014,72357770423,3307540082.587565
1632787200,2.138878764396614,68586122051.51538,2386436991.206201
1632873600,2.037869326863658,65557023880.654594,2544152362.198193
1632960000,2.0585266583728097,65835114804,2297621518.5790677
1633046400,2.1166519301521833,67871265795.13519,2092736072.8648612
1633132800,2.2467692592328996,71980741780.63368,2511823046.243126
1633219200,2.2472190210882728,72017933348.18193,2194904017.547218
1633305600,2.2588385813642846,72529381282.70782,1560814022.0556097
1633392000,2.195095205424968,70582726654.44083,1630672169.7123742
1633478400,2.237848940200704,71779849396.20284,1499391673.9169114
1633564800,2.2133070922060374,70967214662.64716,2144512119.753268
1633651200,2.279964070864212,72987443161.14131,2669936578.5982766
1633737600,2.2306779663351755,71588795681.69351,1521104723.9480116
1633824000,2.2694736192158076,72764350708.77914,1322555134.0419257
1633910400,2.196016203628428,70297930939.29306,1430279071.7511737
1633996800,2.174115452,69443286763.17834,1823096849.7820146
1634083200,2.117958281981731,67955499506.25527,2149638841.6672845
1634169600,2.189330534750954,70197147292,1877291562.798567
1634256000,2.1744873109231877,69728970781.44403,1599892626.2695947
1634342400,2.2256475894093337,71349162035,2748616055.3521533
1634428800,2.187229098291846,70319790103,1883705285.3751545
1634515200,2.1578227539239725,69142581315,1425207571.1065106
1634601600,2.128425798,68608888299.15414,1472254043.761813
1634688000,2.115808715393755,67789450192.070656,1505341304.492883
1634774400,2.193571636731407,70402677878,1964178910.7142134
1634860800,2.145293671880843,68887153532,3295703229.7190704
1634947200,2.1655165443729016,69515903274.49059,2074957085.0357444
1635033600,2.174154973200162,69699385114.50774,1350109773.2823513
1635120000,2.128551527,68039453319.85252,1377128075.2727997
1635206400,2.152108188595917,69027525982.03403,1479846425.6155682
1635292800,2.1388228437474472,68813391261.44438,1975499713.5894973
1635379200,1.923902863221468,61715577622.51048,4104852629.764946
1635465600,1.9946787201185678,64046931994.96556,3519101074
1635552000,2.0159917138188046,64529247718.78263,2105358110.4765468
1635638400,1.9513562972176963,62586219628,1583695724.0762072
1635724800,1.9667594590992787,63182237770.93359,1841470220.641235
1635811200,1.9523314756266894,62573456803.62033,1949617531.4613352
1635897600,1.970655655473097,62928145589.88934,1826279345.998514
1635984000,2.0675682387769276,66247488607.36172,3879652302.104393
1636070400,1.9918734123237725,63622479071.92958,2525252728.572966
1636156800,1.9864686920482133,63683096755.103096,1514719242.5809536
1636243200,2.0096727657135287,64227934287.937096,1412173130.1263006
1636329600,2.0271880103685707,64919758787.417885,1250219546.471892
1636416000,2.1276077543586864,68502222966.521576,2522468276.4590235
1636502400,2.278046981720341,73080012864.84605,6481640003.5700245
1636588800,2.0970951137018767,66854245720.62231,5390860586.368477
1636675200,2.085168683429808,66929489559.30144,2672496436.966428
1636761600,2.0567881449711227,65779446170.06089,2162176874.724779
1636848000,2.0583309024471443,65998839351.52305,1323387837.9128013
1636934400,2.0513126157165504,65424906569.13299,982316126.1891911
1637020800,2.025232183921643,64843843866.54438,1172113432.5159674
1637107200,1.8845361964738554,60494621348.90495,2990618053.930762
1637193600,1.881436035207578,59962823667,2353167200.609291
1637280000,1.786410644989121,57091823833.413376,2206904009.051551
1637366400,1.8724046156739576,59842696071.68384,1665910272.4045656
1637452800,1.9280607722403638,61749371510.40341,1427460384.3845682
1637539200,1.8543908922015795,59666332645.029884,1065197817.1221697
1637625600,1.7775566656436455,56956646394,1434520943.7565627
1637712000,1.7512785978033358,56134045744.75097,1472329218.0728214
1637798400,1.6688310351021263,53476780497.00569,2764726047.228318
1637884800,1.6790577782821612,54011073136,2278200155.4464865
1637971200,1.5369875709284941,49295929468.84818,2630348908.631435
1638057600,1.5395503494825284,49329604411.69781,1250118217.7023115
1638144000,1.592574721411291,50922677879.98383,1966773435.099131
1638230400,1.6034069099023303,51581902399.90013,1576848025.1449518
1638316800,1.554012306521199,49831565724.431114,1572337424.098531
1638403200,1.547659132,49637322980.092224,1454814014.2169058
1638489600,1.714180025148258,54933481510.13827,3379770868
1638576000,1.562574478528866,50422314444.39137,2276864446.302769
1638662400,1.4191239358110046,45467942852.08773,3640743720.547205
1638748800,1.3759194384686666,44037273599.94882,2545148280.6999063
1638835200,1.4176556501197515,45537066742,2441175917.2691627
1638921600,1.3843106130156138,44403584485.64563,1935731807.979635
1639008000,1.3936063479928902,44576966707.249855,1568971689.0435467
1639094400,1.2989397181732933,41788233144.77946,1478362975.8705626
1639180800,1.2148656090353085,39284567642.00398,1510820463.0979323
1639267200,1.3471857981394848,43030071474,1513577001.2068608
1639353600,1.3484020924530826,43126518341,1270360253.8522446
1639440000,1.2241788960308295,39254998728.15175,1261654292.147931
1639526400,1.2663034133024365,40517314024.62855,1348049274.0862064
1639612800,1.3122271887742145,41883530741.13758,1395379666.5856905
1639699200,1.2451616665078393,39835060416.94712,1067855730.9631387
1639785600,1.2223421022445387,39221188621.62227,1147864459.4456306
1639872000,1.243826205655091,39931897234.77747,863246859.7907729
1639958400,1.2461505006330778,40052534349.92224,1041105662.6224289
1640044800,1.2466720827696853,40024843957,1127335557.1714299
1640131200,1.282908951955821,41228725738.007034,978770640.1921023
1640217600,1.3323293728380547,42878362097.23123,1332360401.624225
1640304000,1.478337104,47277552497.40627,1877638874.271785
1640390400,1.397481594409191,44858561786.50875,1148430340.8919153
1640476800,1.4586640242200146,46766255151.99811,865408025.7463002
1640563200,1.4577769531178388,46723424210.61447,966076689.0682136
1640649600,1.521303644682468,49030667337.00915,1690731182.1739364
1640736000,1.4115805945435753,45510121613,1884771373.822483
1640822400,1.3377414145718223,42669320699.25304,1306643075.4429648
1640908800,1.3580495736019418,43402759872.83702,1143248114.7488039
1640995200,1.3107198504184556,42196254346.32806,1106501856.5754473
1641081600,1.3784051988386994,44200479605.333916,736142311.4
1641168000,1.3795032561094718,44292070955.55458,753645356.1769905
1641254400,1.3239481300470195,42579298187,828444706.3323455
1641340800,1.3118426946813653,42361773516.50891,906279798.4721346
1641427200,1.239527837177041,39972161973.409676,1224845206.2896035
1641513600,1.2796089958902161,41181327448.57284,1375470276.8921692
1641600000,1.2144893663815632,38940980400.86951,1537503330.8968635
1641686400,1.1886263321119366,38305510646.897575,1307167794.3742094
1641772800,1.1749797373767104,37584527637.96972,811699663.7863452
1641859200,1.1307224782864616,36302150872.95676,1307941135.9313571
1641945600,1.18667167,38098252395.75478,952035463.4403963
1642032000,1.3060435462054065,41891466165.21188,1288777938.555198
1642118400,1.2367290015435137,39819346582.17602,1509253079.1745124
1642204800,1.291350930663094,41149779253.900505,1401461596.2860124
1642291200,1.2961904584039028,41629341033.15005,801645016.3436669
1642377600,1.4093051419997442,45306926785.96513,2190580339.5631986
1642464000,1.5892889271039394,50522872800,4791090273
1642550400,1.4708324109329853,47247124368.95572,3926232291.167172
1642636800,1.3427761925004427,43125375198.71007,2953432997.6002226
1642723200,1.2605743103846896,40662405607.01851,2255033811.661926
1642809600,1.1220401952271295,36368173704,2791296567.713649
1642896000,1.071909388330883,34256465787.333424,3616776502.7686605
1642982400,1.1211271247271826,35957697983.57456,2162148187.4121585
1643068800,1.0699081537081911,34308092836.127853,2857852888.5934176
1643155200,1.0456920570711625,33519647999.373234,1537074540.8679829
1643241600,1.078198211113442,34783150528.86953,2155730729.2827773
1643328000,1.0478747698291457,33601561740.91527,1379581941.4517817
1643414400,1.0529690590987757,33733183103.563057,1032965551.0389417
1643500800,1.0634305674041453,34002313217.462536,783225773.2580827
1643587200,1.0391204356438395,33352205324.627453,632774025.7571071
1643673600,1.054751014934754,33717971205.782238,817625399.7552172
1643760000,1.0903286876813183,34804039586.978775,979105491.4078708
1643846400,1.0314534223683853,33051606754.56344,955710873.9
1643932800,1.0564237774530993,33875277868.730717,765456326.6083672
1644019200,1.1338483100323715,36204546433.97586,1013126102.3026094
1644105600,1.1297790873821325,36378045084.87456,1176550216.4574444
1644192000,1.1472378013931737,36862183979.28601,752428785.5197074
1644278400,1.2001494338675323,38523988522.32886,1849002690.2470367
1644364800,1.1815092242733165,37856316807.101555,1992641862.3897343
1644451200,1.1975392465319743,38383301474.95149,1078225007.7826543
1644537600,1.1543570963487955,36992223260,1338197847.508603
1644624000,1.0815946408603836,34703538693.84502,1053881949.1765454
1644710400,1.0570594891894516,33875479735.022057,1051948177.879654
1644796800,1.0468370014485078,33537767336.502293,801110888.9015757
1644883200,1.052285472698779,33725640380.821823,957978409.7604816
1644969600,1.1083285587889213,35679172598.208206,1036467397.5593413
1645056000,1.085419047723781,34925054509,766148212.3279066
1645142400,1.0210842991957798,32776487178.54903,812615784.4818223
1645228800,0.9985914705089698,32059403498.594284,996941380.7
1645315200,0.9991418796453088,32017660308.182068,878381951.6346868
1645401600,0.9341340754597062,30150673034.05805,1124857649.507319
1645488000,0.860280043,27688893323.616894,1548137013.1354744
1645574400,0.891381195,28644348109.42572,1600203239.5966136
1645660800,0.8705609629608357,27987012931.084873,1350169630.428599
1645747200,0.8538449793947975,27380809087.285168,2765582272.866026
1645833600,0.8974185617708587,28804358271.907227,1242827016.4198291
1645920000,0.8877278423762516,28448195569.613117,838819546.7357087
1646006400,0.8606948958211132,27574399427.75873,931897414.7217752
1646092800,0.9603281395363393,30630996790.18079,1359833504.4883604
1646179200,0.9636761758795069,30892367858.65227,1334434083.1786208
1646265600,0.9390037208231631,30158715639.05949,952214634.5705429
1646352000,0.9046020020856528,29070217141.824017,846862261.2
1646438400,0.8438005181759421,27092657207,929386636.0925647
1646524800,0.8670347352944822,27767699997.64302,699482297.4954655
1646611200,0.8252593589037298,26438548435.806396,617464962.1174651
1646697600,0.7975230733377912,25566969906,882304115.1967249
1646784000,0.8019141231750898,25692133991.60226,835120211.2
1646870400,0.8495325177103127,27249486596.33701,862901845.6810565
1646956800,0.8077523838884934,25889503942.016598,798878328.3405949
1647043200,0.7906325985073731,25428798152.19103,634486808.4585449
1647129600,0.791491912,25434710291.746582,391552569.5226586
1647216000,0.7922625342809958,25355708728.210907,592731497.5633243
1647302400,0.8038114324632528,25728914895,715538424.6
1647388800,0.8004081137782383,25719829388.98241,672590089.5
1647475200,0.8382341320741912,26541616926.683826,969717592.0241901
1647561600,0.8376828468522267,26836330495.633793,731533657.8818182
1647648000,0.8540593154943602,27401653000.238808,633235446.9625047
1647734400,0.9011409415209742,28829284961,874463958.3887647
1647820800,0.8772268408898013,28148726945.452305,750486958.7804272
1647907200,0.9157208518840506,29195679346.345245,921246829.6089029
1647993600,0.9757492193915331,31106610233.077805,1339383877.7756891
1648080000,1.1043315324024476,35144269548.35936,2721873859.026031
1648166400,1.1281197144220882,36174727483.39774,2818931372.5988584
1648252800,1.0976770294262697,35230742774.42558,2014405026.934792
1648339200,1.1503911638881177,36962552852.50904,1262708850.6801925
1648425600,1.179162614473682,37732296888.58796,1183071933.758048
1648512000,1.1682945397142683,37863693777.97249,2092616377.2214744
1648598400,1.190232688060207,38100498122.30323,1575619798.950238
1648684800,1.1901709732345958,38244803202.93802,1355237416.0780725
1648771200,1.1432294041179332,36564438553.58206,1624760196.3938525
1648857600,1.1648162970000626,37319104972.83728,1563230562.9633229
1648944000,1.1591062332847282,37298700193.35377,1120502102.8071818
1649030400,1.184248700488764,37950775793.778305,915587874.7530303
1649116800,1.2127336192045626,38870321080,2253384085.476365
1649203200,1.170750531447169,37632239199.71879,1081488584.0818248
1649289600,1.0543918785143234,34026993428.76506,1605538955.330919
1649376000,1.0930634198142797,35050598645.116776,1084344265.4143581
1649462400,1.028090155339089,32831866550.980778,888344049.6076194
1649548800,1.0460643336013677,33449118882.30975,605121783.4488175
1649635200,1.0334072295109404,33247148814.551537,583476514.1398174
1649721600,0.9225429895879151,29698618696.224495,1291467594.2250822
1649808000,0.9572107784910692,30694294775.110844,1020547948.0733728
1649894400,0.9762136305030217,31303049352.34989,751454569.7122971
1649980800,0.9333464869800189,29929053080,796807126.0565505
1650067200,0.9562172348718778,30654197034.917725,592228137.4808869
1650153600,0.9540545750164755,30647912429.836426,429049344.12627894
1650240000,0.9172931231380914,29413227467.25513,466973239.0949684
1650326400,0.9373226455075535,30056554133.196068,1046894124.5428251
1650412800,0.9529036558886118,30551736663.589764,715780087.2814221
1650499200,0.9372825515661384,30042032727.31392,759001703.4
1650585600,0.9107116838174865,29145834793.02836,789238228.4975466
1650672000,0.9076742434602032,29120277968.189747,671459995.0565001
1650758400,0.8895577777995904,28579847077.376633,391087546.4628008
1650844800,0.8862498910794336,28439931064.51925,435930790.6698441
1650931200,0.8990775261480345,28810400546.189293,1092611693.058392
1651017600,0.8276609584458691,26572384250.95359,937366070.2346098
1651104000,0.840859136,26970724275.016724,861148771.4233253
1651190400,0.8429366021947979,27003290038.699406,766789277.9472404
1651276800,0.8062217617088027,25935835072.437836,794628783.3191725
1651363200,0.7580642814173517,24181808100.757812,787135961.9484397
1651449600,0.790253017,25340561982.793995,861447579.8262467
1651536000,0.7830507600156731,25069143084.12341,738951709.0952619
1651622400,0.772802566,24780988986.160595,595809898.2305807
1651708800,0.8959280427172623,28751156734.12401,1380775100.6168277
1651795200,0.792969416,25432773607.18915,1660085406.1522262
1651881600,0.7860899860195281,26584156717.79846,1197670447.3587244
1651968000,0.7640968621624946,25894707554,715282757.3563074
1652054400,0.7409893680102595,25075364017.607323,994024088.1894656
1652140800,0.6162965800965399,20913667251.20072,2106558355.2155027
1652227200,0.6294082867516517,21201814151.975883,2117411074.7098064
1652313600,0.5163818112061884,16938551696.595608,2453060222.833718
1652400000,0.47537764,16116047160.540085,2590169979.449191
1652486400,0.5299473399226003,17889561170.318428,1791950376.7542849
1652572800,0.5411354845870858,18236404472.773064,975136542.4123154
1652659200,0.5977323306990724,20211047769.939224,922868708.5418024
1652745600,0.5572923491296004,18840988244.349674,1094571216.4104033
1652832000,0.5793672475865163,19627472575.983555,826573979
1652918400,0.5069949254883879,17162201162.922491,806419307.0242981
1653004800,0.5348984580018751,18099222175.634266,830096519.4678719
1653091200,0.5183694488225625,17533911905,634853511.5
1653177600,0.5294920193158067,17907559108.18683,356628251.0442333
1653264000,0.5432984065394273,18382284485.75812,421346255.98129576
1653350400,0.513930049,17359814467.102055,640897589.8967882
1653436800,0.521399625,17625461349.811405,548214539.1
1653523200,0.5143498842212021,17398748801.043335,462766230.3377144
1653609600,0.48285163763453665,16364002617.039528,744867891.2
1653696000,0.4558360512848148,15376990672.242195,806316121.1329653
1653782400,0.4664316859464866,15820886950.500496,379559254.6848183
1653868800,0.48182379727646685,16291452374.037235,374779227.1200203
1653955200,0.5706636680302087,19316903359.66667,1005116302.3117127
1654041600,0.6308250773840011,21403006491.157463,2809963269.404745
1654128000,0.5536779842024441,18744362732.21837,1272220535.9278896
1654214400,0.5869984875309932,19880524128.353886,1148916329.8023481
1654300800,0.5602255376648544,18946974767.650925,827381308.8870277
1654387200,0.5668716690507664,19061063639.607044,492620235.76984686
1654473600,0.5676280651488058,19252585858.21193,417600832.84521866
1654560000,0.6081451522907464,20641927010.032883,1318274801.6809962
1654646400,0.6169005122096026,20863737286.42599,1346099448.5523438
1654732800,0.6426214518129036,21733626216.686714,1579935267.1476665
1654819200,0.6328547148991325,21414878399,858777542.3789592
1654905600,0.5747889164114967,19451246646.809555,1027706322.6446882
1654992000,0.5540150564146251,18703983406.591984,1073933689.768273
1655078400,0.5023987818209337,17023647989.452194,1293077699.8335314
1655164800,0.4614215583585246,15528588225.305462,2259176775.527118
1655251200,0.48545918612246397,16414271850.936485,2064049915.314382
1655337600,0.532564038,17959119805.41293,2198550476.9146295
1655424000,0.4758390962808479,16118020967.695574,1166873169.0331368
1655510400,0.488402289,16517893641.591732,818801818.7422516
1655596800,0.4578899584651951,15431066873,1177664753.3814473
1655683200,0.4838293627526368,16276345714.246153,1022208856.6833509
1655769600,0.49276445393253354,16715183294.156612,1017220562.4832221
1655856000,0.47999115900006484,16226255962.93925,953739373.1378331
1655942400,0.4593342067203709,15527121221.562143,780350426.4637877
1656028800,0.4803366242622928,16255800327.530474,696825811.8280909
1656115200,0.5026503766572138,17038833814.009642,926847204.8819879
1656201600,0.49827481301970616,16869524880.157183,625318461.1898015
1656288000,0.4914166229515856,16623658889.637953,810306470.1635964
1656374400,0.48674611700750464,16456993692.488615,677084429.9246196
1656460800,0.47018247750717784,15864801948.935286,683911729.4435477
1656547200,0.4651971801017465,15747671034.553009,724334193.7761197
1656633600,0.45469729856697344,15248112249.017149,824504186.0175022
1656720000,0.4508467956257672,15336638274.549747,772454995.6318773
1656806400,0.45745526842252465,15484756834.588999,486237372.88218176
1656892800,0.45695555176660235,15446861108.260324,435385002.4653979
1656979200,0.46935811008824196,15856014567.493269,793591269.2251434
1657065600,0.457366387,15459445603.81665,748809018.0029995
1657152000,0.4625681814937051,15639819200.682291,622876393.9160126
1657238400,0.47834081216448726,16218380750.272114,631266505.7083857
1657324800,0.4711402493185501,15950017978.734135,839958170.8167686
1657411200,0.47873806679137404,16212837851.51472,658153260.0280093
1657497600,0.4633762932634443,15681229639.08106,607755140.1994073
1657584000,0.43590193600646987,14760113239.829622,716352185.9744273
1657670400,0.420516187,14313569195.36208,582880645.4357321
1657756800,0.4375717318924484,14797283957.64413,895826599.1
1657843200,0.4413628182288598,14943454279.186653,735765607.6
1657929600,0.44246353653753734,14953534950.341696,675020078.8995036
1658016000,0.45691586421812935,15444621245.205948,592906148.1806766
1658102400,0.4482445323789722,15219619231.247738,635834402.5337777
1658188800,0.49151459476018716,16593812798.034153,1487025377.0010622
1658275200,0.5154098946957864,17440738301.27521,1476504248.7553935
1658361600,0.49208029,16685743726.368994,1464714071.1224508
1658448000,0.5000112464251638,16943428134.748638,946813840.5490179
1658534400,0.4839420130448504,16342041083.86102,778656829.7809081
1658620800,0.5187661266888138,17526372893.15473,845507411.0982322
1658707200,0.5146756416097029,17504344263.581043,914299114.4403043
1658793600,0.4782706719537712,16303401122.606173,734819368.0762701
1658880000,0.4677893890605863,15833042011.240187,775020107.2147014
1658966400,0.50918805,17200487924.59785,1020763453.6899921
1659052800,0.5139091350365205,17351452032.081383,1228761150.6229255
1659139200,0.5256568929420354,17944907096.33059,1414352057.2901192
1659225600,0.5264784655956947,17764182816.830772,1135684896.6410575
1659312000,0.5183234830458462,17550498086,750223549.1875405
1659398400,0.5135269590509364,17347867527.218674,661301555.2691711
1659484800,0.49996109970125363,16978007491.092737,719111180.4841937
1659571200,0.5026594006362538,16997573338.703506,557951652.2
1659657600,0.5023820378911109,16952714475.159262,504318910.11780083
1659744000,0.5174180922189219,17481580237.73532,545010350.8012214
1659830400,0.5128660090317346,17363035060.460682,372928511.4674786
1659916800,0.5289602332149591,17891440238.040348,484163038.0068173
1660003200,0.537455065,18177212772.198566,751185478.1772959
1660089600,0.5162594429612298,17443295978.717987,620444997.5265732
1660176000,0.5377914914772388,18170907378.942543,752169685.1168418
1660262400,0.5316314907103368,17990239681.06567,729375747.2
1660348800,0.5418383585852335,18303954512.76234,522563815.80648875
1660435200,0.5616491248517714,18995496380.339714,881421106.5688083
1660521600,0.5723791735082375,19376950921.31594,1095775521.3805115
1660608000,0.5524586981510534,18697412375.465492,823679937.8247002
1660694400,0.5597850009073527,18927844549.39547,680713342.7538884
1660780800,0.5393016068527493,18212548966.162533,996531852.8378624
1660867200,0.514486881,17412399056.99138,574175563.3406008
1660953600,0.4525472208413106,15264620469.32385,1131869911.1782553
1661040000,0.4521652403438286,15287373242.701645,712605130.5730289
1661126400,0.46493735844535267,15737082239.766907,572942227.1883541
1661212800,0.46103966768517546,15558968017.802616,652365390.9596139
1661299200,0.46619724094261006,15758641592.152924,496523434.9409549
1661385600,0.45848733182595824,15498632416.57211,419728029.6500707
1661472000,0.4656488051794113,15769622061.036827,455105017.3512875
1661558400,0.4324677991726041,14532909604.997637,1067566967
1661644800,0.4518468678970884,15255653329.04104,611619788.9378777
1661731200,0.43175496959698306,14635063104.049618,422733249.41445947
1661817600,0.45175695676604194,15311579937.340343,495542633.8297333
1661904000,0.45266996993428354,15340224310.072096,545010438.7828535
1661990400,0.4466726418878974,15116206759.449072,442697001.1300091
1662076800,0.45858825849398704,15490616058.460348,488499192.2825552
1662163200,0.4548957728918525,15371731935.340862,445202474.1221141
1662249600,0.480291543,16272187678.984571,669578779.8853098
1662336000,0.5026112502036145,16979205843.876228,771344282.1348823
1662422400,0.49978189824480035,16869479136.034845,563073797.6770258
1662508800,0.46431246441022445,15710782585.77587,840012624.9306988
1662595200,0.4798317548066893,16275716122.45595,596467887.4374392
1662681600,0.48003672075889253,16225891068.956755,546946753.3772337
1662768000,0.502127663,16883909775.078764,735761266.6
1662854400,0.5125662558826063,17349135568.209515,846515848.2
1662940800,0.5085717405815829,17203617072.33247,602005606.8858048
1663027200,0.5006117910318423,16929934732.473978,736124582.7163935
1663113600,0.4655851128844718,15757149494.533327,871818623.8724078
1663200000,0.48223182876989734,16255726044.604422,626860025.9736454
1663286400,0.46653350620766876,15787367090.023365,563333171.3964566
1663372800,0.474275886,16036352648.168653,471827719.7126328
1663459200,0.48773801780505505,16481081019.23323,442079343.1228785
1663545600,0.44857649373395414,15177820354.668497,558733055.8
1663632000,0.4547069922944302,15380850389.891703,652710345.4408419
1663718400,0.44211060991858475,14971439823.899889,458720063.43224835
1663804800,0.44199914135484214,14927028910.26723,1000019241.0326916
1663891200,0.46022274853817274,15552763941.807796,639659167.8304157
1663977600,0.46267754316819526,15705053312.774714,840576833.5177985
1664064000,0.4528707038191501,15316824192.490423,495364665.5291062
1664150400,0.4473009934232198,15119251766.601458,447022381.2770915
1664236800,0.44676799248412524,15075736600.032125,527803459.19310373
1664323200,0.44253493225850365,14974356860.255735,575411543.6
1664409600,0.4384459040360633,14823431642.065317,507181125.7977745
1664496000,0.43797701610059775,14806691717.48292,451700955.3101255
1664582400,0.4344260555443908,14696613225.453772,476695048.2153691
1664668800,0.43090750125091737,14572943700.775814,275605662.6433774
1664755200,0.4203358263307138,14166555661.598585,349880389.8333772
1664841600,0.4284228844078707,14489425802.19616,396923709.15801775
1664928000,0.4364116140393047,14750681909.150242,389554924.53624845
1665014400,0.4314549067842627,14592010193.096067,386899877.8492616
1665100800,0.42899113631463637,14516473487.047983,373891185.47030437
1665187200,0.4252980966553547,14372895277.920216,376520586.22042555
1665273600,0.4221984363702373,14276638995.589676,256034560.83025283
1665360000,0.42267551750639765,14290398884.442417,244792009.01460546
1665446400,0.4020728336836243,13653344259.453959,433727773.12612426
1665532800,0.39087219114800464,13198595290.310684,562570768.2764642
1665619200,0.38146792692436177,12901537611.637196,400079678.5
1665705600,0.37852174448231907,12791915350.828714,858230070.8400732
1665792000,0.3672755754076161,12392689792.863262,487794378.2502631
1665878400,0.3640513982355477,12309037704.759996,311812753.17592186
1665964800,0.37037167968174506,12515578717.08945,297264807.4497895
1666051200,0.37339832006009727,12609605254.111353,321996860.0805827
1666137600,0.3625218701778715,12256641766.95576,380762928.3209235
1666224000,0.35002221867559574,11852415892.097557,415923322.68789476
1666310400,0.34013722548807906,11498614666.31761,471611618.8314314
1666396800,0.34928826290170106,12240818816.612799,499292036.9
1666483200,0.35157319053335273,12322276862.645452,337935170.3284901
1666569600,0.3619170900273708,12679018038.412863,384355315.39422286
1666656000,0.3571781473990901,12514592960.486607,376006394.12950903
1666742400,0.4030334080328212,14125111627.502726,1142066696.3814633
1666828800,0.4032445069791389,14116657054.038143,744946954.6647252
1666915200,0.3888590355999426,13643453921.010435,680572977.9910443
1667001600,0.40414491717367923,14152659906.88777,600688333.6
1667088000,0.41820027178528085,14641239556.103518,834938838.5776018
1667174400,0.40530840475080265,14192539385.426718,546408379.8270994
1667260800,0.4061606265048067,14239209401.858196,541574807.8
1667347200,0.40107801303229046,14046284574.960236,424389249.7864117
1667433600,0.386210969,13531395048.584606,689133409.9
1667520000,0.3892902544894817,13636465621.525717,416914850.6662955
1667606400,0.4215241135694441,14770772848.80776,899389018.3221228
1667692800,0.4269243068384789,14968764185.776579,682987248.0342126
1667779200,0.4040429710490429,14171602326.781609,472977370.27640575
1667865600,0.4042435553968207,14151650831.070724,550073849.9
1667952000,0.3724793926507342,13126700296.842077,1313554146.6388986
1668038400,0.3159747035749475,11086726499.35976,1208738101.7334602
1668124800,0.3698854969369306,12938175177.244574,1161366328.8596087
1668211200,0.35633389903028984,12444528721.08047,594772825.4540176
1668297600,0.3399324126919794,11909550599.84657,393108578.4016874
1668384000,0.33017816780109055,11537810805.967918,389879990.74895567
1668470400,0.3325812192248872,11680062072.096699,500083635.9388897
1668556800,0.3379223378648112,11858620450.333735,318852397.64077646
1668643200,0.3334291636417461,11685096496.962877,288997279.33716375
1668729600,0.3256427235965281,11413410277.380383,243926480.64010152
1668816000,0.3271994657923801,11463611476.638016,230764123.87882555
1668902400,0.32913282180947495,11538888613.658794,159093236.6692909
1668988800,0.31338236566683925,10999857007.735691,243968944.42498603
1669075200,0.30554635185166656,10711858132.643946,410358624.1490884
1669161600,0.3121956761966735,10978554936.15271,310040647.7476829
1669248000,0.31936446191160833,11202669269.720907,330445669.4295261
1669334400,0.31726935418021923,11115483394.812567,229337223.03189248
1669420800,0.3160263929630735,11085465954.127386,229728299.94177344
1669507200,0.31432809210317963,11008659410.721725,216285094.40415594
1669593600,0.3137726044195829,11002188040.756248,178897464.43869504
1669680000,0.30704395379564303,10761215051.144459,297400876.2573056
1669766400,0.31007168662826595,10871692878.157093,186459858.88183987
1669852800,0.32036336999369297,11241301722.290821,280053878.8090341
1669939200,0.3153375502816153,11049222186.199265,203650152.0533426
1670025600,0.31996142611592254,11217744518.449362,185173347.5545493
1670112000,0.3208384826526819,11266463422.231167,229698667.91841096
1670198400,0.323576352,11337246348.083195,175131072.82691193
1670284800,0.3203095895767889,11229740361.424658,205247917.13067138
1670371200,0.31915716453343784,11171270420.656044,159871857.69683614
1670457600,0.310985114,10911580962.250353,217458742.3025737
1670544000,0.3149178263848167,11042204197.991657,170856072.86046755
1670630400,0.31240874509360667,10947127564.142126,161879381.5627049
1670716800,0.3131223507060465,10955129108.922724,89086469.11487137
1670803200,0.3082595033901836,10795338642.164318,117231304.42719582
1670889600,0.3071820518723824,10765213994.412956,182275972.19121635
1670976000,0.3122753240931365,10947773351.028315,322716718.24455327
1671062400,0.3083642500942882,10807853982.688818,266724848.77993873
1671148800,0.299540774,10507439028.029617,231166876.2783708
1671235200,0.2644755733706918,9209359368.259087,450953840.6379517
1671321600,0.2674500196631341,9371061913,357667134.6152626
1671408000,0.26660279795921943,9380446763.925055,200137566.98486248
1671494400,0.2528340472956252,8873184620.700447,234453354.99381897
1671580800,0.2594727994205192,9090926650.088385,193006846.68226376
1671667200,0.2532859460914755,8877957164.938986,215629099.9968907
1671753600,0.2566585951875997,8992871450,181065917.5876558
1671840000,0.25987112956145525,9102643325.100744,184364462.2464073
1671926400,0.2595962174996505,9108089570,89276162.84465127
1672012800,0.2596384912708029,9092589292,115170654.41201364
1672099200,0.2653712277296782,9291688438.037796,155086399.88569424
1672185600,0.2604918020443702,9120634176,147957477.73168173
1672272000,0.2484055272755931,8706852770.635092,219098207.21309114
1672358400,0.2443147559531476,8562205774.727905,228559837.82162708
1672444800,0.24571201087080485,8607991177.831968,171616881.24857488
1672531200,0.24639829421855938,8639667066.713358,155399786.83368626
1672617600,0.24993772427992364,8760815157.937347,118008081.88577779
1672704000,0.25394846335971893,8909442495.772968,166467580.33024943
1672790400,0.2531435084634493,8866077129.565514,158429114.05625778
1672876800,0.26794792110359367,9386328191.022104,308444828.85420716
1672963200,0.26936646,9439944979,186258828.28031313
1673049600,0.27887811860425876,9774060225.656029,353554254.36789334
1673136000,0.2774524659918043,9715964551.298452,173174628.34261802
1673222400,0.29361520471369507,10300606515.15158,413304042.3639351
1673308800,0.31717078990552633,11122330043.38504,974414951.9
1673395200,0.32265846715714724,11292662260.684406,445919255.68461436
1673481600,0.3234089195684316,11308683137.517609,354859513.33998877
1673568000,0.33002479917155986,11570628015.204136,562673087.8716764
1673654400,0.3453714599228635,12093797768.19843,410767751.67827827
1673740800,0.3519119190637228,12362646517.736372,835035759.7752243
1673827200,0.35045732196034823,12260892656.876629,390932534.53855395
1673913600,0.3502826492228772,12264237310.305292,445014768.5011581
1674000000,0.3465310982996337,12137020401.334948,300478175.2813681
1674086400,0.32785588752130307,11479445708.995796,452576275.4706946
1674172800,0.33953796071519227,11908339088.063757,245283868.60225913
1674259200,0.3636230849781876,12706691031.137093,363818582.1
1674345600,0.36933689795524227,12927454159.661879,618878365.3
1674432000,0.37754569585448855,13229237078.193174,603642881.0813547
1674518400,0.3764909874045472,13188812335.29959,507459192.98282266
1674604800,0.3590687,12577247529.525206,351284235.0738831
1674691200,0.3742839180589751,13107855671.302519,389497975.61468655
1674777600,0.3807430116028526,13350884665.904545,462182515.74284977
1674864000,0.38988860471453446,13626543158.560867,360808198.5965186
1674950400,0.3826326737967218,13394216456.283022,366609117.2041258
1675036800,0.3968034665567562,13886339439.642038,334441514.12323135
1675123200,0.37328099290590605,13050686924.400314,406195562.76809275
1675209600,0.3923269344272565,13739947311.515242,485110346.30610865
1675296000,0.3978843660000393,13941650401.95893,506205683.8664071
1675382400,0.39949529513430415,14004431006.110123,573959330.9986911
1675468800,0.4049394371081902,14195163826.609682,390999633.4526748
1675555200,0.400012041,14050882551.241644,263084740.45153815
1675641600,0.3928544917532688,13784689201.47828,350978984.6150683
1675728000,0.38302342670806544,13413615316.698278,341533271.40342003
1675814400,0.39950283608913295,13995112011.822542,366338560.6024305
1675900800,0.3946134010769468,13838767400.638256,342730685.9609066
1675987200,0.3625319604295746,12700635423.238155,490910349.17458993
1676073600,0.3590852498770424,12591878338.215193,360263656.7773849
1676160000,0.3701208341223441,12978050863.776833,224862636.99963212
1676246400,0.36426245969313625,12779268330.277773,233568066.53148624
1676332800,0.36015973791651007,12621979856.387705,372826401.50569105
1676419200,0.3872922178928387,13575572016.582714,498029508.5868461
1676505600,0.4130852886604641,14353519091.99043,484645105.67497915
1676592000,0.39081533800352897,13639995276.217663,565088424.0493953
1676678400,0.4050167658008515,14191016122.507013,417077588.79084706
1676764800,0.4069117513719228,14237828858.494202,322186852.7354176
1676851200,0.3994330904593501,14043747857.23161,342488595.3794008
1676937600,0.40308201111099573,14132819917.786251,382673397.11391157
1677024000,0.3924300177697884,13736559470.466208,393877647.4711077
1677110400,0.38879942471570633,13650328636.799568,394239750.17171454
1677196800,0.38371971112473635,13422878914.715439,290508904.52333933
1677283200,0.3659320724562127,12831951055.729671,391515903.7
1677369600,0.3626513148487202,12705604283.914536,295147832.66455644
1677456000,0.36910124143563255,12940252749.38211,238357219.73382637
1677542400,0.3654013189181053,12807607550.16821,252916442.78446364
1677628800,0.3527432177275084,12341133082.020231,238422456.3
1677715200,0.36108421902694204,12657714408.580032,229268366.11614817
1677801600,0.3504503118629127,12275830909.822632,246329386.29308638
1677888000,0.34368741,12041249033.671446,412463637.78829587
1677974400,0.3372756948261113,11812934508.251123,170389737.09304863
1678060800,0.33773856213566666,11830384853.655737,165818600.97143966
1678147200,0.33145635414875074,11606828343.000158,219304840.31621477
1678233600,0.3313400143931543,11581376193.203402,269091570.5703871
1678320000,0.31838638815370496,11172310270.030876,288851784.32819235
1678406400,0.3103243932849642,10838510891.387287,443854133.9905746
1678492800,0.3156142442271207,11089276348.220562,468493562.07914543
1678579200,0.3059309689361199,10679679301.253176,434989029.7644779
1678665600,0.33101407162235824,11581630428.392332,380024634.1860197
1678752000,0.3439401177420355,12065878442.194693,662927956.1389902
1678838400,0.3444029860231542,12090327310.891384,596424616.0981154
1678924800,0.325547359,11397464259.210308,599759982.2065071
1679011200,0.32678795826223883,11454977425.587471,364685850.2889938
1679097600,0.35024834492440843,12259836658.815914,451127452.5133043
1679184000,0.33896790784784053,11885994889.751339,405181332.2523505
1679270400,0.3485344878650676,12284106876.322376,316033206.9485012
1679356800,0.3346745876648634,11740413064.04814,364629687.48782945
1679443200,0.37310383,13061409181.133974,659905518.2570659
1679529600,0.3630630488297246,12707537391.713314,922448613.1982259
1679616000,0.3739080566629692,13090883001.253225,413474704.3827974
1679702400,0.36243523899633273,12706876812.148476,353544632.98322606
1679788800,0.35472284614846633,12433136118.863832,266325927.98274365
1679875200,0.35701057256098917,12535421606.29749,272202713.0690776
1679961600,0.3469158663951661,12138644788.449602,336956582.7409677
1680048000,0.3693229983329013,12941771031.311245,368290970.54818445
1680134400,0.38258909709236333,13413184620.042393,537119162.8428296
1680220800,0.37709268167474286,13226069415.324286,429889697.11264473
1680307200,0.3994645169294982,14009040303.900806,716335255.9501815
1680393600,0.3939027697020029,13824277589.688261,388714587.1512622
1680480000,0.382295535,13389440672.101046,320100355.8623564
1680566400,0.3877793388364147,13631038603.44044,683769265
1680652800,0.3900193739362444,13665129449.301636,400460060.60802567
1680739200,0.392669709,13768988507.453007,309234324.8824121
1680825600,0.38378725366263383,13463680142.899551,290787654.9883234
1680912000,0.38428571675194373,13475498915.163166,219082583.95693147
1680998400,0.38646794010254926,13547039830.25686,227489857.3044711
1681084800,0.3898666390252823,13668842180.423561,222258531.3009762
1681171200,0.3971824198896078,13914326446.557247,274331218.2805179
1681257600,0.40166449544318883,14074149361.990534,437318682.90491533
1681344000,0.40540381613327964,14231712048.482649,414553548.75464356
1681430400,0.42615478542180485,14937732271.41402,500970494.34985024
1681516800,0.4389198844544001,15375843757.426773,684812256.7294112
1681603200,0.4541580633912379,15952653141.760757,559309012.4588557
1681689600,0.45176620813297297,15832624300.027525,395915101.3189253
1681776000,0.4346193649718819,15217409658.80521,484945099.3398843
1681862400,0.44361362648409763,15556085792.819365,375002798.61040694
1681948800,0.41524970467869976,14563917112.89741,593641384.5100411
1682035200,0.40074950071895893,14034051781.95876,460777651.5012477
1682121600,0.3829833446515009,13415730445.437498,439360411.6551124
1682208000,0.39692434019946127,13906111784.033657,267477971.6677824
1682294400,0.38909579931584065,13614994074.37198,242425244.1068215
1682380800,0.3840507082888743,13466477502.821018,290722439.34347326
1682467200,0.39508503141460655,13820436004.544155,294682478.97468483
1682553600,0.40130125424124863,14062027692.558102,520144169.28848547
1682640000,0.4103191182417802,14369501448.18828,425245708.94233876
1682726400,0.405228864,14192467314.16635,245848710.07408103
1682812800,0.40261731400496364,14118334309.359602,159646974.98439124
1682899200,0.39825922289072646,13971464374.61821,237510774.9604898
1682985600,0.3872992691284444,13567718828.486317,287299857.22622275
1683072000,0.3915645139285783,13728305157.126593,208588929.09194872
1683158400,0.39383758145132386,13798775976.600851,278479196.3879188
1683244800,0.3877103199326264,13587602980.827507,188639696.57604742
1683331200,0.3945345869359407,13810441154.245619,253186602.39774716
1683417600,0.3802608107981574,13306507398.74309,264020888.9023085
1683504000,0.37809112713072307,13232806523.751364,180336987.85704944
1683590400,0.36614568250042717,12810565343.837719,382957668.96176237
1683676800,0.36357836685161754,12739370020.744396,237308697.16259378
1683763200,0.3706085739437641,12975441604.400911,365559449.6864186
1683849600,0.36062917113618265,12633292676.033508,272231849.7315605
1683936000,0.37081213379668954,12992449827.737343,285317964.12998706
1684022400,0.3650928590516438,12829453677.49199,139616346.26124865
1684108800,0.37081869118917216,12996323481.303665,130253982.12797776
1684195200,0.36808509236684117,12899094797.339403,187955307.46374464
1684281600,0.3680868604832396,12903680935,181513998.13250768
1684368000,0.37519463470138525,13148583717,232388388.70344698
1684454400,0.37273872296604615,13082316162.328234,213667302.72409645
1684540800,0.36859924531793437,12926880990.809334,140897222.95345637
1684627200,0.36646758929299755,12846035787.71246,124054022.42598657
1684713600,0.3610943786327967,12666778954.79216,121023033.0680159
1684800000,0.36824635187037574,12907417375.045935,194126381.1036861
1684886400,0.3705825231641723,12982680041.228653,152275359.67307913
1684972800,0.364486213,12789035655.356829,189249483.85622656
1685059200,0.3585566121306954,12565006577.64583,174444983.8345201
1685145600,0.36299837202994506,12719159679.891459,191311920.3397463
1685232000,0.36705243390093506,12857478682.070505,131051761.52125226
1685318400,0.3833572392611616,13438800647.83176,237778137.26541546
1685404800,0.37900304405530705,13294507213.125765,203132546.89075682
1685491200,0.3779807458144805,13257325917.921019,199866301.76475382
1685577600,0.3750855973421326,13129990737.885033,200489170.96238896
1685664000,0.36517493185415845,12797981310.849955,248374441.04246363
1685750400,0.37848998097020853,13262204823.13518,215323705.26704326
1685836800,0.37594841750636826,13175759868.487804,116838544.57338503
1685923200,0.37862548121357364,13270626361.918886,146495299.10746226
1686009600,0.3520800748356713,12359885714.546745,311589965.2096136
1686096000,0.3541047437230991,12399325222.325653,282365546.14349484
1686182400,0.3223911496462773,11295255695.123688,412340334.7947022
1686268800,0.3231673186820081,11320542141.36701,266354696.8563639
1686355200,0.29522227264243817,10317921990.29103,551200071.2
1686441600,0.27630994289001953,9716786435.293474,1399405888.8240273
1686528000,0.2728991855704722,9545651607.422129,536957961.8058821
1686614400,0.2756566477744952,9659267109.116688,460654747.4903586
1686700800,0.2749143072713839,9626181099,337639817.64424735
1686787200,0.26320911339355596,9220131350,263220414.30518678
1686873600,0.2617003150313724,9167328677.190823,279473081.5657119
1686960000,0.2633480273248004,9227182603.080389,189310965.39881328
1687046400,0.2669648590318742,9359198036.222015,187039705.87362796
1687132800,0.26112724653344266,9151703555,142964016.46255222
1687219200,0.26303515540296574,9218553307.245695,131662710.39350288
1687305600,0.26966374745061533,9440263488.262413,186826959.44313788
1687392000,0.28714791198460127,10077394526.968699,295593998.37627554
1687478400,0.29025993735051525,10184721281.675331,286027475.6594799
1687564800,0.2958710930183947,10372780075.38508,206656706.08100188
1687651200,0.2896137781855168,10142648581.270496,176469156.7523416
1687737600,0.292018443,10231056021.847866,187472201.8491652
1687824000,0.28061630027947543,9810691801.661991,182777350.24510938
1687910400,0.28636437683826615,10017483018.002459,170343328.13720086
1687996800,0.2669874012462581,9356849697,233130564.11290324
1688083200,0.2757364399980156,9671039073.215143,180074752.0800088
1688169600,0.2868455734692376,10050094320.537937,425857201.36589956
1688256000,0.2921312062252778,10225246937.051348,187193676.00359985
1688342400,0.29157538149578077,10211321938.635984,175401361.30073848
1688428800,0.29571790784798213,10366764520.147827,171795458.12123698
1688515200,0.29287647440088604,10297363466.878773,212363482.90645087
1688601600,0.28415297009617463,9968829524.701897,197079188.8631909
1688688000,0.2800173386218767,9826837408,247352215.39591798
1688774400,0.2841538706586294,9958793816.069336,178295012.6623645
1688860800,0.2905933520752599,10178691722.038004,175732069.2925931
1688947200,0.2844534237451533,9966151770.116873,152531371.99395692
1689033600,0.28774757499525916,10076045454.92794,218839799.4248851
1689120000,0.292666993,10258583229.902822,177982818.9669795
1689206400,0.28873815784431617,10116899370.893543,157297287.3738458
1689292800,0.35688444399908936,12496903000.204168,1061529850.4494106
1689379200,0.32866727694409686,11514588242.70672,711521604.9803299
1689465600,0.32593844313847714,11426902883.374521,238740937.74395412
1689552000,0.314727726,11010347100.220154,273772997.9689421
1689638400,0.3126042392523757,10949913811.16714,254013075.5968411
1689724800,0.30693267761837023,10734285206.644485,267786761.26667345
1689811200,0.32408227975043347,11355846356.487427,383394441.46357274
1689897600,0.31576493307864373,11077210855.919123,336406743.8692537
1689984000,0.31317060302130345,10970363265.281898,205649259.84674558
1690070400,0.3081742544523981,10797046324.55779,161693157.56487682
1690156800,0.3170341581613408,11111458164.70397,149736321.13736904
1690243200,0.3053354049678074,10689650364.070238,220955020.1083036
1690329600,0.303890501,10647212849.154627,165980268.46008557
1690416000,0.30658483982177603,10741775967.625751,194346560.46428624
1690502400,0.30743083311344055,10776202149.187115,146593216.0525046
1690588800,0.309919827,10866387593,127820015.00365327
1690675200,0.3126119877987806,10959012408.067516,142844606.32036033
1690761600,0.31533724815149583,11028996499.906464,170944684.28338924
1690848000,0.3073463240460917,10781568926.081827,181518352.27293187
1690934400,0.3093745772588943,10825594362.709122,242542187.94841254
1691020800,0.29900484918622433,10481916364.381994,208213921.70256233
1691107200,0.2924376189585452,10262424186.56672,292519752.4985298
1691193600,0.2934853427158879,10282386058.273598,197170877.9612019
1691280000,0.29359888706192544,10280822652.877592,157529534.71172297
1691366400,0.2916979790306847,10217852028.842112,150759078.22907323
1691452800,0.2901808551538462,10165410298.224033,239590650.86775416
1691539200,0.29783160959455013,10441947848.683636,312662208.2085525
1691625600,0.3012057695740835,10562679849.630741,195518674.00819358
1691712000,0.29602686326349775,10375263805.247583,179477802.60477665
1691798400,0.2933246871372997,10278658176.642065,124610584.57440907
1691884800,0.2916657566851706,10217585439.953056,105607968.60484432
1691971200,0.2893724194533518,10135047904.827347,125106297.15534896
1692057600,0.29045181390967933,10181963472.170074,129874470.39537589
1692144000,0.2817294854003445,9874705134,174122704.0345391
1692230400,0.2748521492220638,9638400796.566093,234798832.86591023
1692316800,0.2543607827866435,8918502746.085836,340643581.7432929
1692403200,0.2636879528052823,9235485828.738451,265109511.7555942
1692489600,0.2681859267680321,9404358467.172031,141040323.32467797
1692576000,0.27030755101085024,9483518128.253633,141547595.07355562
1692662400,0.2629422639660765,9220418595.578129,175576119.8749403
1692748800,0.2583820141312215,9046020353.011343,198152460.85228974
1692835200,0.2682726881499693,9400067211.709421,181484986.63728073
1692921600,0.26578508965759734,9308298800.469662,153453786.61608535
1693008000,0.26109141254532897,9150570233.855482,217576947.62494487
1693094400,0.260791426,9132573637,120462337.71767583
1693180800,0.2632569098110084,9220850265,116462764.13628025
1693267200,0.26750438497103585,9376227069.325237,158154451.29639572
1693353600,0.2721176115093552,9518835596,332817851.40231764
1693440000,0.26556135855689034,9310360006.078924,211751436.07783568
1693526400,0.2552157503892006,8938907040.232996,202978206.8079442
1693612800,0.2552595695126849,8947325420.093899,172136681.3838316
1693699200,0.25604917515357595,8983247346.775887,113701620.12739815
1693785600,0.25573653566029486,8961371026.882454,95940763.64314747
1693872000,0.2561613723656971,8966242166.976534,93727779.94363965
1693958400,0.2575400915592396,9018962433,88120684.00317809
1694044800,0.2577378212413942,9026717659.710745,114429053.14592558
1694131200,0.25751188127025515,9015927482.794643,108866873.26507902
1694217600,0.2543608818135225,8915393480.971306,95191885.59119953
1694304000,0.2532703279783654,8877059668.183807,53989418.28385612
1694390400,0.24915295832183487,8732262576.774017,128734752.41197023
1694476800,0.24155171741015333,8461465781.438498,129803720.10017584
1694563200,0.2458277636160291,8609558802,116595315.69837268
1694649600,0.24875514935253715,8715677519.471708,98971283.10923567
1694736000,0.25111021078174955,8800286185,105389811.11498599
1694822400,0.25059420151071643,8776355612.492113,124078606.93282004
1694908800,0.25029765435110846,8766811798.994911,81092237.78082708
1694995200,0.24708850908810578,8648053776.953745,81149653.75
1695081600,0.25152275438104094,8819475908.448656,119655447.24139062
1695168000,0.2549926803619234,8937937345.804993,105439407.55124117
1695254400,0.251368082,8815711337.958332,106401036.48341455
1695340800,0.24510013730126218,8600291977.576693,113520871.44735284
1695427200,0.24489528133211472,8585705025.899555,114083407.45766385
1695513600,0.2459745997053555,8619592452.027447,55598086.26380731
1695600000,0.24255729068616028,8496693398.916527,72330914.63107166
1695686400,0.2458759094320171,8604621977.881456,116697504.80209282
1695772800,0.24531238242233772,8600885317,106949649.19524877
1695859200,0.24476331324734768,8579921450.123114,125283389.16896717
1695945600,0.24888207187048772,8719104804.177944,151063475.97765502
1696032000,0.24942109012714447,8742941658.175673,186729216.73348847
1696118400,0.2537925002873487,8894395027.548754,122189783.34536491
1696204800,0.26589113717039103,9326474972.019295,190242808.72134987
1696291200,0.259716498,9096928270.773926,240571875.57990128
1696377600,0.26102600990533814,9161704299.293066,178131854.44442156
1696464000,0.2594108249769498,9092599755.175276,154067040.52675548
1696550400,0.26020434194282593,9112061258.746588,110243412.59372813
1696636800,0.26490496624857046,9281430746.814064,100076512.63254385
1696723200,0.25872312762057353,9066078375,131556140.19120547
1696809600,0.2565033811426986,9298790527.476633,82846882.25088605
1696896000,0.25158828311393877,9136753051.047577,137133985.70534766
1696982400,0.24903289017236827,8680371646.484808,118222187.36208495
1697068800,0.2477838236007835,8630105930,121761363.91847527
1697155200,0.24565862473218608,8556805063.200226,101203394.72948013
1697241600,0.24582401638982054,8582452463.153593,105963759.08145301
1697328000,0.24699021411913036,8610254311.143438,81583101.88455744
1697414400,0.24714916600342954,8627925016.955282,86253737.18204829
1697500800,0.2513067050118741,8774465639,196542427.39269593
1697587200,0.2464931401119742,8605743471.127575,136995347.3776553
1697673600,0.2429640674793083,8490282168.975904,113943117.65277192
1697760000,0.2469491934232261,8608526980.047028,129719812.37320693
1697846400,0.2511209532626735,8767764744.541798,141630674.0695356
1697932800,0.2584817308600603,9014611829.247143,152143480.95573395
1698019200,0.2640122180000616,9089980189.779222,131872014.86709224
1698105600,0.2788865832767842,9729893817.505613,326341538.95888144
1698192000,0.2788963796593878,9742296903,391469193.0773144
1698278400,0.28032505679001196,9795746430,250824127.0917441
1698364800,0.28747463865554634,10037363621.674162,320887506.2864177
1698451200,0.289344217,10107169065.03483,190567136.0352383
1698537600,0.29079986738377156,10156652583.686935,149262290.25066406
1698624000,0.29510223294268856,10300989547.845194,153193073.25145996
1698710400,0.3028112205756921,10574441269.69695,237181802.5483177
1698796800,0.29324735184628614,10221652687.071064,334181312.9011849
1698883200,0.3075456469105733,10738988451.115088,341522242.0116774
1698969600,0.3233084900729669,11303507533.783775,470471309.15775585
1699056000,0.3290640985200862,11482399619.773575,340981433.2827205
1699142400,0.328024157,11485763531.001478,206419057.70437902
1699228800,0.34319257551054716,11991820690.243498,317707346.92450315
1699315200,0.36333621434366775,12652835655.246052,424111095.27221656
1699401600,0.3512046212169443,12267874666.061495,437518847.11064756
1699488000,0.3584859312953708,12489272149.132261,300012747.5789129
1699574400,0.3682441373296721,12828643339.85601,669262367.6857054
1699660800,0.38630680294746655,13527487240.667759,543194354.1144806
1699747200,0.3848682677349981,13344390293.982075,557059837
1699833600,0.3831472116871809,13392302446.471188,384997505.9760547
1699920000,0.35876820566281037,12536371986.858185,433785022.2623074
1700006400,0.35770685690677023,12512087904.211647,420035859.43289423
1700092800,0.3789594362327484,13233250799.789236,402034483.06849265
1700179200,0.37051507481448104,12909692383.715414,763377107.0672898
1700265600,0.3657206588373556,12814733631.633553,404223702.0528751
1700352000,0.37761042779447834,13202577610.625818,331289214.1557238
1700438400,0.3839761391361936,13439966230.392225,296588554.48164314
1700524800,0.37958028274449435,13238173712.963825,385034296.3
1700611200,0.35858698543418316,12586581455.538767,441257019.5
1700697600,0.38031921066326935,13298073992.531357,290245006.12700313
1700784000,0.38613802673483494,13370425062.78134,239289434.5058379
1700870400,0.38619067501156024,13507303773.00796,319337805.76646864
1700956800,0.3945790037915447,13798655285.392237,217757496.95023963
1701043200,0.38787302536551704,13568078759.709051,230314860.3648506
1701129600,0.37839467914047004,13212027459.657808,253931118.6
1701216000,0.3854540790076171,13451195049.817806,277479955.8
1701302400,0.38134408542154474,13363940331.308529,236180014.28906128
1701388800,0.3756346694265104,13141758385.946295,265946777.22581276
1701475200,0.3841345948407982,13426301063.78608,248830551.01772344
1701561600,0.3980544170749391,13924379560.95472,223896759.42440325
1701648000,0.3946587984344846,13833027476.887646,309855450.0819562
1701734400,0.40687059093690453,14247488127.35405,550736446.7684953
1701820800,0.4255249059737904,14859698091.207352,503546895.41069484
1701907200,0.4420893756330858,15514422350.402393,802619736.8149824
1701993600,0.4558729709092601,15987519046.828108,574556484.7570821
1702080000,0.5474035170649149,19189709851.146347,1596744685.0309386
1702166400,0.5790191961638709,20237144798.536312,2340569885.724132
1702252800,0.5955252513479339,20816024628.619526,1110103511.7299008
1702339200,0.5503522027851744,19261091817.976624,1286257427.3835833
1702425600,0.5762622487496744,20146794383.66487,1177190690.1989386
1702512000,0.6613892286453705,23059255916.95966,1747028999.7576077
1702598400,0.6424514040505339,22487447725.07331,1269985825.7832694
1702684800,0.6020396774940284,21100423401.33697,806518595.2
1702771200,0.6064994776423223,21181052492.657894,575345916.9147527
1702857600,0.580529648,20339851191.607445,514551580.1843476
1702944000,0.6008709727534548,21003610911.560223,691660446.5937076
1703030400,0.5750008478278528,20143336335.646076,632705852.6779855
1703116800,0.5897207331143677,20651146676.98497,580516300.0985196
1703203200,0.6363095815171818,22265983019.333622,797789227.4246114
1703289600,0.6236175706204236,21852144953.840904,787720553.1089021
1703376000,0.6148032468668216,21558341872.33499,473986976.4
1703462400,0.5930897407349875,20824714615.780693,787979858.2276132
1703548800,0.6257644971286507,21918876965.427883,632104577.1998918
1703635200,0.6079167108264765,21287502499.31608,882491094.1269486
1703721600,0.6329349656134101,22140323363,900745483.5
1703808000,0.617681951,21726161444.45479,1346540709.190224
1703894400,0.6083868654372805,21292506185.890476,717176437.0684437
1703980800,0.6023831951139077,21117042414.828594,357722554.5858614
1704067200,0.5932116677600944,20768012511.689167,393610254.65655833
1704153600,0.623256101,21813895786.658375,382567378.39549744
1704240000,0.6060852609787025,21217920209.13085,605827879.8
1704326400,0.55684272,19492991183.829594,1132517812.6945944
1704412800,0.5695463363891113,19973472132.064896,647398589.6527878
1704499200,0.5393707483904063,18889131505.79455,662258028.7884548
1704585600,0.5226179816319002,18320986539.982277,475388171.98152566
1704672000,0.4926611410057146,17221526335.03838,412912355.40051055
1704758400,0.5405817266765055,18969973788.884438,791340975.2839112
1704844800,0.51076788,17871569878.486824,697387092.0744412
1704931200,0.567929294,20050447957.688694,1086480496
1705017600,0.5811386539221115,20417017039.724037,1178761304
1705104000,0.5474745911780851,19150592219,682778320.2891093
1705190400,0.5495600380376037,19232710350.699898,370948669.7885882
1705276800,0.5253876070255283,18512738320.04844,347100072.04519725
1705363200,0.5284594521791264,18549127052.180424,339882440.3166516
1705449600,0.53544629,18781749088.198116,346646551.22077286
1705536000,0.5265727839341486,18471739363.684372,306109383.7099853
1705622400,0.5018280724933721,17613453526.75839,383251921.8672006
1705708800,0.5015555780282297,17559398959.66756,439739467.3
1705795200,0.5142145110223477,18083396071.902252,339700601.15367395
1705881600,0.5035925858990076,17678001233.70669,229932801.22884545
1705968000,0.47723801096598745,16744952253.789576,453378521.9139172
1706054400,0.47706538697427314,16697129325.232069,550392222.3144281
1706140800,0.47685090794662405,16728762678.318542,396586946.5888254
1706227200,0.4666944281737374,16365338949.335241,353047087.5
1706313600,0.4846114472370051,17004934734.742685,358523753.54187137
1706400000,0.48628321227850235,17051206354.72441,237374918.92974827
1706486400,0.48975652433114203,17185404085.211105,345033306.5676203
1706572800,0.5254688082222182,18423036400.75625,452014463.61663944
1706659200,0.5147458836162068,18031831640.32807,497705500.3904423
1706745600,0.49778941,17510938546.19112,474657239.93305737
1706832000,0.5054817418827323,17754335457.66623,383238254
1706918400,0.5141625358932159,18035412224.884808,422898072.3867539
1707004800,0.5123374566279294,17978742808.732403,273625205.2
1707091200,0.49490229256998014,17381137450.361454,236376495.6110224
1707177600,0.4933681022068834,17301196592.003677,278395981.0641009
1707264000,0.498441334,17513186139.42102,280181826.35931706
1707350400,0.5016766610371062,17634102330.676304,503827123.56473035
1707436800,0.5285400987966482,18551899727,675943613.6718574
1707523200,0.5407895528441048,18987538352.913517,515048375.03121763
1707609600,0.550691854,19334798515.13986,393757855.0060365
1707696000,0.5407701438792356,18986241812.050743,511289100.22261405
1707782400,0.5601792735971755,19649593402.49963,498953226.8795763
1707868800,0.5455257820468045,19150634765.515026,466661251.1224568
1707955200,0.5763509300308692,20254899469.463684,564319679.6338998
1708041600,0.6079150262037338,21322235271.627857,774318570.5597647
1708128000,0.5986118359560745,21033829561.208004,513588623.59630615
1708214400,0.6084093090840645,21357658055.62582,430862242.6929241
1708300800,0.6191363787551806,21752621557.78202,669317388.8544962
1708387200,0.6311288361257484,22182437528.927013,581119408.7
1708473600,0.6223752038315511,21890064458.182774,781168345.8825276
1708560000,0.5989716417855219,21096459538.945927,527668845.0609538
1708646400,0.5870301423459386,20637785387.59963,485444178.73783106
1708732800,0.5842533001319432,20561589681.807785,453321453.65338427
1708819200,0.5963385611377838,20965888316.56791,384335226.78973615
1708905600,0.5919576755178287,20808674548.394154,331872250.21940106
1708992000,0.6185476984822272,21749100726.164223,592087524.6837299
1709078400,0.6241652788950875,21941823650.68804,731758945.9474002
1709164800,0.6314079487062091,22129642462,1191538044.9229648
1709251200,0.6564418023911469,23175081904.582394,1614265130.1649714
1709337600,0.7149619267973372,25001746854,920359857.4053148
1709424000,0.7417755124257798,26076704669.155296,1241581216.1611676
1709510400,0.7276491507472452,25559072214.641167,903142029.2722098
1709596800,0.7722695346369098,27150808361.07307,1680447500.2155988
1709683200,0.6972076134960586,24537972409.659946,2188572422.175405
1709769600,0.7336259370506201,25771433380.11001,1200380141.1484196
1709856000,0.744449593,26227156486.565323,910160155.0149086
1709942400,0.7247375305870432,25474242398.708546,903991115.3918713
1710028800,0.7449746080676288,26203159950.656734,539996207.9753002
1710115200,0.7160578860375334,25173363502.68041,605135043.3263835
1710201600,0.7749753173328475,27332452666.28988,1288497599.5847096
1710288000,0.7481917133085468,26331618804.534817,978092026.6629596
1710374400,0.7639288624018844,26902388376.62822,784498987.3893253
1710460800,0.750550098,26442400083.09161,1567796430.063801
1710547200,0.7270113979441996,25650847321.97299,1387708020.9297395
1710633600,0.6582371256229309,23168400664.030697,933330158.7096813
1710720000,0.6817720909945488,23935819800.255726,795832686.2319198
1710806400,0.6623281909079127,23349816062.874863,784022016.7126212
1710892800,0.586019351,20766095416.002777,1134359096.991792
1710979200,0.6391399616378111,22541731953.820232,983440896.5
1711065600,0.6327763463799453,22293078293.62098,652369970.6970923
1711152000,0.6123037796803994,21536222046.56704,575808688.7023321
1711238400,0.626207259,22086659773.711826,381206401.7952702
1711324800,0.6460247903982396,22771521662.25933,400457710.56079775
1711411200,0.656199945,23073311103.70861,578742871.3761855
1711497600,0.6653790384572502,23425863356.52765,607663811.7648048
1711584000,0.6481572867334939,22791665858.70475,650061841.9311377
1711670400,0.6501764,22932276600.526695,450612027.8680591
1711756800,0.6642438985254749,23417798018.988457,549602846.6540099
1711843200,0.6444865397214639,22715036680.597885,392465498.60557985
1711929600,0.650449791,22936901822.21796,310241563.5826532
1712016000,0.6222400848463132,21965439919.597378,618759083.8223126
1712102400,0.5803721745636556,20489842913.351616,674907501.5604758
1712188800,0.5717466267422849,20195244548.13768,488583939.81309575
1712275200,0.5824651813735257,20528887322.715195,493976013.2920013
1712361600,0.5756851059798307,20310156797,448049598.08085907
1712448000,0.583756647,20601299549.17333,250145939.32882616
1712534400,0.5889143734956137,20777126322.914104,304626893.8137585
1712620800,0.6139464835843659,21656789672.065453,420999932.1228263
1712707200,0.59222036,20924789640.94384,491543274.35827094
1712793600,0.5857210197068813,20668286533.549202,503089955.4489689
1712880000,0.5861803169343673,20676509387.767456,317384210.1952712
1712966400,0.5045343784889652,17787126923.073368,1158713751.7671273
1713052800,0.4490279512162241,15871867859.858751,1213139931.1405385
1713139200,0.4687265109427785,16589375307.638958,980343416.1774567
1713225600,0.4603126182998896,16238863615.03449,725890529.3059012
1713312000,0.4583592084919298,16195959201.198883,526885840.3740244
1713398400,0.4445898969863973,15677617362.96021,498469338.2962892
1713484800,0.4578276522744481,16158304603.226147,420467438.69094026
1713571200,0.4699167090223507,16654042944.984558,611690530.4414759
1713657600,0.5047835543618832,17810194458.53564,538078098.3699543
1713744000,0.49910044017061184,17620600438.175224,360556109.3094675
1713830400,0.5163694474106608,18237582503.816647,412110566.6517646
1713916800,0.5004444916938912,17669693745.927345,399478118.71618026
1714003200,0.4748989595842877,16784653719.617798,494570842.2073933
1714089600,0.47057883062344014,16612661971.69276,348706323.3
1714176000,0.46243449423225436,16318277109.491167,323285772.6026572
1714262400,0.46781029792904516,16507785930.512177,322647104.4
1714348800,0.45994209671878394,16249932295.426746,253384657.26932502
1714435200,0.45707636141932567,16153257571.051527,301287281.4
1714521600,0.4409541499307044,15611565965.335426,414214881.1344159
1714608000,0.44955088395760584,15913854392.906786,539589652.4288428
1714694400,0.45815380575529224,16177042156.197575,371916372.2849091
1714780800,0.4671149377141021,16523320469.96957,338556727.6704246
1714867200,0.46307575,16362012425.45175,248541339.92633924
1714953600,0.45805925752354787,16178541151.346535,246836840.8366592
1715040000,0.4541690938933543,16057046698.821358,346831496.8
1715126400,0.4417192327446154,15651106908.555315,310303261.8048173
1715212800,0.4533687042628684,16001821951.976538,468629546.7847501
1715299200,0.46369917329560356,16368804834.984537,311841392.97678226
1715385600,0.44843722989090995,15860784187.336462,303982003.2505244
1715472000,0.4385723944343846,15511692633.013979,187860393.35073552
1715558400,0.437780926,15469210050.884933,153891175.97658762
1715644800,0.43622276278212985,15422503857.50605,368725571.9225032
1715731200,0.42789481449248123,15123238919.225279,271693605.70529646
1715817600,0.4528648884383967,16047784027.138388,311221104.81327164
1715904000,0.45958204879956466,16247670712.572132,320497588.6
1715990400,0.48173573792943625,16993159378.567549,388958031.04292554
1716076800,0.4820458777066045,17045689455.649544,211817048.55839685
1716163200,0.467454096,16517257103.945122,220596166.6278332
1716249600,0.5017230897439796,17750735649.129948,488245022.0023136
1716336000,0.49472192873609866,17487340780.446228,481158028.3959669
1716422400,0.48320189447632295,17076353170.671797,368719007.85579795
1716508800,0.46534275067897674,16448159625.762842,531198750.17083156
1716595200,0.45962826,16235360344.950903,316350237.36748934
1716681600,0.4619779530146571,16331993102.935738,210902068.6534106
1716768000,0.45830449091052616,16216791123.152271,201602973.5
1716854400,0.4679579408262285,16541103555.92494,283896177.2227891
1716940800,0.4568262495359747,16169721756.360422,369307629.51765275
1717027200,0.450738741,15964916793.84593,312567944.20815223
1717113600,0.4463402019849953,15786163356.64552,318818188.48466957
1717200000,0.4475355892235874,15852671211.468348,266639967.29277182
1717286400,0.44986981215147576,15915580942.782484,157009078.2666174
1717372800,0.4463838847003557,15807812590,227090328.52502474
1717459200,0.4568053043504163,16162405973.428911,275029942.5279008
1717545600,0.46141576846237486,16314087111.213266,274734008.9699261
1717632000,0.46167843628047045,16318700107.584906,276170029.64489585
1717718400,0.4581490300594973,16213991519.778975,258155075.8497083
1717804800,0.4494969073060348,15927731210.10306,747757938.1448193
1717891200,0.43671073503746227,15450531176.901262,340945710.6417836
1717977600,0.44421735997515904,15717754438.844063,312373101.04444635
1718064000,0.44100188807184415,15605856116.859898,436409137.94402504
1718150400,0.4218316928344483,14925756888.703344,607989047.4247239
1718236800,0.43762220241775474,15498857772.014376,456553260.5
1718323200,0.4207464437687136,14932014604.467949,391764674.66645646
1718409600,0.41154227146274974,14573861793.92679,375427495.3556862
1718496000,0.4137189782832436,14641709172.755621,208305375.63454923
1718582400,0.4161881173900786,14729989068.31557,171400636.08606562
1718668800,0.4016365041157662,14208258514.309633,383924976.2
1718755200,0.3837158471850039,13566039418.828312,606086895.4
1718841600,0.3832895500930921,13555580935.453827,295648732.4882794
1718928000,0.38398094819436795,13607989337.043098,286211136.5567941
1719014400,0.37591161762785413,13323525166.702377,274484370.0442534
1719100800,0.38469237535960454,13620137484.184381,251897682.7431874
1719187200,0.3797214455498969,13449292232.860113,206760076.76752472
1719273600,0.3777483211044308,13383511882.39523,393051311.1
1719360000,0.39188412245777754,13880357751.595798,265186550.79429603
1719446400,0.38461487094813124,13620406236.996235,269500878.0900697
1719532800,0.3905384978339942,13836133793.711678,258776698.8887951
1719619200,0.38517566797940805,13643089114.874453,295648788.38119304
1719705600,0.3832573764971923,13591948873.875372,232727937.34346935
1719792000,0.3920398166651658,13888718240.596895,196743386.11371702
1719878400,0.40275736381144805,14254889823.047075,257983126.2783347
1719964800,0.4174072422349273,14788214926.92888,259226764.96151036
1720051200,0.40652983402009474,14388819255.478088,385253639.2993776
1720137600,0.3631609597452494,12918224764.844448,502836292.30104107
1720224000,0.34984106917033775,12390739992.04125,795077527.7025748
1720310400,0.3710080919850898,13131781878.678825,293872603.77169305
1720396800,0.34591024473133264,12239224009.22484,254417135.5875623
1720483200,0.3688631610584225,13064901482.99768,510512677.84423286
1720569600,0.37528127138025436,13321646488.869577,273879579.8756476
1720656000,0.38891558112552815,13793489031.518915,256036687.98657498
1720742400,0.39574540458824514,14006180738.387863,323634001.9382471
1720828800,0.41608542157525613,14736259473.861801,361088875.8
1720915200,0.44074866384060085,15696671133.198269,369887970.38780797
1721001600,0.4326119985772805,15389261477.03329,357667615.86121535
1721088000,0.44566235835597195,15809754095.178661,471015709.0998526
1721174400,0.4382210455104808,15565014019.097551,484115409.8709525
1721260800,0.43682437381711153,15573835295.588652,403166393.4
1721347200,0.4239264776922808,15084597527.148108,352642024.3531141
1721433600,0.4386940603749627,15598416802.849026,355615695.45065564
1721520000,0.4378613650729356,15573864919.582714,251448410.79648545
1721606400,0.44643616890440546,15885001582.029978,347379030.4761174
1721692800,0.4263971956952668,15165017148.11053,543957075.9436297
1721779200,0.4102841302793787,14601252163.998203,346413170.33681905
1721865600,0.40667521080338637,14467949569.582735,369094906.4825945
1721952000,0.39463399442581204,14039569115.895811,384548480.44072604
1722038400,0.41761108979349737,14855787516.437407,298119701.4246426
1722124800,0.4185181904594663,14892946897.781445,517865579.05594456
1722211200,0.40743321280108274,14496829995.956667,313248714.69747025
1722297600,0.403906435,14382798538.426497,352952671.87449604
1722384000,0.40148420427811593,14299794003.35211,293289394.70528597
1722470400,0.3887138757692571,13828446805.427467,295713023.42362773
1722556800,0.3922628731806598,13961987161.003765,553969159.5183077
1722643200,0.36398217431836266,12955584023.436987,407657318.12656856
1722729600,0.3640012189746031,12954368774.863312,336033157.7610945
1722816000,0.34343963988017445,12253084853.001572,359691333.9153095
1722902400,0.3140857405185116,11179570014.579466,1272441679.8306057
1722988800,0.3302629115550006,11762281480.172415,444867355.49960196
1723075200,0.3237841187601061,11544158593.403116,365055858.14400965
1723161600,0.35200444395630276,12507851860.366377,351120976.38733447
1723248000,0.3480402106166277,12378005423.52955,309697848.6650584
1723334400,0.34575255637315994,12316694885.45399,162207002.4749148
1723420800,0.32813971205626685,11685176805.92763,227949101.4036833
1723507200,0.3388740535248943,12071395381.535625,309223630.8630415
1723593600,0.34031679440042234,12119309357.283024,223898273.02453664
1723680000,0.3352510404441318,11934500878.527128,227870638.57778534
1723766400,0.3253933423536698,11579226025.982082,268148926.17174128
1723852800,0.3298667419831867,11750073596.099657,331289349.7534215
1723939200,0.3367647480219364,11990796698.921833,169540463.59414276
1724025600,0.3342293557488534,11909914292.224203,159261325.82919785
1724112000,0.336906428,11993838867.74028,234219776.22340316
1724198400,0.3435596235608906,12234407936.072124,261802227.59847555
1724284800,0.3690813993917752,13152167710.169422,395997347.2963677
1724371200,0.3765258215538865,13413340885.008656,287528421.8762137
1724457600,0.39080329326451874,13917257116.016926,408438172.8992086
1724544000,0.3945505635201381,14045674849.371311,297460621.42216885
1724630400,0.3844660979829369,13701403869.414286,308320232.9521721
1724716800,0.366819649,13069493395.062948,322013043.7825746
1724803200,0.35011939081844257,12505568736.644234,370100998.6392462
1724889600,0.3501971738999551,12488484651.119862,392831468.46977276
1724976000,0.35618297763544304,12689662542.626476,335145503.50835633
1725062400,0.34723713334944367,12379403829.20932,364909750.37006044
1725148800,0.3451418483757914,12301239516.339321,163446765.2017391
1725235200,0.33191560964421096,11836378327.814726,265548797.18146536
1725321600,0.33562351056617523,11979506664.544744,296005567.0101873
1725408000,0.31877493525930306,11382762506.406595,291460611.50537854
1725494400,0.3232053098506349,11524561001,410201920.9205183
1725580800,0.32523419627675226,11592992097.483328,401669074.6560732
1725667200,0.31474678840666026,11223569369.020975,422408636.8940346
1725753600,0.32488179592925853,11564619809.037928,227957270.2965426
1725840000,0.33822776938877436,12074400052.638977,284180315.13189375
1725926400,0.34341456186619745,12245539878.10726,343377089.4117435
1726012800,0.3435572966999336,12248714039.35388,240896664.04285812
1726099200,0.35281579145123115,12584242418.302902,334967600.80485654
1726185600,0.35620042555429854,12700107047.859108,320653083.20286196
1726272000,0.3609103971852186,12873414272.86381,290805965.33786756
1726358400,0.3543867937736658,12634644403.81801,215623200.22685906
1726444800,0.33876222959128865,12074853405.897198,251466846.72822452
1726531200,0.33014925564876596,11782070977.30643,279525542.0590629
1726617600,0.3340166000355435,11916494483.213264,265379561.2714978
1726704000,0.34247199487952307,12207913348.629921,310298100.4222331
1726790400,0.35081507887779906,12513533677.77613,371976962.91106766
1726876800,0.35197166853103945,12556336592.734837,316864368.6429985
1726963200,0.3586709136742786,12808603356.143707,210286624.61583868
1727049600,0.35165733867823534,12551030061.94847,246256247.4
1727136000,0.363711992,12974074077.118578,329128908.9344899
1727222400,0.3878466270439855,13833235828.80774,438373822.89042133
1727308800,0.3807283034282415,13543411535.969414,363386347.30443877
1727395200,0.40177478222264984,14328375823.065205,437769043.1208818
1727481600,0.4022917151536981,14352835345.22958,395203089.41805434
1727568000,0.4012393022942459,14305918208.527775,272918861.6009529
1727654400,0.3974742599990274,14188309271.84096,244016822.26592344
1727740800,0.37265657826365545,13296054897.130487,349391516.60278124
1727827200,0.35241561406062927,12588413193.12854,541081251.7659637
1727913600,0.34377113266904974,12270974712.818731,426784763.95760715
1728000000,0.3447757449502893,12302322132.114895,375066204.5116609
1728086400,0.35169217146819426,12543974932.79398,278288167.05127186
1728172800,0.35085767943930835,12520996098.190609,186601576.18567607
1728259200,0.35722039594548466,12764428581.999443,192363432.23444387
1728345600,0.35134274283380784,12564701546.296803,325165438.4848151
1728432000,0.3446503186237537,12312847623.786222,279076786.92096597
1728518400,0.3397857069963388,12131196678.289976,293734918.3103856
1728604800,0.33856687446150163,12077698174.047966,242902644.31599545
1728691200,0.3511153738504752,12540753800.073837,241728188.27564937
1728777600,0.35324078265088743,12611074103.193417,190575001.33778286
1728864000,0.3478700854188225,12419109021.91589,228691731.28123942
1728950400,0.36343770186385754,12983133494.08745,371044074.39071107
1729036800,0.3580945584980384,12791403176.443624,507364293.6551608
1729123200,0.35256480435377513,12594795004.129683,332305648.9161826
1729209600,0.34317221165027856,12254765327.146393,351907156.1227408
1729296000,0.3507284212527294,12530428878.499825,268208657.9185624
1729382400,0.3516050685811563,12560622562.93806,220371774.74586606
1729468800,0.3646357419916626,13015846452.115461,248872926.31750047
1729555200,0.36108324317619894,12901296472.62284,369418680.26695573
1729641600,0.36386104768754113,13003514917.235018,377482287.85597116
1729728000,0.3500239674614593,12501496240.084642,375412261.2
1729814400,0.3464665242376237,12369397579.764545,366345461.99209297
1729900800,0.32397272855370024,11546253244.993061,545468841.6908028
1729987200,0.3330659842420291,11904688906.03608,318987630.27263165
1730073600,0.3395498778354121,12135503702.908104,206151897.35599738
1730160000,0.3437722573994608,12303351364.924597,340339901.5348519
1730246400,0.35583784576503735,12711428884.851593,399625481.43826395
1730332800,0.35494243479619253,12693763136.654657,378785879.7797121
1730419200,0.34160209824236715,12215759175.79545,343987966.4
1730505600,0.3570443323953907,12755324056.009933,471854642.81477237
1730592000,0.34761902771436987,12424329802.817984,309349316.6693163
1730678400,0.3345206264479513,11967648988.334745,360925330.5066394
1730764800,0.32579471071394894,11647024842.885141,345035678.68431234
1730851200,0.3333004385484233,11924108418.176392,320831265.94092965
1730937600,0.3630158448380859,12981104807.626707,749375355.5058366
1731024000,0.4037781986603935,14391246812.635403,813637353.0596781
1731110400,0.44389542340282534,15879786762.745052,1910279431.328009
1731196800,0.4873424195485118,17405034989.691643,897587308.9383248
1731283200,0.588734921,21024854839.87751,6527580317.057181
1731369600,0.6145826096845928,21992679939.444138,3280194971.0969224
1731456000,0.5761116796720354,20611561493.029778,3181386248.1459627
1731542400,0.5789579396018733,20707050864.589024,2644830608.2299004
1731628800,0.5802320574359904,20620858872.466827,1729922211.7017794
1731715200,0.6970201474228283,24860880015.725594,4090910068.046969
1731801600,0.7369580120453421,26346062209.769974,6267538737.650395
1731888000,0.7021515183224912,25133152050.988632,2501615517.051095
1731974400,0.7363518168371328,26342845056,2548582801.654668
1732060800,0.7389024704178786,26431575432.630917,1635269471.5485222
1732147200,0.803001085,28772128081.481377,4230382202.154202
1732233600,0.8181660122757234,29263235932.69351,2791303410.437808
1732320000,1.0044164266560962,35938316596.75111,6892507799
1732406400,1.0632099880614343,37995867804.11106,7258065363.156293
1732492800,1.0259059332257112,36730492655.154526,4065963806.818005
1732579200,0.9463027550485847,33855152913.243694,3673630635.8309784
1732665600,0.9587323562869567,34323258762.167927,2825247053.1150365
1732752000,1.013312717708717,36252927449.637505,2963844108.950685
1732838400,1.032402701868787,36943407363.53188,1748421855.8847175
1732924800,1.0795804194768817,38639286783.73906,2546200789.234483
1733011200,1.079440192925627,38662755540.67341,2235486757.4695177
1733097600,1.147892256369758,41005304249.43712,2617149103.843603
1733184000,1.1995479309146082,42929048816.169815,5868579244.534972
1733270400,1.201004029612371,42969786460.67669,5490023453.359384
1733356800,1.1842450413974923,42349997240.399826,3185937360.6157274
1733443200,1.166279100460039,41761272812.61363,3576835053.2920136
1733529600,1.2330018039218942,44189030694.178734,2349556943.0838575
1733616000,1.2144434934843331,43485669123.33586,1576905611.3322842
1733702400,1.197963535910322,42885476562.37067,1847543253.3471847
1733788800,1.0077086490874125,35975470613.31738,3803654545.310235
1733875200,1.0166147999655448,36406284690.12914,3773323186.6575675
1733961600,1.087932208,38964602897.82832,2481141444.010295
1734048000,1.123131450089082,40206128332,2483873378.592398
1734134400,1.1167297609853515,39991134369,1480554949.0517018
1734220800,1.0601034433845538,37963590469.38818,1210677610.7550113
1734307200,1.1059376495294093,39691680715.70685,1088430664.0015788
1734393600,1.0805022755134979,38745135408.73237,1725755863.7953467
1734480000,1.049451939411299,37602480013.476326,1578222620.7391448
1734566400,0.9689917114818106,34737600112.46145,2116818094.5756152
1734652800,0.8856294008673282,31782678364.00243,2484376764.6355844
1734739200,0.950615054,34009403993.442554,2967142400.5806985
1734825600,0.9046599113089583,32347333228.842308,1619520801.5214942
1734912000,0.8827956119261179,31642202715.503292,1251460951.2097306
1734998400,0.9228752612988013,33052194008.211617,1373635719.5136724
1735084800,0.9368563828179975,33537004610.047367,1049748351.4339589
1735171200,0.9167515411841919,32863705684.99487,695113060.3027651
1735257600,0.8593419351414681,30811560138.83137,860400720.7111105
1735344000,0.8741699171287979,31327645362.07626,949972681.1647332
1735430400,0.8875851081613702,31824025510.76384,588899480.7586905
1735516800,0.8591433475186276,30776366650.470432,705652916.2069426
1735603200,0.8591305888515354,30753991424.009167,1026988638.0611954
1735689600,0.8442610184323533,30266612410.917095,759319278.4
1735776000,0.9147583319262166,32744580750.79023,995785773.1
1735862400,0.9618480973351441,34480834161.062225,1274967600.399281
1735948800,1.0904865469624805,39147825603.58425,2671600901
1736035200,1.0719205077612817,38453818208.48556,1280366764.8039057
1736121600,1.0939767111827936,39231354061.090355,1363420254.9543183
1736208000,1.0941475413501178,39227241393.95025,1364197241.7503395
1736294400,0.9933347400068778,35617993237.24092,2194412774
1736380800,0.9478995284282535,34053934094.325855,1952408426.0212688
1736467200,0.9060582113414768,32538675410.18652,1342595372.3981748
1736553600,0.9316713148155308,33427260810.72387,1236328893.3650613
1736640000,0.996136879,35743211320.13196,953404924.5156404
1736726400,0.969186965,34751403885.28644,1089023652.0670302
1736812800,0.9450610027794694,33892220057.310505,1540261745.4274852
1736899200,0.9944214498919838,35662574859.58581,1126688332.0067604
1736985600,1.084480992215901,38923764152.820564,2204538167.7741003
1737072000,1.0906700675315832,39112613364.03422,2056463725.0214527
1737158400,1.1369537229272808,40804520589.32463,1822084268.4989784
1737244800,1.1009310555353091,39484505228.01884,1488331235.013274
1737331200,0.9917829386728937,35741621714.614426,2803616184.038354
1737417600,1.0068201561876229,36108627003.68527,2690733265.7307215
1737504000,1.0046310219001418,36008517693.525055,1696335264.1544523
1737590400,0.9802503420918104,35175703118.009155,969709594.2925464
1737676800,0.9880340956541441,35453833332.322586,1201302650.1758041
1737763200,0.9715690918885032,34822616805,882394098.0963601
1737849600,0.9775990304899743,35108848394,516244144.91543305
1737936000,0.9541780430020652,34268966278.076263,512626380.0972311
1738022400,0.9331646231189152,33488600391.781376,1403786414.4657733
1738108800,0.9162358892529787,32866622865.563606,757826711.7739474
1738195200,0.9416326058959792,33847728508.876877,823633204.3938981
1738281600,0.9609684445044405,34498529795.72678,627908707.9566039
1738368000,0.9425307818897108,33831177451.99314,689867624.8457649
1738454400,0.8982630053120425,32282111416.230274,560834002.3078455
1738540800,0.7981056815290045,28509781209.636086,1557168341.9223769
1738627200,0.8095252800415622,29064020846.772465,4656842166.005161
1738713600,0.7469703594022901,26783921617.714703,1559657813.9470115
1738800000,0.7332663432877611,26322682307.40791,819973385.3931305
1738886400,0.7039815460494513,25206944915.247795,827082260.6220323
1738972800,0.7068603366492864,25337871264.321705,886632725.1011336
1739059200,0.7021784786978031,25218641928.38805,543524434.6478864
1739145600,0.6829085131547858,24513353772,668955885.3942552
1739232000,0.7092884772777551,25464206476.94957,738581245.7484099
1739318400,0.7798744439436354,28010657344.561317,1756852350.9792051
1739404800,0.7979754265851546,28633691211.721535,1221550295.0491712
1739491200,0.8102560488773543,29106844488.176685,820914030.7597127
1739577600,0.800915838,28746321360.080658,757456263.8820649
1739664000,0.7814783063035197,28066250054.163837,483682696.9894568
1739750400,0.7713503011207024,27700824921.361584,448632802.4718909
1739836800,0.8072872842141813,28992928634.454105,1010963440.4130156
1739923200,0.7534573390949694,27071231776.918564,883986850.5318347
1740009600,0.7720538356854337,27737590089,684519606.5840904
1740096000,0.8048194414479836,28905459004.53705,675952428.9428601
1740182400,0.7616380207672204,27373879907.036762,864866893.8
1740268800,0.7742502077307336,27839353694.895298,516332439.34476835
1740355200,0.7709438007684473,27687540750.88118,479984499.41313046
1740441600,0.6799958032161385,24410169191.331997,972262987.6922622
1740528000,0.6826325380000318,24560114281.617443,1287399753.2045634
1740614400,0.6446208040699569,23183305183.623463,849327155.7918012
1740700800,0.6461286944605975,23220098443.23013,669250243.5471394
1740787200,0.6340718656426285,22791584461.913403,1118264046.534234
1740873600,0.6582602004111846,23630356571.081604,536866330.7242426
1740960000,1.1383401347214195,40472166586.52675,8117103714.129525
1741046400,0.8568079668844821,30799224328.46031,6121517602.290976
1741132800,0.9435445759037009,33919761564.640938,4805730104.1507845
1741219200,0.9757471161760349,35109293105.75561,3408614285.660695
1741305600,0.9073460390884619,32617678786.52462,2330044713.952941
1741392000,0.8172312446982826,29359693731.836388,3167511497.123035
1741478400,0.804467727,28882396287.35148,1059663491.0446923
1741564800,0.721388146,25933534840.21667,1470024544.8182783
1741651200,0.6750987117510554,24252710350.12148,1891276771.2102654
1741737600,0.7229736562075002,26002378264.908184,1748603194.8700173
1741824000,0.736666917,26487887957.56288,1252379796.262997
1741910400,0.7017276884338084,25224530850.432487,1127266267.0440097
1741996800,0.7386527093718266,26569396966,1018976977.5613898
1742083200,0.7477933206994789,26899724202.787777,662909255.5064604
1742169600,0.7063226566895222,25402420361.681767,751357270.2720457
1742256000,0.7182475371685878,25825294460.95307,712181990.2
1742342400,0.7028326612501901,25280080924.03958,668445030
1742428800,0.7454676924079612,26801201326.88525,1064981080.1987456
1742515200,0.7177817989305744,25805383367.453144,892747061.1771692
1742601600,0.7042253265879588,25345171165.13543,611407466.4808869
1742688000,0.7004888130724237,25197460837.91379,431734884.85975003
1742774400,0.708589879,25514716935.31787,559800879.9
1742860800,0.7299608913945431,26243814222.597847,911524424.8464735
1742947200,0.7456209405094492,26800843570.025818,1057345092.4490489
1743033600,0.7280096173884845,26183821517.33193,908223545.0922289
1743120000,0.7381307766619702,26553112212.889977,561347037.4894052
1743206400,0.7054500054704209,25351181721.866997,774769179.0151162
1743292800,0.6740559356529756,24251446924.005077,621436559.1898086
1743379200,0.6601152181346328,23726226141.432636,478487682.2075428
1743465600,0.6611376773087757,23755197130.731976,739596439.8428652
1743552000,0.6782918986781525,24400059994.544003,685084959.2043678
1743638400,0.6416810199741727,23094651714.339256,907260521.3
1743724800,0.650635234,23450013113.346134,850771125.3544065
1743811200,0.6605590488885138,23776253010.187023,858616116.5915514
1743897600,0.6562187375321188,23579970910.38866,384994433.1
1743984000,0.573016902,20666417039.717037,948643369.2
1744070400,0.5846653688337909,21120215010.277958,1902830957.1750555
1744156800,0.5576109268777084,20068874438.813213,1236707673.7302747
1744243200,0.6320092192400434,22804662648.547665,1601016157.2231832
1744329600,0.6099453101466736,21973673981.35284,890738740.5438374
1744416000,0.624013664,22461371679.601933,823024435.6207166
1744502400,0.658135992,23694035438.31094,658708096.7725409
1744588800,0.6370042586934123,22924547549.241795,644314435.2323939
1744675200,0.6347389438662727,22854878995.609505,680079736.1791881
1744761600,0.6080639244271904,21888516690.83251,709020814.1750429
1744848000,0.6106653469788688,21981556631.93492,591359664.0730368
1744934400,0.6168950161106203,22230558699.064613,448807472.6198462
1745020800,0.6273043794612541,22592327114.690586,374649872.12397456
1745107200,0.6280852975713835,22622189176.60253,331430508.4467672
1745193600,0.6202087731824584,22337661484.398872,354987761.1249453
1745280000,0.6226371412727918,22362490105.58631,632027422.0139718
1745366400,0.6821362911471233,24576709560.09274,834269402.8814627
1745452800,0.6972646472481486,25113980634.96606,967029539.1144488
1745539200,0.7220676397924738,26024119878.803486,1035019627.1012883
1745625600,0.7138859038055668,25734514974.235474,949069153.9271946
1745712000,0.7075935331519487,25489395856.82053,659341778.5746859
1745798400,0.704070172,25365427213.288475,567359217.6728809
1745884800,0.7052906740354157,25396071554.80783,889987578.2822492
1745971200,0.6957354792970168,25058289629.62698,817939170
1746057600,0.6820275063998128,24581778371.706387,592053391.6761067
1746144000,0.7048540559063339,25375977433.257507,586072580.7401356
1746230400,0.6974986414291682,25131746179.239918,606872856.4955413
1746316800,0.7013467253059199,25270033507.44271,752443709.4776694
1746403200,0.6763756494805502,24367594666.30902,661246645.1
1746489600,0.6631639151504879,23902451669.187737,664925434.1708654
1746576000,0.6787761903074216,24463961860.236828,552471849.9156157
1746662400,0.671376496,24195472086.44848,582536184.2563542
1746748800,0.7651537464755499,27573582317.24719,1355272025.0992892
1746835200,0.7773024778174161,28017302190,1491055749.585572
1746921600,0.8400596557571808,30273711466.994972,1390682398.3795056
1747008000,0.8048629924679394,29026449066.14648,1096359925
1747094400,0.8191103769126542,29542116778.912956,1891364013.690922
1747180800,0.8312541090164433,29954816642,1249623977.9694462
1747267200,0.7985815955519888,28792428287.352615,1166899569.1134908
1747353600,0.760909267,27455207028.84503,1032947704.5832616
1747440000,0.7605802350885046,27429254114.591362,777814627.6177915
1747526400,0.7424784161936966,26771209957.898502,906498912.2572886
1747612800,0.7518394820880364,27103935183.698914,949005467.3644464
1747699200,0.7426046048097757,26763365631.510124,855716668.7541951
1747785600,0.7456441858290309,26896666173,690998975.7792397
1747872000,0.772065003,27846926422.847866,1077168981.202006
1747958400,0.8077548195843751,29122690912.890488,1069425848.6042526
1748044800,0.748254248,26987696231.472794,1417851508.940276
1748131200,0.7460261925160765,26915457892.192314,630031485.6921482
1748217600,0.7589761692612583,27376875342.49229,673782320.8
1748304000,0.7582470752465925,27329648727.029354,588809796.8894885
1748390400,0.7578018172885506,27335151620.23574,652902725.7086877
1748476800,0.7465205662397495,26933461451.48573,546997351.3
1748563200,0.724272086,26140481607.693043,649806532.9053063
1748649600,0.6912614352706643,24936281521.462746,935627012.6
1748736000,0.6863035406713839,24770107966.349792,721005660.5061203
1748822400,0.6853559510305921,24732803096.96209,524853161.2361533
1748908800,0.6900620402912112,24897321616.93426,570636794.5706515
1748995200,0.684833771,24719577929.77698,494639383.16412145
1749081600,0.6662352525151268,24031661959.243477,400096118.0279466
1749168000,0.6279989717216173,22669093697.72637,759754191.8443644
1749254400,0.6564156318236438,23688475463.256935,579132039.6493936
1749340800,0.665097118,24001422606.92728,345182718.07783103
1749427200,0.6696475032429187,24163646338,445907844.38359064
1749513600,0.7051927875959849,25460038499.852898,556699782
1749600000,0.7161084051691045,25850664174.35787,816441834.7804779
1749686400,0.6978609557770317,25160602643.74649,650490779.2528718
1749772800,0.6645616396607636,24003158282.344933,644736788.8081536
1749859200,0.6415287116259395,23158300345.938816,967144196.2984973
1749945600,0.6249531411165467,22575311987.07911,377703624.01002413
1750032000,0.6338091675682362,22889350209.536217,306474152.5964094
1750118400,0.6348092267777333,22979462817.49069,634345979.7
1750204800,0.6114224843190872,22071392275.60785,668780456.8391515
1750291200,0.6031520541269734,21783323049.759445,649432905.7020996
1750377600,0.6022517506298001,21751920916.336826,411526119.6336923
1750464000,0.5768480561772417,20831639963.30233,655089381.7343858
1750550400,0.5507083653541873,19860269185.90414,616320411.8508501
1750636800,0.5411301510006504,19537396057.24764,1046673222.5903796
1750723200,0.5832401178415064,21057250286.824142,923344856.2
1750809600,0.5872194649270592,21196882832.72242,716773448.9598132
1750896000,0.5667721482568538,20470415241.919304,549499472.3311824
1750982400,0.5541621947716998,20010411784.30248,546164591.2662042
1751068800,0.5586998411211989,20174280342.176563,461343367.5389696
1751155200,0.5655976009022613,20424929514.86251,328696976.3556034
1751241600,0.5775074724180472,20858414265.292507,546299719.7888314
1751328000,0.5720180140652412,20684142744.85075,685730060.1
1751414400,0.5421512626893101,19585607723.227657,631715565.0969181
1751500800,0.5846952591552708,21133767251.680595,934344132.0381689
1751587200,0.5987839336899987,21633131946.871044,723259758.2613916
1751673600,0.5728146380802783,20697995165.973225,539620249.5139698
1751760000,0.5760131698614164,20813202746.91737,287359327.05554503
1751846400,0.5857056935866781,21156942766.067593,379742988.53059584
1751932800,0.5798100944867142,20943830668.335808,559194866.5817564
1752019200,0.5882961516358525,21259747612.82569,487674618.9568239
1752105600,0.6236218758822067,22540516235.56783,921412284.2952383
1752192000,0.6771328310749256,24444263244.468845,1062017291.4508075
1752278400,0.7108207334882014,25672405503.037613,2545650162.8728247
1752364800,0.7087303921384289,25613724704.18816,1194202622.657187
1752451200,0.7378983923650405,26660181602.59593,1350750371.5082395
1752537600,0.733985781,26532072959.49291,1572853324.2413535
1752624000,0.747277635,27037380803.49243,1354949575.963603
1752710400,0.7641507655300265,27624992915.283783,1385025802.8377533
1752796800,0.8253351061679741,29850896753.24459,2320405580.9458838
1752883200,0.8161741510181671,29502558305.99875,2744061820.5816364
1752969600,0.8304330576753646,30024974055.989353,924051674.3749669
1753056000,0.8583354631312871,31047712267.721386,1647913109.454905
1753142400,0.8904182879941529,32190550774,2186221398.6047134
1753228800,0.9027605176449547,32643748747.138596,1915066491.9679723
1753315200,0.815884567,29503031155.557465,1761411667.1605673
1753401600,0.805016184,29107926734.580917,2046328243.6132076
1753488000,0.8148215317217962,29468903807.462296,1632181351.1474926
1753574400,0.8190799958273328,29623156356.94634,1141573915.9722888
1753660800,0.831249582,30067518415,1223441648.3256605
1753747200,0.7906518877207298,28621028508.355045,1539117170.2628875
1753833600,0.7823246045491294,28290631586.997494,917245865.0723526
1753920000,0.7642835190955796,27607254837.245083,1436810681.8436756
1754006400,0.7396045672641582,26751946879.088196,927099828.2246138
1754092800,0.7145221914128183,25843222678.411034,1721833578.4874027
1754179200,0.6980981330649948,25270704157.51123,1148774439.2067535
1754265600,0.7262374028449563,26272725344.980904,993385819.0972399
1754352000,0.7552702347266081,27300143209.32432,1165089532.7492764
1754438400,0.7263781593451547,26293719246.14387,1171851083.2208505
1754524800,0.7414880462752388,26833114117.169598,977023434.5
1754611200,0.7865689725619774,28471398198.395878,838963353.4
1754697600,0.7919870397270753,28659443642.173447,1523418756.045653
1754784000,0.8034979007903974,29079348117.05265,1208313252.4320037
1754870400,0.8012979525448268,28988863758.50254,1257795443.8588612
1754956800,0.7742441113077331,28000741588.63861,1580757170.1455648
1755043200,0.8421230587329199,30633840141.73552,2317731355.205162
1755129600,0.9083262306993797,33044965862.947685,2732159764.0074096
1755216000,0.9257907750447252,33678681849.877792,6262477377.006203
1755302400,0.9417993288449931,34201442401.211502,4090456817.7946143
1755388800,0.9202323179786044,33534298542.16581,2594889554.9425573
1755475200,0.9632097962031909,35136622709.68754,2548707795.1838636
1755561600,0.9234551905457825,33638149411.64285,2628037750
1755648000,0.84485291,30878164176.062717,3039130017.890459
1755734400,0.8814325132681368,32193812067.951828,2091187849.2292519
1755820800,0.8500620636669307,30920082779.219505,1533388209.2835274
1755907200,0.9292153711002944,33888083371.793674,2310244345.9738755
1755993600,0.9131672024037382,33307859761.66244,1547871628.4124138
1756080000,0.9103477002497992,33220442409.963837,2365868259.601135
1756166400,0.8383085888787645,30576883397.77818,2475738564.1436143
1756252800,0.8667872730928795,31552851977.241592,1757480771.0628576
1756339200,0.8500970609404207,31031845476.013336,1564491256.7458448
1756425600,0.8571816065931211,31275554640.27276,1447642760.5189126
1756512000,0.8272541831683505,30191720594.754883,1819818947.7928045
1756598400,0.8219618530060325,29993331733.20365,696060557.7
1756684800,0.8116929323571344,29618687472.74614,962834018.1431152
1756771200,0.799421995,29176857497.412636,1796172919.722201
1756857600,0.8345690454988189,30418394264.73791,1490974794.7765043
1756944000,0.8358193960502531,30491850785.06975,1146558111.1280096
1757030400,0.8103356761503423,29594964680.725815,1102148615.9189978
1757116800,0.8308551338308517,30321228732.468697,1121578867.539977
1757203200,0.8185531180763999,29882937560.817184,850472090.6641397
1757289600,0.8363048012672472,30557346889.157085,1021552780.8007756
1757376000,0.8646800277854038,31568819752.85428,1691794761.1033452
1757462400,0.8649298409057776,31576854828,1990098821.1710768
1757548800,0.8853218749788114,32276611747.96258,1532700295.741913
1757635200,0.8939522635864209,32611694457.622974,1271457105.8612123
1757721600,0.9169478146623894,33457444011.541634,1454391842.8665938
1757808000,0.9299550781941931,33950673816.44653,1981983107.1599066
1757894400,0.8884370883146469,32415842037.909878,1700018608.6187458
1757980800,0.8623288816260523,31476741109.050602,2198306930.353841
1758067200,0.8803872516725199,32148502354.966366,1535737124.6753068
1758153600,0.9126236395968257,33321357586.710964,2162211909.8838787
1758240000,0.9252028118570796,33785452870.507767,2320855756.374952
1758326400,0.8905595744647299,32507329630.968914,1874213489.2227256
1758412800,0.8925758915569314,32593165349.879036,1108991095.7394426
1758499200,0.8850224534941044,32324287487.64935,835345737.6
1758585600,0.8255736,30153630917.763603,2210789664.528847
1758672000,0.8089077971236107,29559294294.295223,1348498942.606384
1758758400,0.8123841509479168,29650811254.29164,1311940099.4603145
1758844800,0.7619264564902304,27840907749.41884,2141132625.0271041
1758931200,0.7913610637637805,28895308011.80927,1413078427.201117
1759017600,0.7811470666284351,28536905398.264267,833231521.9410535
1759104000,0.8080370823129959,29507764647.09231,707497018.9646478
1759190400,0.807133731,29468826433.226425,1308146095.203158
1759276800,0.8068637853072127,29433473473.485676,1028756666.4014732
1759363200,0.8491773015153895,31013738968.162586,1697702164.0677571
1759449600,0.8692139848155263,31747923579.594357,1721167459.1807632
1759536000,0.8664561725583831,31722785342,1333990265.720089
1759622400,0.8399090418000441,30696679507.47038,1202387524.7048259
1759708800,0.8375475310775687,30590526365.830837,1583032733.6624525
1759795200,0.8721011125465495,31860301985.10754,1756667037.6016634
1759881600,0.8210650617728257,30001314413.361378,1827010736.9137087
1759968000,0.838822965,30669739285.396355,1241767946.1039858
1760054400,0.815304028,29784919814.417305,1113414734.087583
1760140800,0.6386898030904008,23605065854.339256,4192415361.845668
1760227200,0.631959064,23106821305.626114,2973633773.2386045
1760313600,0.7011687633663608,25623214161.60939,1848585986
1760400000,0.7285348662016478,26636874912,2048211445.7615647
1760486400,0.6997448119049228,25588185191.301388,2015894272.043281
1760572800,0.6682233140928284,24407987204.276268,1107756710.7383668
1760659200,0.6445410613357602,23565652356.060738,1511932115.7957428
1760745600,0.6252076632789738,22866248940.403053,1855449466.4904933
1760832000,0.6340674459608995,23179380343,505111912.24621665
1760918400,0.6522873380531202,23842998969.417892,812048809.4550594
1761004800,0.6633267576932305,24254426617.767754,1256409525.5887775
1761091200,0.6425868505706848,23490830623.03938,1373643923.608071
1761177600,0.6229496606380028,22763781503,1281071807.0111005
1761264000,0.6424736489099836,23486557822.156876,741364681.4404613
1761350400,0.655323651,23990234037.572052,1057107725.3010308
1761436800,0.655259184,23960676162.153694,702615038.7612351
1761523200,0.6818433964586408,24979210462.48876,754305245.1699442
1761609600,0.6677783136189024,24427984381.932465,1128518779.409593
1761696000,0.6462344815151022,23638623543.357887,1756532959.5627232
1761782400,0.6396415594827642,23390596358.59348,1356729248.1211936
1761868800,0.6005020308237154,21940112187.643124,1448848330.398687
1761955200,0.6091366463515688,22288418834.316723,1075511005.9929776
1762041600,0.6124627436807519,22404293997.44051,724185412.8050234
1762128000,0.6084487913662481,22260308511.39608,734062923.9
1762214400,0.5515628929830783,20180026170.259354,1455443642.723285
1762300800,0.5221979514762445,19092353963.262577,2023235265.0644453
1762387200,0.5463567141721513,19994785760.66579,1334395075.5400953
1762473600,0.5301976718280389,19384150316.19734,1050739310.2777604
1762560000,0.5774284193527571,21150331183.963207,1522536423.3684998
1762646400,0.5693083886113898,20830204993.868023,1057238243.475552
1762732800,0.5780669958919988,21133544029.35504,923546078.2
1762819200,0.5928514083039514,21698542500.255333,1054764298.338172
1762905600,0.5563268220032412,20373480500.51138,1031029185.9420815
1762992000,0.5449227361092355,19947647052.432705,730404055.5185716
1763078400,0.5299516655318876,19491169898.327972,1212570625.332832
1763164800,0.4997404599990273,18318821510.060055,1397940395.6840236
1763251200,0.503532576,18429616382.945747,683217505.0083947
1763337600,0.4854372175536348,17768337374.05377,1187911953.360108
1763424000,0.46433588623818545,16975221662.879234,1319806242.5570447
1763510400,0.4742758437329251,17358816999.336777,1243310089.048481
1763596800,0.4623659952901655,16921863605.803028,1186593877.0305908
1763683200,0.43327864085807377,15890856884.992668,1104254926.7545445
1763769600,0.4092517353441109,14982524341.308912,1640936233.162468
1763856000,0.40422711181283716,14804054058.191086,693509352.1602631
1763942400,0.4087855830511881,14971674523.124762,785336296.6710625
1764028800,0.4281738044072852,15675094575.317991,953657437.0446856
1764115200,0.4219896221912819,15473687142.486006,795047890.3948499
1764201600,0.4352971872758615,15928752757.717518,732834736.3069608
1764288000,0.4341785061217995,15906522107.16894,638467716.8220394
1764374400,0.42029498445450547,15389717671.618423,590579772.7
1764460800,0.41552238937491265,15217365462.819124,370607062.43339276
1764547200,0.4159030076033001,15245428400.244513,552633542.5
1764633600,0.3859166718295545,14150882346.84061,1200916999.3972428
1764720000,0.43408399808897763,15902791894.148985,806290998.0324867
1764806400,0.4506013983059428,16495716181.123154,1120115996.162602
1764892800,0.43941610845250884,16090507018.55428,619788412.7636155
1764979200,0.4160575632488133,15238604441.552677,654860340.4958388
1765065600,0.4134801451506309,15133784406.35435,354434218.5465959
1765152000,0.416366693,15252980470.333248,618797400.6811795
1765238400,0.43188757492468294,15816935846.888266,635784215.7391385
1765324800,0.46961615663672474,17198390326.176136,1359200478.5056348
1765411200,0.45347355655552735,16634965069.586922,1039978623.4120744
1765497600,0.42521283622436856,15590817459.125496,1204479699.8093407
1765584000,0.4091664516133892,14993951120.304155,738086725.0753626
1765670400,0.4108578417683537,15056131122.86185,356792621.3756291
1765756800,0.39681623943445415,14540050370.641296,544839103.6866584
1765843200,0.38782994878592125,14214181312.129726,672078730.3818792
1765929600,0.38516550979644554,14115871650.075752,561447525.9836688
1766016000,0.3665425186458596,13436419631.186995,658953122.8
1766102400,0.3513699950904202,12872144660.985806,707615843.2120309
1766188800,0.3766048749562655,13802822030.295174,601743512.8148882
1766275200,0.37299043487625894,13665894951.88705,316956270.7403169
1766361600,0.36590836962083917,13417724787.394276,454567351.1615337
1766448000,0.37053001228758087,13579676203.93938,600451736.3341311
1766534400,0.36294569611079375,13309585925.71582,463350269.82886666
1766620800,0.35643603510161853,13063036650.940454,422211440
1766707200,0.3429765605884549,12576864576.627642,519812095.1350344
1766793600,0.34958175338513353,12816538755.298286,513726852.57939994
1766880000,0.3692021183389627,13497851069.653244,400225355.1217705
1766966400,0.36797930964958125,13489166398.814186,469171300.47340584
1767052800,0.35282457142206264,12933986266.55497,744531042.2187932
1767139200,0.3511102528327861,12873702313.742434,492919084.7891897
1767225600,0.33266848544608396,12198267524.25142,603044492.5354112
1767312000,0.3561620385901469,13066529553.387571,529793024.45540565
1767398400,0.3931049701568067,14426105193.908403,964111193.6
1767484800,0.38934426155670243,14276366657.288755,542370995.3860264
1767571200,0.3993819883187458,14645990251.096838,668421992.4307628
1767657600,0.4224056198958727,15492381032.47573,928849196.2
1767744000,0.4197205661509681,15390716646.922123,917505274.3599485
1767830400,0.4015703977322737,14725551727.147272,576256667.1
1767916800,0.39567627057017124,14515082108.723953,649804797.5
1768003200,0.39069769880959526,14332944911.57117,490947472.9927126
1768089600,0.388057434,14234800812.300995,246072662.6040193
1768176000,0.3901948173072007,14299648778.774736,371923002.7644267
1768262400,0.38583269299610023,14153860268.217781,576299330.9389313
1768348800,0.4201754943648495,15434488078.331722,817626252.1653152
1768435200,0.41451929004035454,15236528089.205847,765540741
1768521600,0.39358072637379005,14466568182.104095,659930131.8
1768608000,0.39543383895050876,14532994847.909462,538030789.3823873
1768694400,0.3962039725095254,14563572709.206743,324362557.8842998
1768780800,0.3777256948570596,13934547327.324175,392232258.33362305
1768867200,0.37019735512250185,13616130544.954687,943349939.6489736
1768953600,0.3509077527889071,12900809140.319748,717110291.0411562
1769040000,0.36551834288545615,13438398215.785418,678038100.8490642
1769126400,0.35874644488806817,13191480962.028658,385311747.23700505
1769212800,0.3599768411955781,13240244119.296232,390144490.5837346
1769299200,0.3581573392104223,13169899553.68723,192649483.48340338
1769385600,0.33874558887242673,12459953723.155846,478392916.14789385
1769472000,0.352215092,12960724963.160944,454058137.2404203
1769558400,0.3607127926216893,13269283674.246338,440195631.28791595
1769644800,0.3578492554310702,13170297447.386086,432032904.3653863
1769731200,0.33403555503250293,12286248660.350487,621302974.1877991
1769817600,0.32039195184496866,11785820344.617476,740201156.1429144
1769904000,0.2933197862841921,10788918826.255716,1365400314.3449543
1769990400,0.2863646051047106,10533234835.810154,726865754.3685011
1770076800,0.298815193,10995715413.63131,838649543.9
1770163200,0.2905944812699618,10696074908.50055,715693863.2860868
1770249600,0.287004135,10557285490.240927,681239742.9544241
1770336000,0.24569164116649098,9082744982.529907,1393953062.2240193
1770422400,0.27622977644165136,10164417183.745182,1747740772.0764942
1770508800,0.27222668572815106,10014738827.987143,1146180172.4997287
1770595200,0.27064423469208887,9958241941.062593,768671398.4908665
1770681600,0.26994029871198044,9932502523.691235,614222695.6652656
1770768000,0.26162742149269524,9626306452,364590148.29695773
1770854400,0.25533384814610166,9394476866,403154699.79614437
1770940800,0.26413425769481996,9718758465.127356,411820749.7756639
1771027200,0.2724328215197824,10024221368.842335,400628729.6314762
1771113600,0.29515523540256966,10862663134.593477,486182614.3813668
1771200000,0.2817628812286573,10368012793.010773,549242071.9014269
1771286400,0.28574025058545544,10510122632.430927,349371111.4677838
1771372800,0.28099609455531566,10339031457.268772,339535418.4949909
1771459200,0.27357908716740614,10063120975.608107,355848595.9
1771545600,0.2724872798232589,10033143620.649017,323266710.37285775
1771632000,0.28468067929917146,10473957234.732431,501581168.06792635
1771718400,0.2800732424232308,10308719959.490116,256866565.54747927
1771804800,0.27080691877291263,9961598841.594534,253157931.52210674
1771891200,0.262256733,9656024887.362213,471484774.6646045
1771977600,0.2586615136138729,9527281211,362066331.0763027
1772064000,0.2959857984328358,10885675633.05116,1070604121.7396953
1772150400,0.2869597434290402,10563956354.280005,654261846.5453614
1772236800,0.2775514786559025,10218319657.64662,481948228.9757182
1772323200,0.281885144,10373655205.921967,706664076.5383303
1772409600,0.2735336530971066,10071434744.198935,574121115.6475722
1772496000,0.2767482772943707,10189021644.010284,602369671.8040307
1772582400,0.26315667884254573,9690820896.130474,679079183.9237806
1772668800,0.2762900575242947,10174615032.376286,950433169.3190843
1772755200,0.2690471897207536,9904989815.548101,555711854.2955176
1772841600,0.2592346328031241,9548241911.365742,457180647.41560817
1772928000,0.254714731,9380225244.496065,329456304.1086405
1773014400,0.24928958557817998,9187639741.490269,400374592.87723005
1773100800,0.2549619393133554,9392055934.667522,521574415.4
1773187200,0.26195591046204714,9649153473.419252,621491064.8990632
1773273600,0.2625767126470387,9671456629.544138,451161051.5471935
1773360000,0.26334793127812367,9701140386.609343,352680745.6075017
1773446400,0.2657151587099227,9786913786.849724,625301582.2564317
1773532800,0.26304469873935526,9681435318.299349,352378093.91385347
1773619200,0.26961976523627484,9931306180.443811,356863114.0877455
1773705600,0.29057185397204965,10712233485.127449,1053051263.9269617
1773792000,0.28914068149251376,10652691489.911802,593616944.3
1773878400,0.27420613530329707,10103249548.683437,561525376.2891245
1773964800,0.26705261097698063,9833639608.307167,429264607.13101697
1774051200,0.2661642467208917,9808835099.501375,365484236.92253804
1774137600,0.26102016859451804,9633898647.506168,244245383.78503147
1774224000,0.2507536127327248,9242336091,471639628.93633544
1774310400,0.26127788317903267,9627231342,645926457.0457813
1774396800,0.26609034070259674,9801604756.155653,431714555.8816002
1774483200,0.2699890266304743,9946800579.512083,463769089.2066839
1774569600,0.25477361093470824,9380637436,474647098.8054131
1774656000,0.24599003932856503,9065137256.698591,495312467.6664771
1774742400,0.2455610952102052,9066894698.102972,298846815.2715913
1774828800,0.23952550129211267,8828742114.469408,445016475.75348735
1774915200,0.2430610836889435,8963361286,405098621.2
1775001600,0.24169472723109567,8907947775.965868,472649859.1100496
1775088000,0.2478714750562011,9139693935,477006817.6231453
1775174400,0.23928426010712744,8828169606,546451488.4463091
1775260800,0.24608197985742547,9073564635.838514,378395185.24952996
1775347200,0.24783138917840428,9139960171.399788,236623446.9508601
1775433600,0.25015160536242165,9226135526.273716,280685054.26660675
1775520000,0.24609213109837516,9077799939,491478774.46586776
1775606400,0.2646163556153464,9779067777.278196,565265992.4589212
1775692800,0.2506239957011522,9244038927.794779,451597521.8265974
1775779200,0.2538034914563596,9374931461.189306,323771780.7500298
1775865600,0.2542004099929077,9390666028.397085,372709983.0943802
1775952000,0.24955358250726403,9218600384.910038,423178214.82574934
1776038400,0.23612751513278712,8720034137.691711,480019028.6193192
1776124800,0.24813111229708085,9166967369.299423,470497611.8024424
1776211200,0.23969013376115428,8858239435.634634,449775999.77906126
1776297600,0.24598551389228787,9089256793.778934,414873743.74010175
1776384000,0.25941680733777783,9586698302.130733,640797794.2589658
1776470400,0.2588297684540943,9563271583.652777,588488249.6309563
1776556800,0.24960658117648307,9227292041.067152,378973493.6022832
1776643200,0.24249705859607495,8965632999.943275,506644920.9260216
1776729600,0.24821786069773769,9177612435.285776,476647468.2277773
1776816000,0.24963961273216978,9230064203.864092,394904941.30405366
1776902400,0.24864792861124946,9193211608.275764,428923187.2531257
1776988800,0.2500061492922761,9242418558.610134,403278418.9564197
1777075200,0.25040834224066794,9257561854.966825,295088755.0493712
