snapped_at,price,market_cap,total_volume
1597795200,2.9366649977840584,0,82413981.29681122
1597881600,2.9366649977840584,0,82413981.29681122
1597968000,2.89879087,0,49511744.88463916
1598054400,2.8719231582885576,0,51233752.827103466
1598140800,4.481388823739925,4028277492.3881054,473920951.2911821
1598227200,3.9660827659100875,3630430965.6868463,335685225.4482104
1598313600,4.576939499077849,4162344881.7015166,395502571.8989607
1598400000,5.493947148,4910960800,729611892.2
1598486400,6.067730199404114,5508438431.636099,853376793.3117362
1598572800,5.6385306333733185,5147685413.841153,995432623.2
1598659200,6.1623228698425585,5563188700.133332,584978197.1298553
1598745600,6.148507935787226,5580674883.763024,407313299.8601509
1598832000,5.901759394871453,5350103716.769489,366896197.48982257
1598918400,6.298797722,5712939724.608923,430398059.7192618
1599004800,6.229619252395945,5693335995.934683,472601408.55368245
1599091200,6.158884269227721,5597505846.232816,485766767.0734896
1599177600,5.683421169603046,5294708814.664548,630783985.0451007
1599264000,5.1340152181772725,4675680671.656081,676657581.6459368
1599350400,4.130197887,3750820473.971468,595268790.8541288
1599436800,4.789627897,4394131227.7377405,511543436.75403696
1599523200,4.5949309096714614,4190737575.784357,365705934.9831117
1599609600,4.282524684960109,3891004373.7933345,234920666.9
1599696000,4.703108697943335,4298181268.775718,274399152.6284701
1599782400,4.577765287676936,4177237545.060083,254092704.72602594
1599868800,4.625864199988795,4216287873,212155209.23847777
1599955200,5.139290011153086,4663414090.094169,317307477.3197743
1600041600,5.294815256024742,4819470920.9595585,413410119.80475265
1600128000,5.339198957352251,4874640596.625649,368584203.1748962
1600214400,5.113838698353973,4673343463.456086,301361216.9
1600300800,5.075261806582743,4634502328,272070780.6235744
1600387200,5.323352024016255,4871310608.622429,299530704.44409996
1600473600,5.242095138770248,4771593286,218845784.12899387
1600560000,4.924359684930011,4511663057.978728,180793689.67015743
1600646400,4.673545848129287,4287331139.3953447,277405320.53644466
1600732800,4.089749652347997,3770969365.206551,376122862.04748017
1600819200,4.168355680932848,3807699809.7726593,207312314.25066918
1600905600,4.0160363563658406,3701917991.0629163,208272484.1319433
1600992000,4.389748821648701,4024415210.879658,212165515.13304597
1601078400,4.412862728,4036996777.5289283,176573807.95552978
1601164800,4.340299971503735,3981431937.9363737,124028159.47280042
1601251200,4.306460643533152,3966805487.8693743,123873259.31149642
1601337600,4.420033114111349,4015168631.8723865,192688341.9893024
1601424000,4.491527362227763,4123709369.6045084,200465046.6652287
1601510400,4.347197258520258,3998481295.7904816,131549097.16661954
1601596800,4.338624033430472,3982054342.146103,185800897.37967393
1601683200,4.122609864205513,3786983100.945344,205627933.56633562
1601769600,4.066948359187792,3739978579.4404645,104601491.58937459
1601856000,4.176764230629664,3849818336.1017737,89731299.09326749
1601942400,4.1602369454029935,3833319535.2399874,132019868.42462733
1602028800,3.7488354717069563,3440251736.5558577,210625817.43183962
1602115200,3.852999443688667,3541978347.8554893,216001362.39253852
1602201600,4.101843106713311,3769762007.0828257,214716289.6
1602288000,4.258895921902619,3921415690.922872,182371173.03073755
1602374400,4.254212996164335,3919459351.7433486,163446062.4110077
1602460800,4.250188243961778,3916199449.3647904,124735788.70912461
1602547200,4.316288996695248,3977129133.2757235,188455914.3
1602633600,4.248906706000911,3915494879.7760305,155609893.3297254
1602720000,4.1946440236628275,3867261708.4269414,168709011.56224796
1602806400,4.094854852342111,3777390476.4718733,143464781.4780979
1602892800,3.902291340576514,3609407515.0339217,161294195.66031703
1602979200,3.9644790925219424,3658072954.9526196,69398889.68866682
1603065600,4.106552351478096,3790640346.1402893,84816935.22137997
1603152000,3.991640613782067,3671134189.284116,95007120.32225177
1603238400,3.9071668227555576,3604225667.8517904,148089643.50211453
1603324800,4.13130491,3812512446.0483255,174236165.96079922
1603411200,4.264652281323652,3939180404.081174,146291489.18888167
1603497600,4.256187304957874,3933812312.373021,164831205.4380136
1603584000,4.350430279896141,4020658006.777102,120332452.89074594
1603670400,4.3340414314672575,4012939180.8089256,108292827.4
1603756800,4.687976438792263,4329655077.1763115,274074972.02018064
1603843200,4.682587970002437,4340749573.937261,265898434.61678487
1603929600,4.360419431708068,4034473421.2102537,202108505.00692162
1604016000,4.0535048878831885,3764515251.518611,200320469.3863818
1604102400,4.090725680953809,3791580626.3780184,159228530.14780968
1604188800,4.178017676018528,3874741303.6816278,91136861.76934384
1604275200,4.2018859212030994,3895006456.472724,81646034.91053519
1604361600,4.024507247,3739887980.0737333,140951326.24756223
1604448000,4.025233393564967,3734301175.4767933,122070013.90305401
1604534400,4.081369264,3787360078.116946,167238369.00696442
1604620800,4.2330784917447986,3937088642.1498547,147107170.64734727
1604707200,4.570121705410882,4258511485.891999,189796195.46608785
1604793600,4.237073500377915,3945482202.1835647,278868817.51144844
1604880000,4.363189805,4078246608.5763006,128160233.80415396
1604966400,4.339818011981211,4036915102.2553153,140530467.26834425
1605052800,4.409560532264164,4109275213.3344407,127503833.19442774
1605139200,4.4487908956058995,4142055650.2154307,150334795.18311763
1605225600,4.387897880183851,4082668445.386233,116847228.49038725
1605312000,4.543670476701079,4230663243.511702,114376307.5174001
1605398400,4.467036595848679,4162232116.8495955,105545036.03024603
1605484800,4.371535464067909,4077484365.323717,101700104.16889997
1605571200,4.489781697889019,4179039016.9363775,134948395.12151504
1605657600,4.830331992396186,4503849621.370429,262107641.97021005
1605744000,4.685764153907629,4363793226.847716,231442094.2624644
1605830400,4.754053430688043,4437744294.637405,254597411.67709658
1605916800,5.2291137797130105,4882026485.544076,453367042.8198105
1606003200,5.757536694549964,5380273377.455998,434969224.6240124
1606089600,5.494676717392706,5170209964.717677,402300034.3749447
1606176000,5.895639961337506,5467632721.652316,459048675.4013789
1606262400,5.7134397129088965,5349446030.631042,495215338.30771893
1606348800,5.304069822023128,4944330444,338334053.3515652
1606435200,4.799368169183063,4481218213.2427435,590290526.5461713
1606521600,4.789256503946778,4472460027.798345,348738180.8792862
1606608000,4.889793511050391,4574371937.667865,165147373.40301624
1606694400,5.185800478185966,4847631627.853293,180449728.82591808
1606780800,5.354461939485786,5021807204.881335,281162258.87326753
1606867200,5.103662736678471,4783025652.238981,283997579.19488394
1606953600,5.4791688023995855,5133075936.979941,221443721.34281644
1607040000,5.410465394503286,5064584908.140408,180056113.46700332
1607126400,5.050151461894864,4723585460.440241,187447411.29744184
1607212800,5.192111883448054,4859029118.679096,163925878.93170908
1607299200,5.1276943188376345,4812002430.024476,124802254.50752078
1607385600,5.060144766864494,4750708656,122459164.11119731
1607472000,4.739434958246353,4473125093.332668,177229440.09950307
1607558400,4.863467872055046,4580216020.823783,188894951.16754755
1607644800,4.799326849064115,4520011663.465658,124920916.15278496
1607731200,4.627222115400451,4350296965.757761,151211192.49292222
1607817600,4.737725656552705,4455620171.257192,124398004.61164066
1607904000,4.8891194895528125,4593849679.408428,149377920.07492235
1607990400,4.898343040590993,4612926971.9815445,127483634.08531529
1608076800,5.262614123384493,4983814223.593981,226657411.00945666
1608163200,5.358418752997773,5051770600.2730875,280617074.90846276
1608249600,5.346437615969691,5043374200.259078,388878613.38309264
1608336000,5.3643097792530385,5047179446,238147666.04239407
1608422400,5.338112956518199,5043012871.235929,221959265.0973418
1608508800,5.182239119670477,4884986668.975207,235826101.90278256
1608595200,4.892651644964082,4642851803.926471,328011704.8498074
1608681600,5.153342961453958,4875242738,332723854.8795314
1608768000,4.738927848976903,4489530313.422168,322787689.4904395
1608854400,5.135446440741811,4859778621.300656,298616200.23050565
1608940800,5.211168044078331,4939071509.721283,215984215.3337366
1609027200,5.211078203647316,4920780281.244822,389881571.49156916
1609113600,5.170288678373178,4917775037.589005,599564761.8727797
1609200000,6.609020866254324,6274967873.493339,1001838592.4843612
1609286400,7.574707918682685,7217589339.709585,1623438090.7900755
1609372800,7.279015190253465,6890483558.510944,1162860045.9212942
1609459200,9.361037070164066,8790589451.482008,1926142318.8993368
1609545600,8.309384385343932,7876734640.506003,1589686202.433354
1609632000,9.223083455454598,8778072861.213175,1884370500.0352182
1609718400,10.27944456603755,9839572847.117577,2026241252.0596154
1609804800,9.259346327220705,8767297086.336569,1788452339.2778962
1609891200,9.739198196297945,9268615029.823357,1101026826.544137
1609977600,10.097684412122385,9667925163.928446,1383529724.4738817
1610064000,9.646132180213604,9154780364.803495,1357811528.895877
1610150400,9.314730658380785,8872846060.524126,1132451712.0402448
1610236800,9.778410809521537,9332171958,753225124.2942744
1610323200,9.3294102,8899676317.009953,837525001.2664026
1610409600,8.288132976060027,7889136044.384198,1814162155.3060699
1610496000,8.263019571221426,7874265559.834409,845668469.3126857
1610582400,11.02499584700394,10463214371.418743,2072789652.8729303
1610668800,14.38916681553055,13710583025.260971,3706157857.0315957
1610755200,13.197430651795004,12518186422.369808,4067988418.441339
1610841600,18.284968089036074,17454759345,7335372449.691468
1610928000,16.941180662094123,16170957365.959196,4336834538.540487
1611014400,16.417059963410804,15611727621.338995,2342725151.713157
1611100800,16.500379490310053,15867491203.42768,2101304751.9949412
1611187200,17.970988693677562,17124488269.973804,3098835544.8857055
1611273600,16.003304708570408,15578426592.67866,3129318087.8445983
1611360000,17.15345552433555,16466661831.919771,2765854645.4363594
1611446400,18.600319045809094,17702992560.13173,2215949804.9533052
1611532800,17.99637972827149,17273184189.924995,1518953639.2466738
1611619200,17.255294680478368,16515904649.551546,1654796100.7896485
1611705600,17.114219195402026,16415459288.594057,1296758574.747851
1611792000,15.458076344001169,14798283723.454659,1336945930.4510188
1611878400,16.953589906577026,16254766558.700006,1520805815.1531267
1611964800,16.813221319825903,16183669590.285444,1861571320.5965343
1612051200,16.436802315990118,15755706707.425257,943930650.0265751
1612137600,16.14345479897933,15447495133.606997,1145966595.3844478
1612224000,16.334468233166803,15718566326.160374,957499231.0275391
1612310400,17.246208880683334,16703247515.16536,1360952730.1383374
1612396800,20.81123989919261,19971174479.345352,2517074593.027832
1612483200,19.687856290916976,19067536675.01821,2327103649.7824135
1612569600,20.91552499982878,20065986931.370617,1742093250.4734116
1612656000,20.398566658141082,19582739051.288105,1354116192.8114617
1612742400,19.686716214362857,18891743103.597805,1496709054.2225707
1612828800,23.104852396172653,22114659632.659473,2773507986.714624
1612915200,23.177174086708273,22334799741.81557,1884256190.4570649
1613001600,23.533187894020454,22734504386.84818,2131291693.2757363
1613088000,25.11602680817384,24161179429.366028,2103920735.4379256
1613174400,28.637121005864973,27616676384.90755,2519169670.429951
1613260800,27.947634813017714,27007038181.38601,2266210239.4688272
1613347200,27.052949735557565,26227319235.22934,1595500661.964877
1613433600,27.686623199565354,26566488357,2472116588.792158
1613520000,30.19801882921414,29114114011.07639,2701843651.3887186
1613606400,31.93217512022303,30712299898.00881,2323010298.124222
1613692800,31.16279213534729,30015246212.949078,1446625690.0175753
1613779200,35.02642927738189,33723084919.03054,2809304671.1877484
1613865600,39.37357824214819,37257080664.757454,5237458518.062277
1613952000,39.722197469433084,37996210718,2910491062.714656
1614038400,37.817806817149155,36345028065.35592,4422794727.434546
1614124800,34.39389978147767,33192737847.942608,6044402319.652301
1614211200,33.728701680774485,32697522066.641846,3216425877.0109863
1614297600,31.18993528588956,30403400398.56049,2424342543.138615
1614384000,31.374676906050965,30323219597.905197,3811257872.375225
1614470400,33.804127649421545,32494177264.131943,3663132564.0751624
1614556800,33.453163322797664,32724468747.04945,3361298154.3935986
1614643200,35.572923823083045,34482548793.082504,2394221030.452759
1614729600,36.273412651568634,35162491056.98591,2652602369.6720257
1614816000,37.07636012738535,36037615291.30907,1846992438.6695292
1614902400,35.413922185913535,34325821408.80083,2017937521.415405
1614988800,33.72448813423524,32533163620.605686,2195167253.9325957
1615075200,33.493545963177105,32513187620.90908,1056302430.6437292
1615161600,35.244068617208505,34105986455.119774,1174423275.4810855
1615248000,34.97150748636119,33921422032.115574,1202842486.8403623
1615334400,38.39566561239021,37395351100.78027,2208593351.545486
1615420800,37.77983958064008,36853090170.43106,2247048891.0175467
1615507200,36.87831206918232,35856583093.91823,1602488721.3347497
1615593600,35.707556770344794,34769140592,1346759594.8959148
1615680000,37.31727832816065,36630956614.64997,1507640392.6381807
1615766400,36.72597695065916,35929717095.64556,1076645082.295149
1615852800,34.35379402477465,33698594020.455296,1939668585.3105516
1615939200,35.65040902655968,34537765726.02906,1616622960.744138
1616025600,36.29445282846255,35349519331.46919,1407907457.9845603
1616112000,35.52301948450725,34684937913.02223,1130555670.2476017
1616198400,38.21625368340663,37374066395.854706,1816822876.654633
1616284800,37.504844437877956,36835725243.02955,1624244017.1843762
1616371200,36.765101684857974,35952735874.87629,1282812882.4768355
1616457600,35.517977330046804,34774273754.16565,1238649934.2621312
1616544000,34.28626821871331,33531597127.33813,1146831543.568595
1616630400,30.570941813601564,30045752287.980137,1939572978.8947408
1616716800,29.710342331197918,29046963177.401062,2380374370.5190663
1616803200,33.12929964007773,32342912958.142776,1302279715.7344959
1616889600,32.623518813998444,31949432348.545704,1081995006.209691
1616976000,32.170750958622584,31468649102.246227,872725521.1743374
1617062400,34.326400141737494,33490535900.76816,837849935.5380555
1617148800,33.925085875005024,33200100559.216576,972088014.2611275
1617235200,36.88846964991404,36315780875.424095,2749780924.550207
1617321600,37.62466260171384,36943423386.29301,2112188584.2797937
1617408000,40.94387096,40042895373.819046,2109672607.7135742
1617494400,41.70150320376947,41035684386.907776,3953738785.6009393
1617580800,44.23991890458163,43038662965,2203439508.717633
1617667200,45.608300004049674,44120784681.118515,2101421530.2666874
1617753600,43.42494300781044,42688387270.04445,2250595124.9908485
1617840000,39.75048834,39229624713.84908,2407805210.9192314
1617926400,41.40897804173473,40700735346.47808,1386402238.6371279
1618012800,40.78441349825649,40088795175.58917,1063984405.5106469
1618099200,41.59194183003013,40822769763,1301909092.0272765
1618185600,41.37856473210077,40683743856.07151,1220208465.547585
1618272000,40.55733657,39897746204.72769,1426647376.004758
1618358400,43.222210275480606,42419688929.988556,2159038658.702956
1618444800,42.49790062069117,41865671360.148796,2399471936.9260116
1618531200,43.52043820016024,42864935181.02473,1865431184
1618617600,41.51273907303092,40968120748.56171,2098476058.2316206
1618704000,42.40896113698797,42045360704.400856,3622543924.235522
1618790400,37.37340561,36963739594,4664575739
1618876800,34.82115668267041,34547573875.09173,2183490705.6617746
1618963200,35.414477916826065,35052437008.23122,2535369660.112585
1619049600,34.01561845397449,33656812078.590767,2067143570.5438857
1619136000,33.24205546321306,32837988741.585655,2727362562.7818136
1619222400,32.377708870905025,31955227311.01955,3692974457.242997
1619308800,29.138478823748244,29164117673.324932,1790187521.1027157
1619395200,29.77071633647868,29386423738.55804,1426820530.317965
1619481600,33.46053388171351,32971528339.239906,2073188240.1405542
1619568000,34.538588734933114,34085016694.010246,1707353296.040809
1619654400,33.99294723198461,33465362480.344566,1727083451.9411442
1619740800,35.78168797918116,35125134676.12503,1671642385.8837767
1619827200,36.55581656201138,36161115650.50087,2053574634.1266975
1619913600,36.895496256261175,36487497552.831894,1431056978.6740394
1620000000,36.62856277,36175071088.34755,1303233017.6899304
1620086400,37.31086830197741,36985789925.45359,1645143224.0203195
1620172800,34.66179715014015,34707954650.18579,2295521130.5770683
1620259200,40.56852655266073,40073630954.333496,2902362969.2338347
1620345600,41.51515689478929,41263884488.423386,3591760181.6557684
1620432000,39.929559186608884,39477322692.65792,2614452242.387992
1620518400,39.64457142823194,39197018807,1539872559.5545456
1620604800,40.30508802482359,39960281499,1960812614.7285278
1620691200,36.69757742138309,36380576367.92715,2738737908.933777
1620777600,38.629214072066546,38213129449.26634,1978072269.6659775
1620864000,35.36632136089033,36142903315.04381,3297743471.4965587
1620950400,40.104540401272516,39682065176,6028561379
1621036800,47.332353635705644,46663358358.632095,4389158726.270394
1621123200,43.190023148615246,42873126463.91633,5670783483.435763
1621209600,42.495607764845325,41909567642.53158,3512522788.0849147
1621296000,38.46656477354152,38675535803.375725,3591393624.0346236
1621382400,40.78449482314308,40700856754.28537,2964614890.0023675
1621468800,25.54743108791691,26212334807.34307,7440268038.0967455
1621555200,28.967655743659353,28603677243.810192,4887264993.644384
1621641600,23.886862196760713,23855622508.168064,4537200355.067695
1621728000,21.986431379821404,21860219890.87334,3027159412.6211486
1621814400,18.055571726141213,17830097290.168854,4240565324.877562
1621900800,23.068256289923756,22978156612.954174,3294658515.605996
1621987200,21.997749037507997,21933881526.44776,2593578225.083468
1622073600,24.663574518122417,24531339738,2295932465.490305
1622160000,23.994031084550947,24040296853.950665,1953660434.2199876
1622246400,21.464260992226066,21392351948.632805,3163705196.799271
1622332800,19.918216681542294,20036900253.630054,1639713144.1522937
1622419200,20.42812252465196,20344660576.923485,1386880188.949725
1622505600,23.328086584213068,23254070863.818947,1916499739.7321558
1622592000,22.902544778389903,22899347242.905197,1555014124.7382228
1622678400,26.167284395860875,26126479643.786804,2139089062.7504544
1622764800,27.234938171421856,27239991190.48918,2059836125.1783895
1622851200,25.10056065061593,25084953695.39406,1952268571.332295
1622937600,23.815643608975247,23680247755.592136,1415753256.4326484
1623024000,24.145890051847427,24156716111.00127,843204626.1208866
1623110400,21.39739256988473,21605113644.382584,1280241352.385666
1623196800,21.865193511951766,21896291632.897587,1698751463.5288625
1623283200,23.196555046160704,23303937957.99968,1452158373.0871491
1623369600,22.680029341910497,22853431521.801174,1437709901.7599847
1623456000,21.056524698640047,21108781102.469795,981770548.2225292
1623542400,20.847240009628234,21002014902.98868,962136083.1628792
1623628800,22.088991123662673,22042757096.994293,802526585.4
1623715200,25.93495744173237,26018722804.42594,2102058923.7809913
1623801600,24.11981873706437,24229295867.459297,1499821201.2995617
1623888000,22.83454099821231,22887778579.919186,1132504108.432292
1623974400,22.554291981739443,22454000728.776775,830343796.1260432
1624060800,21.455255969499717,21545349132.29741,861812291.6179062
1624147200,20.382325917766163,20468951490.828773,624793482.9809674
1624233600,20.744845672595986,20817405498.417953,889911121.8767681
1624320000,15.781535531442344,15982853048.931551,1604155701.6824002
1624406400,14.627751874192958,14637302133.758293,2207447798.607186
1624492800,15.861423175287621,15964610514.042696,1395173769.7441962
1624579200,16.262421022046162,16337122561.43929,891444663.6233742
1624665600,14.747592275574856,14854414724.676348,863464620.4382737
1624752000,14.41927250471979,14370536477.857649,805461997.5952917
1624838400,14.976084280991744,15038775166.061934,616294782.9453921
1624924800,15.775887722002627,15872501595.64575,755671286.8360317
1625011200,16.279041729818577,16384626754.387346,935736808.1989927
1625097600,16.412002192338434,16512919235.466106,858783153.1010189
1625184000,15.281224095869002,15380656777.288427,585331700.7122605
1625270400,15.342281439549721,15419847509.992872,468816447.8059007
1625356800,15.507857021418484,15587592092.317818,433677879.5271505
1625443200,16.029758819607352,16202592095.968876,496919154.30138683
1625529600,15.31885654020041,15446939706.966547,574183925.1512223
1625616000,16.01125441862346,16110114515.520721,710889640.5946512
1625702400,16.84380170366391,16988955419.758852,1071108684.8823645
1625788800,15.380429468503015,15515383491.814346,803984948.9624517
1625875200,15.732674730640067,15876798284.279968,541920808.0654576
1625961600,15.36268352922368,15507578349.20516,420597815.0755611
1626048000,15.51696017943959,15659569354.397688,344870666.6668761
1626134400,14.934794068404925,15064043256.525341,448242275
1626220800,14.143113801682961,14290203246.661207,392671006.92454654
1626307200,13.797801649099958,13918632889.939701,594320913.1156065
1626393600,13.04247296885441,13164575053.977856,559591550.8491681
1626480000,12.016875287601096,12135153029.810574,552734556.6652181
1626566400,12.274409909483534,12431619895.169931,602223527.0661373
1626652800,12.77284725809809,12904733429.225042,491685992.45810634
1626739200,11.539037723699147,11716868009.766188,633403592.1663936
1626825600,11.07433557,11192123688.695856,604314613.6823586
1626912000,12.401542039727646,12507872639.32874,943414148.4
1626998400,13.262281874766463,13425897698.422424,855200965.5527009
1627084800,13.351105190817131,13516250007.12555,748669936.7785717
1627171200,13.846756807214286,13995021443.19115,647617803.3238002
1627257600,13.80111075819321,13977268609.217564,599123810.8506314
1627344000,13.94463912061858,14197666149.040764,1406472419.6280398
1627430400,14.326005804928336,14471619607.204191,924272223.9271412
1627516800,14.543284734722445,14744715019.364664,861496261.0001287
1627603200,15.236569038715562,15511762402.182098,859675435.1189196
1627689600,15.791851834578114,16020063316.840374,899105792.4212883
1627776000,16.912525912521748,17191651678.448353,970085119.0522482
1627862400,18.3233459,18560418021.78449,2222122744.8011594
1627948800,18.18533098596882,18581195437.747715,1322342228.4124486
1628035200,17.471733267876886,17745897142.51564,959709619.3894043
1628121600,19.18054974,19483236487.043167,1291235791.1619103
1628208000,19.140041901139753,19473342237.69863,1270447579.789482
1628294400,20.42446316253671,20766396621.81058,1293430028.7762022
1628380800,21.035247716871766,21265044607.579567,1269915497.355134
1628467200,19.742707991682025,20106626711.23179,1018656074.6366373
1628553600,20.62804403556566,20824372654.69003,1053844787.9927258
1628640000,20.653509906705782,21021462160.86903,1135180262.5213861
1628726400,21.37773202804451,21760453709.923435,1462398351.259337
1628812800,20.762374234824012,21137761564.596798,1239209131.0266278
1628899200,22.604203176061617,22996186282.12132,1111594036.730999
1628985600,22.844915663284972,23372878955.12979,1157508341.238964
1629072000,23.111421610258507,23563334000.34182,944471290.0613953
1629158400,24.505600114092154,25452923777.416542,2081379320.9377134
1629244800,23.475585881540784,24159304429.401466,2580123102.6011233
1629331200,24.217998883334403,24871121629.816124,1897698075.3012993
1629417600,26.39307969821538,26800386991.24821,1834951374.3786929
1629504000,28.11162896524324,28679131918.841976,1906428283.9811225
1629590400,27.98249951438773,28629606444.31811,1614836574.9771018
1629676800,27.76421923953403,28485595629.483974,1316710459.9558077
1629763200,27.874502464277274,28634802760.25213,1346642387.4207954
1629849600,25.155027283169083,25966214797.418373,1562256496.4319983
1629936000,26.047207844402855,26709687702.000233,1426104606.9529798
1630022400,24.36438602,25001420049.62348,1307436888.2346263
1630108800,26.547837050599668,27227356056.746326,1360622439.1787415
1630195200,25.99098096746212,26609443201.535122,829101579.1077722
1630281600,25.776588868303357,26402199659.960243,678938725.0418639
1630368000,26.00661198004802,26606852908.878548,1464426120.1452827
1630454400,31.69534711952069,32535963685.01559,4569057825.199612
1630540800,32.97277073071684,33822604572.48581,3159549414.572988
1630627200,31.864305506316025,32719602764.601856,1792704918.9237335
1630713600,33.43097155843943,34222384278.98811,1894789965.7705662
1630800000,32.488914403134835,33466123091.017315,1155544794.471392
1630886400,34.274432165434725,35142925872.48066,1262460653.608827
1630972800,34.22739903407088,35143731453.001076,1659932503.4548569
1631059200,27.926488890687644,28688050254.74506,4111825922.313873
1631145600,27.531978243944284,28490126294.132744,2523472271.321018
1631232000,29.689510289564407,30643022045.922634,2236812413.367374
1631318400,28.996715238323496,29788383579.59864,2729974247.8725033
1631404800,31.43064687183972,32286865041.880806,1677342484.6653113
1631491200,35.75990641335851,37027846170.79269,3341446624.441163
1631577600,34.81777544563242,35812324937.10864,5604723293.868191
1631664000,37.53172439963404,38788253004.43867,2939726407.270585
1631750400,36.32933883533318,37410339126,1625848750.932562
1631836800,35.549524255890255,36546026114.95362,1710265888.0050788
1631923200,33.09227314887529,34034533042.46009,1782611570.3137794
1632009600,34.934410728513505,36039068294.78999,1327354227.9320111
1632096000,33.74072337,34807420627.91072,1019941670.7607338
1632182400,28.333626600911884,28858484282.205788,2884063141.216121
1632268800,25.942043886237556,26596968281.658463,2393207898.4139647
1632355200,31.41067815412838,32330431374.67911,2179016958.3430533
1632441600,33.464521782542995,34457686867.44408,1701994083.1513853
1632528000,30.768722950317553,32097307439.380386,2858400513.0512323
1632614400,30.04378117695469,31000841342.569416,1508016469.170687
1632700800,28.739701317904686,29660694061.66691,1910397670.076767
1632787200,27.67820657740941,28750637839.83791,1239547492.5131752
1632873600,26.225564399871853,27312849334.235485,1133874857.2115479
1632960000,27.327637141304375,28251846107.374012,1141653463.512733
1633046400,28.618114087839533,29647004904.201897,946076212.7442867
1633132800,31.978847883259032,33124711534.88856,1539100178.7016811
1633219200,32.19539836627864,33366977888.09331,1093592994.3993373
1633305600,32.200486900159035,33433185196.45586,981313959.1390123
1633392000,31.185245935073066,32355047103.451736,1068187920.8816575
1633478400,31.541054456229364,32811530483.494095,1153342608
1633564800,32.485705866217415,33631272711.70877,1673853881.1569786
1633651200,33.83145977239081,35072084816.551285,2437285587.375258
1633737600,33.370044760833935,34620498524.94477,1340022268.8006043
1633824000,36.373698468386564,37802353613.87512,1629814362.5436416
1633910400,34.34298721225934,35710512172.95275,1612950927.4838629
1633996800,34.113785679254384,35325841250.25503,1433542116.6139305
1634083200,35.13048155416554,36538467936,1663686692
1634169600,41.72781217437264,43402384032.36916,4527734458
1634256000,40.720592122011716,42297076381.17521,2834739999.4049153
1634342400,43.58662961,45369612052.93674,3340306020
1634428800,41.968290433109175,43859273192.05522,2044464416.564224
1634515200,42.12994623897843,43742927172.28111,1678390358.3639565
1634601600,41.14152379788144,42776996273.43379,1670187843.7146287
1634688000,41.420230493727836,43172393924.76975,1362586696.1227024
1634774400,44.55324022965871,46502735485,2051643382.724359
1634860800,43.00191330948035,44853525407.92835,2259319122.6516676
1634947200,43.76861008364971,45743493577.48053,2422252174.461146
1635033600,44.12639396425712,45949461091.81612,1133605760.2683647
1635120000,42.52360241274431,44266068982.239525,1174173107
1635206400,44.59331921239614,46565972980.72428,1262328203.4107306
1635292800,45.302770817549685,47076289145.008644,1663350142.7556872
1635379200,40.48819618495527,42320923634.55647,2822544773.7466774
1635465600,42.073440498286715,43915913929.21665,2837544491.9542346
1635552000,44.12376816409454,46048093043,2174026709.4708204
1635638400,42.736192329791095,44630826101.60116,921954043.1230278
1635724800,42.81690939370991,44886129168.90644,1166429150.4682539
1635811200,50.09269045865121,52530888832.48173,4318501726.145254
1635897600,51.27829191261836,53365191562.93175,2182640237.2542076
1635984000,53.33615766815946,55783091481,3252716884.514119
1636070400,54.14285984546231,56578310063.025444,2697750495
1636156800,51.990745657999035,54378059923.014465,1720857363.0911849
1636243200,52.07770442889012,54554740326.24517,1627969789.0787377
1636329600,52.39636639694776,54856754672.34203,1340475200.6258733
1636416000,53.39305737496087,56053826261.21133,1651861930.0147119
1636502400,50.96942903851561,53615095611.95095,1748304840.7502017
1636588800,46.99648883017275,49245687240.40879,3042657593.4231935
1636675200,47.82785067139819,50255317535.37581,1783298683.2010467
1636761600,46.11537592517483,48284481979.40985,1891156861.5722303
1636848000,47.275224791841616,49560802050.11947,1068657955.267484
1636934400,46.591442711863266,48616511838.581566,844253258.6828798
1637020800,44.93714053035325,47241284463.34242,1101847678.233345
1637107200,41.18319811384895,43398597488.69447,2820151302.868465
1637193600,42.68614901,44819576742.965065,1788604885.741558
1637280000,38.926188899913996,41137039675.124115,1985512677.7768087
1637366400,41.42920166167476,43630032597.80758,1421375199.7158933
1637452800,42.184786086687964,44503624182,942752211.5820888
1637539200,42.58084389913225,45167296661.409134,1105619165.4750638
1637625600,39.460313920693075,41758139803.886024,1273900351
1637712000,40.89380081135477,43155813816.60871,1022163840.9830971
1637798400,38.338259845831686,40623954497.32558,990884789.2227674
1637884800,39.39738763,41769419055.51868,1061523199.1464257
1637971200,34.607328982708594,36623738524.83695,1990184283.7149525
1638057600,34.95133852170145,36923137591.07219,879872172.5632542
1638144000,35.64442850483728,37772947847.735794,1345484276.184666
1638230400,37.188262,39610271572.13685,1096283142.8420017
1638316800,38.003426416904354,40350744977.338905,1373406877.464189
1638403200,36.69905708848537,38940235497.91298,1100787168.1851666
1638489600,35.72071372962105,38020300996.14989,870059822.7496377
1638576000,33.797058582536444,35994478947.066925,1176870278.2351947
1638662400,29.277802791950165,31100610008.464878,2556537289.3265076
1638748800,28.290659708129795,29998972084.677536,1275046140.7495067
1638835200,28.275803567681336,30045183844.325577,1738242139.5823917
1638921600,30.343726589287844,32206355695.974754,1579164770.1548488
1639008000,29.81682528014429,31627251203.396294,1181804681.8365912
1639094400,27.014186624811703,28884963331.479652,1069872318.3930647
1639180800,26.557637832512125,28443367930.50603,1215820047
1639267200,27.74464744086527,29507420179.870304,1053957136.113929
1639353600,29.56003738,31425235076.101345,754187549
1639440000,25.932313811594845,27635661681.994724,1099903245.3700864
1639526400,26.181983524343526,27776696297.039307,1035781763.9881892
1639612800,27.231332106149466,28682452365.937973,1427962620.7600164
1639699200,26.002561395415963,27675798693.906647,1297342225.9638927
1639785600,24.765112114316356,26416068626.617535,1006604899.8237394
1639872000,25.55648562112267,27260000560.942574,750325433.6941878
1639958400,24.802747465478337,26529707389.43836,618517652.2460241
1640044800,24.23642926385144,25931679868.20374,789581277.3226116
1640131200,25.274795319137755,27078881471.485497,752694540.9301143
1640217600,27.288277179201177,29167743983.92905,1160469145.6087036
1640304000,29.239632207049347,31173032224.78567,1315971444.8437622
1640390400,28.157889269866587,30096279470.711548,876002452.4345791
1640476800,28.94915717480624,31022208369.717255,562403880.4516754
1640563200,31.420552375463284,33550554796.09437,1385818214.8027556
1640649600,31.046054786643506,33302241419.428368,1440198029.352226
1640736000,28.030041142425592,30133454586.661674,2004953651.9929783
1640822400,26.746921410551437,28482916518.775734,1417025633.0025005
1640908800,27.53836772217654,29412068041.195526,1056266379.5992932
1640995200,26.737095973322056,28732998502.746273,1029198943.9670718
1641081600,28.641423056433503,30517681838.453594,650806340.6952845
1641168000,29.76663909151273,31944115354.77421,1076715455.9372327
1641254400,30.15170108918123,32436340090.242737,1461765935.1203914
1641340800,28.85560896706936,31537656135.75426,1312142515.8722835
1641427200,26.88794754649635,28936275424.478165,1517014108.0554445
1641513600,26.81810933164343,28843259208.714306,1281481231.3562808
1641600000,24.966617574613622,26779237851.543533,2220537714.3123727
1641686400,24.051793062157824,25923977117.20303,1258983747.847014
1641772800,24.65132946490016,26407621531.276527,1087184419.1135013
1641859200,23.773314178362128,25456977504.43002,1414107986.2645206
1641945600,25.549876615214746,27475553928.56419,1276554183.5632813
1642032000,27.349144715858582,29399262365.304707,1159766365.0459332
1642118400,25.836341318657578,27917785563.580727,1118039838.0957701
1642204800,27.748763536504455,29684561956.36822,1484988317.430836
1642291200,27.778986859944954,29895862458.44073,915517798.4
1642377600,27.738117191121205,29789790006.807434,1049845646.3621527
1642464000,25.751505858215815,27670413006.059025,1170420006.1762898
1642550400,25.118053411006642,27020370467.037605,1087004448.6463797
1642636800,24.162781364500326,26125537293.84224,957657579.4
1642723200,23.024331211171255,24969517569.592186,988320911
1642809600,19.574187609576683,21173684730.274296,1979544572.036382
1642896000,18.28708783426802,19674934664.12584,2455316924.7197995
1642982400,18.802671156939812,20234576752,1420665035.5397663
1643068800,18.126485578434096,19558589661,1955649017.7112184
1643155200,18.53958523,19987558901,1234858143.1858609
1643241600,18.10492562402364,19665313790.58067,1451660664.4299476
1643328000,18.18946807468125,19501146889.39568,1020174861.693886
1643414400,18.372851407945653,19806520731.82455,820374496.7826016
1643500800,18.76352083387839,20151361693.38701,607122616.9946909
1643587200,18.221536871514516,19651471274.50926,605567191.7940992
1643673600,19.456703840135145,20922623770,943068662.2311251
1643760000,19.64032263624118,21259400427.022354,897937499.7
1643846400,18.84269861214864,20314239323.80025,981092196.1154816
1643932800,18.76318690237329,20253940808.552387,747076284.5884506
1644019200,20.493714841425078,21920795400.66965,936097374.8445774
1644105600,21.410655041263617,23208237609.594383,1078480125.1055315
1644192000,21.93454476389413,23630077327,669179973.8590842
1644278400,22.421151190170697,24285830156.680973,1094307998.8477252
1644364800,21.716960262761894,23527048022.776833,1178072579.252564
1644451200,21.958282792374536,23774347905.930065,727651466.6
1644537600,20.665904642186753,22480041052.512695,1058676685.0210963
1644624000,18.98356987116232,20572029325.256985,992204806.4227159
1644710400,18.815152462515293,20347060821.402138,702583071.2979032
1644796800,18.840796816073365,20286774145.390427,520320760.0056092
1644883200,18.732314169743915,20330586905.798527,605860012.7828761
1644969600,20.167527228360353,21989212429.833023,648661043.8032804
1645056000,19.831693104156717,21632674348.359264,651228108.5882292
1645142400,18.123878114571923,19666147141.288696,729682828.0764459
1645228800,17.86887473067776,19440501172.636116,662062096.4864421
1645315200,17.926197744256044,19440770227.12013,431248077.2874277
1645401600,16.948377603477436,18571831871.01635,654237821.1593908
1645488000,16.212967526787747,17594587959.022434,939691993.3548201
1645574400,16.581915190362093,17917639268.337646,823757048.9395145
1645660800,16.036832530428047,17465416910.19338,918406607.3870813
1645747200,16.104118842758016,17503655353.218777,1685419680.7506614
1645833600,17.310035168644806,18908136701.357437,902436424.7650347
1645920000,18.006637522495673,19504595248.591766,1059446587.4252287
1646006400,17.51614278663639,19052243735.017506,987126257.7958626
1646092800,18.943247857401634,20606771091.38648,1335777108.4068086
1646179200,18.87702635955203,20556858846.838238,1246786555.9126437
1646265600,18.608045948712572,20289899683.262436,841557855.3766359
1646352000,18.03471783366769,19677291867.65052,793303761.7
1646438400,16.784881153845042,18360963628.261246,814224107.9201245
1646524800,17.330377141911068,18883862709,611717395.9555771
1646611200,17.01198949977739,18560720716.930275,583143137.6472855
1646697600,16.426913670743733,17862554741.695995,738284001.6916823
1646784000,16.945346784357945,18508887744.591454,683767994.0548117
1646870400,17.876245857159546,19560678405.51668,692867521.3571929
1646956800,16.985958823787616,18530956722.802334,601179816.7222946
1647043200,17.743647828145413,19500591095.318806,907000023.3657291
1647129600,18.150935728455433,19856321187.00703,700110604.5677758
1647216000,17.234219464598677,18826508207.97311,466836866.97416115
1647302400,17.68738785594418,19307388269.832634,513960792.2023474
1647388800,17.828163307983015,19542246751.84596,483167184.41158473
1647475200,19.055584448057218,20882474607.959236,863021898.9
1647561600,18.755074123220062,20515847616.429142,572900134.7396764
1647648000,19.01395775408254,20852676356.84929,538421869.0531887
1647734400,19.34596806110183,21161039415.237484,599135365.0360895
1647820800,18.64579860180783,20430937897.518433,489026278.92273843
1647907200,18.788263823872484,20555627493.357197,510297791.81672853
1647993600,20.365777074518867,22375580025.085613,858765012.0841838
1648080000,20.980470549502094,22917058256.87239,950162625.4
1648166400,21.210356404656093,23287483814.445496,871015126.7953657
1648252800,20.547025200525564,22536737974.604527,706999483.6571165
1648339200,20.87394381,22895536369.104588,424587521.0171155
1648425600,22.38661684964733,24508515096.40211,610987177.2090095
1648512000,21.914457883187087,24285077478.31352,1042448625.9844141
1648598400,22.403552309898593,24458395644.506012,982288122.1198189
1648684800,22.512011785197572,24764137740.674706,926646920.3787513
1648771200,21.318705302764997,23348056183.67952,986419411.9764845
1648857600,21.996761615732268,24107462117.789444,958748664.9312756
1648944000,22.684900908599285,25068600693.179695,1196992957.9850526
1649030400,23.193205512290056,25454146154,925170103.2173431
1649116800,22.560434275454405,24809702948.170696,924348637.4240115
1649203200,21.843016612182463,24170810469.617382,780485513.9069963
1649289600,19.89700107558607,21884023993.94301,967317926.5029364
1649376000,20.441624053567306,22592140089.39074,669734254.5340466
1649462400,19.36759056,21245308735.687393,624597827.4739991
1649548800,19.792656880328018,21776656313.102512,375847571.66456026
1649635200,19.331487558951697,21519585779.975433,458928408.4588878
1649721600,17.182499771391125,18983230927.236343,807966452.0830128
1649808000,17.817527483368114,19652345191.89618,610671782.2777971
1649894400,18.206153438222977,20085251304.51666,513878512.39558345
1649980800,17.954475956169055,19820298510.02851,531799292.7406566
1650067200,18.379594847435794,20276872295,417489722.8127524
1650153600,18.660527306495563,20627331273.634712,338970682.95782435
1650240000,17.783716538513406,19583307840.980343,360271198.25218636
1650326400,18.178777088900517,20073661890.904236,565624303.9900763
1650412800,18.89087581721998,20866279144.09492,450524783.6556457
1650499200,19.088467611153188,21075560676.450333,681706472.1225206
1650585600,18.18472037750706,20078291029.149815,610473534.4
1650672000,18.31857023588711,20274065116.599762,500418741.45423335
1650758400,18.741319387866202,20796207821.715855,501125213.4
1650844800,18.160653932275427,20144224683.236816,431280288.52969056
1650931200,18.128100926600588,20042103389.29254,640029499.7165745
1651017600,16.610705695593627,18334870751.213654,608182597
1651104000,16.93827653241623,18737295016.70675,466016977.0009809
1651190400,16.982954466317672,18764543676.722324,469832988.98866826
1651276800,16.17424077241381,17863328168.972263,447859503.00437444
1651363200,14.569888162040202,16077408003.321634,533768189.4936618
1651449600,15.41877382499901,17115974747.519098,566782282.6168377
1651536000,14.992753076070642,16595396688.372225,538576541.4047321
1651622400,14.727361922722716,16336234645.316235,375587076.85691464
1651708800,16.292368065665716,18086809036.753685,604596716.3630756
1651795200,14.598846299024533,16139787079.44338,770366270.3320502
1651881600,14.355717785177836,15902171731.291216,666420063.0669165
1651968000,13.800376804821555,15342351275.278414,435899397.53231937
1652054400,13.22936099121686,14693132680.216925,587559187.9237889
1652140800,10.801429785440924,12052264545.716862,1221147645.002189
1652227200,11.325014505908833,12523107067.912542,1373396700.0395489
1652313600,8.901204052865326,9740921015.694233,2052805582.575399
1652400000,8.769325238296613,9672794814.103233,1330860993.6132805
1652486400,10.48797644,11547696159.158506,1485101669.9979768
1652572800,11.37609195242141,12731953528.881876,1032886423.6067917
1652659200,11.800640817629374,13088251956.97884,737142046.4429593
1652745600,10.661734977316367,11874243350.516064,679048385.0595918
1652832000,11.053819427499075,12319610110.939802,589327512.4078904
1652918400,9.517212484127024,10641628789.46398,664994046.9796052
1653004800,10.07163545677334,11217941457.897118,664760747.3
1653091200,9.695758499813333,10809968711.678555,474118252.2812381
1653177600,9.996885412,11157329579.411272,281874137.5877274
1653264000,10.189629881421922,11373307300.649183,350967436.47877896
1653350400,9.917950994206555,11069201694.498749,666619486.6452429
1653436800,10.197008650448218,11362810071.348871,446644494.0847582
1653523200,9.855449944611918,11001255600.649736,401058791.2259247
1653609600,9.198261981785189,10282583415.737362,676496224.0061575
1653696000,9.13874862,10192458909.114304,895069085.2552017
1653782400,9.695152233273474,10862046854.90491,384380632.6241109
1653868800,9.986166924880612,11168390882.839823,362425595.7607218
1653955200,10.461842809318215,11690276218.36792,522596182.88481176
1654041600,10.448283148141524,11683748015.891912,537525366.9990507
1654128000,9.484222468578501,10621419565.291458,582914758.4
1654214400,9.896299945398498,11094518595.936201,428346299.65681297
1654300800,9.372006368573782,10450662464.77977,344577333.1850279
1654387200,9.436263733449623,10530959378.612339,229554477.1705427
1654473600,9.338347728064072,10483265818.921627,200116189.32318878
1654560000,9.472049966781283,10627685062.193472,353038223.04368776
1654646400,9.245287369128352,10377514374.978031,360635212.5797018
1654732800,9.000860375425932,10092888732.36357,272545740.6317595
1654819200,9.224408429940054,10343193899.88632,303952508.1174619
1654905600,8.656938948250048,9702915948.225163,389959553.4516226
1654992000,8.007773894291699,8976559550.963488,380922783.0963164
1655078400,7.450027957000497,8431247007.134336,458133743.8870508
1655164800,7.001810875279709,7774561604.468859,894612341.9765085
1655251200,7.379032716449845,8291133948.242304,720864697.4473226
1655337600,8.516714356116118,9514898970.918207,914920363.8200166
1655424000,7.105844592665794,7956220111.036415,536050086.9674976
1655510400,7.325464174931059,8244703664.961858,358960490.8294395
1655596800,7.068027828135199,7910999674,478129359.6275283
1655683200,7.504558358292622,8418274234.958723,413627572.8865504
1655769600,7.894626280316918,8896278057.431814,409754603.9106185
1655856000,7.736855254831152,8703533941.397642,355538111.64542514
1655942400,7.419624804433869,8352025120.433854,337528816.3887432
1656028800,7.806285623861093,8765113684.228264,366090684.92139626
1656115200,8.215674261,9310880004.037724,425787143.6079469
1656201600,8.135501883565913,9146371513.872196,305775337.79692847
1656288000,7.861850137967533,8830347150.935154,252563578.61905572
1656374400,7.724790556,8715938811.850235,319318615.45482194
1656460800,7.295123088,8211808454,402816957.71528274
1656547200,7.002323505207497,7889820786.128837,502776117.96970075
1656633600,6.970042715539203,7768769566.469388,496017030.32697165
1656720000,6.789762340578334,7701931883.2126875,566020493.5375553
1656806400,6.827235670454218,7702459312,311046060.2183726
1656892800,6.849241180089714,7729361697.777877,253032931.41663566
1656979200,7.169210518110505,8094267844.248962,382160091.17067796
1657065600,6.840206443166161,7725625501.466356,557284693.3615872
1657152000,6.932599081682027,7834963151.533634,428661695.32595325
1657238400,7.320223383970988,8267394078.282055,465486302.6211283
1657324800,7.138690731338326,8072722719.230238,502296515.55760515
1657411200,7.2620836518951455,8217252048.741429,367312857.4197307
1657497600,6.853636299733879,7739133741.493705,389912956.6004521
1657584000,6.548562170533149,7409676236.8237095,290393929.6148746
1657670400,6.299920689741761,7195524647.3331585,274438888.38976103
1657756800,6.466718030554244,7315148414.477521,352705738.29318476
1657843200,6.722033479422479,7618273743.548126,307959821.08722556
1657929600,6.803514529364242,7696476702.795513,323795323.9091801
1658016000,7.1806583122276795,8127524864.645293,337773085.79517287
1658102400,6.941678186836009,7882982690.455788,285755326.44660366
1658188800,7.663547079988968,8623146904.758888,577567571.1279551
1658275200,7.805428675874703,8830877482,746242075.3136312
1658361600,7.494747923839123,8511024502.724661,591571953.7072768
1658448000,7.522307681331509,8536024949,381438899.58744115
1658534400,7.305335424196388,8278054689.219274,409965947.3129851
1658620800,7.350939101233989,8328034192.180636,316796653.09030455
1658707200,7.418171973435616,8459820441,334141235.42908055
1658793600,6.801378054710406,7794274433.176702,389825980.9307424
1658880000,6.761483215626529,7673308433.411879,355891139.67063516
1658966400,7.561940666246688,8500895624.267787,476702692.01840645
1659052800,7.856758845650289,8926076457.834269,731958391.0652231
1659139200,8.254099425235934,9493813839.320831,704624822.1397939
1659225600,8.223237506460018,9353641329.186054,652019084.5777812
1659312000,8.676722318164812,9891619918.315361,800855163.8112267
1659398400,8.182566038730137,9287964269.291164,637064108.3820356
1659484800,7.987130875742656,9112943029.573925,616047227.5401912
1659571200,8.019968326257795,9104031869.777122,497363617.2538427
1659657600,8.105913518219932,9201056896.420918,370664603.7015763
1659744000,8.782313243874109,9973892090,493509572.10535455
1659830400,8.535766619734408,9715932783.413113,359906898.4779536
1659916800,8.645826921981477,9848633511.008566,316791951.5772106
1660003200,9.293793478167027,10600715580.037605,680460985.7296546
1660089600,8.907662578820101,10124535855.600483,1793771726.8006394
1660176000,9.488815023023541,10784370405.833023,821049280.8519104
1660262400,9.201884659413661,10498493245.224518,666188098.0228884
1660348800,9.480567462863045,10800522855.660023,536717872.4
1660435200,9.304670048983118,10607878198.480349,349277713.0658586
1660521600,8.955954355161216,10239352122.824654,410218267.5534377
1660608000,8.811939800005115,10054037534.143883,443748608.91429573
1660694400,8.863559569845178,10091757471.36399,361783935.16488737
1660780800,8.370952417932997,9573334763,434704289.0953314
1660867200,8.104153247573388,9280116805.423048,321099596.2
1660953600,7.336196407991564,8387928914.140771,468975086.58167636
1661040000,7.234957915613337,8257720937.426555,325902403.56033987
1661126400,7.456335865567314,8539197111.170634,239159522.8705295
1661212800,7.402169823069187,8450196394.7235985,293458774.7
1661299200,7.657949798,8747771938.814651,328997051.5
1661385600,7.581044670572473,8681481223,270013995.87179303
1661472000,7.594387018,8709104447.676794,233753956.12490514
1661558400,6.937489346438347,7910360418.702681,338509659.2806309
1661644800,7.062807230819954,8094454288.933932,264326212.12453198
1661731200,6.895424792064857,7904906863.210184,192071231.52542433
1661817600,7.290118968272859,8360169420.422865,278447038.21825695
1661904000,6.984391608517394,8053688426.145474,264676362.7892612
1661990400,7.019343630471642,8041149795.790877,239489891.2733127
1662076800,7.193081069206047,8244074802.016993,267990947.6
1662163200,7.3019734403613725,8363690740.074321,349647674.49128175
1662249600,7.276799953721473,8358887669.340904,197241570.15928125
1662336000,7.374550409292204,8458100395.998685,215999275.7426145
1662422400,7.362505243906269,8448942576.525926,294534221.9765169
1662508800,6.892565163556254,7927675072.449328,395188284.97998774
1662595200,7.202308390586858,8281145104.426949,317512665.2320209
1662681600,7.395360164932129,8494892119.744665,336043666.79299015
1662768000,7.762750555283015,8930263758.923895,357445285.7066698
1662854400,7.794452310539513,8963321266.752571,273468652.7839261
1662940800,7.685712587696711,8842559955.013815,249226804.14856288
1663027200,7.643022794488279,8794425064.494183,418330939.99678606
1663113600,7.0851159860761745,8153896049.837282,423497658.6158054
1663200000,7.213760436420992,8287223105.581056,288042764.5222527
1663286400,6.925994666672714,7986527235.292601,331917684.92857593
1663372800,6.885169664119995,7930762988.751271,281326251.4442499
1663459200,7.062033609787554,8133724043,200117947.7609119
1663545600,6.451319275569396,7444358865,304668233.4065653
1663632000,6.400147682393467,7395756926.515954,374381504.5999829
1663718400,6.2735544717347125,7234401006.965719,249671892.20249358
1663804800,6.155079544,7090934908.920663,378987568.43804663
1663891200,6.459199231132459,7443065137.032053,261158472.98531902
1663977600,6.4387239867675765,7456703132.509926,338069357.26604915
1664064000,6.279193352283581,7251574448.160442,204567906.99327344
1664150400,6.2090362798894345,7159920013.085959,189022810.3120595
1664236800,6.537305452547308,7540850498.713729,373281606.89103955
1664323200,6.385907691464419,7385624069.108253,320786055.5385544
1664409600,6.402230753147547,7403608529.936789,252245048.66838986
1664496000,6.424362258931859,7428715004.611359,248460354.27300838
1664582400,6.318884540630228,7310803464.732821,310145298.6
1664668800,6.270177916210261,7252843119,171677814.68415865
1664755200,6.175004031977384,7166319648,192661765.0237451
1664841600,6.382121662764067,7390559332.246163,222801270.31950393
1664928000,6.495634012286242,7531801921,199914235.40467995
1665014400,6.434243088786229,7453510739,194188039.11389047
1665100800,6.335205166710474,7342580758,199865910.5473672
1665187200,6.303039128782252,7296315268.650179,184577625.44787857
1665273600,6.3072484298727955,7309051485.728786,126797316.37634787
1665360000,6.474215515030945,7491730312.181772,162194352.24792752
1665446400,6.261375650357296,7274219535.160056,196475554.4770108
1665532800,6.178437206667696,7161888672.234232,179637147.53118715
1665619200,6.170286131792819,7157412350.284423,143942887.81035906
1665705600,6.118107126071069,7114842219.699822,326897884.2909971
1665792000,6.0482969336456796,7009033707.780369,200870897.61336842
1665878400,6.053848659488938,7037781206.478399,128879776.90124626
1665964800,6.187909002854843,7180379823.719873,154968669.6137633
1666051200,6.261909221,7273858475.315711,181727224.5362455
1666137600,6.159840950533676,7166066151.390535,197244682.70468947
1666224000,6.100192535102491,7106619182.888053,235306968.93755448
1666310400,5.879164097467845,6835261335.235466,251460220.00984746
1666396800,5.831333073776765,6784441834.768565,335658828.31249356
1666483200,5.849650890164364,6805293109,226793996.6026821
1666569600,5.959396740320037,6924787993.258908,225723711.88938487
1666656000,5.908162457565343,6878576580.041779,247486445.18301448
1666742400,6.4487343859863415,7511228760.251265,424831161.1
1666828800,6.472561100006428,7532505304.806425,314755284.2109196
1666915200,6.341407609886782,7395895635.919502,307410462.9211887
1667001600,6.520146600462493,7600020160.998655,270925964.7311389
1667088000,6.628612882300657,7721226925.995076,329448106.51637316
1667174400,6.646905931405313,7738753670.074439,247616521.25816256
1667260800,6.629761481159746,7737917245,374068126.8039857
1667347200,6.470919304139706,7552494492.212819,323537949.2378855
1667433600,6.248053129263109,7292225645.392948,447817125.95940685
1667520000,6.420972532569684,7497048063.387318,400845031.4002077
1667606400,7.070667814964063,8273263731.217569,596760256.7645359
1667692800,7.019881861679114,8216821124.383448,524853725.39645594
1667779200,6.8191786227324425,7966513124.6598425,386646382.1
1667865600,7.119434896729182,8316417040.695849,580552457.0833167
1667952000,6.305819529634667,7404280923.670162,879258826.5510267
1668038400,5.387935014686499,6303598459.159675,803851322.3157233
1668124800,5.959795503990238,6961553364.684112,604308002.6599672
1668211200,5.777985907411939,6726484884.002696,408619625.7361751
1668297600,5.774074495,6746201815.205456,218809784.92624253
1668384000,5.751572408119209,6704558947.326855,242972818.65175647
1668470400,5.862457337190748,6876430506.280473,276137142.5529776
1668556800,5.924926486568587,6940011819.542353,165930249.8254998
1668643200,5.7227420952101085,6687686885.227982,167588762.1354588
1668729600,5.681003680598559,6651305250.237583,152595562.8398643
1668816000,5.645948553150153,6613047607.886468,134814487.54958668
1668902400,5.607460544771688,6575422956.353078,108869520.2521429
1668988800,5.299733010902535,6221134508.195583,185142127.93378395
1669075200,5.199655615266775,6104721832.339722,264092333.70384037
1669161600,5.273028337640404,6201634999.630893,256645938.64162102
1669248000,5.443165190559928,6396647767.929542,217511018.5492946
1669334400,5.388974510527179,6333228095.393261,204620001.16541916
1669420800,5.2749698281683015,6198914851.987527,153951955.45882332
1669507200,5.302373502924272,6228037334.711208,156187905.47392622
1669593600,5.303442076324324,6241962286.791979,130401784.35975881
1669680000,5.133673027053566,6033193288.246444,216249541.85636505
1669766400,5.3128897441199125,6246844054.861227,189434131.77291316
1669852800,5.477993642012171,6452545832.803522,208688881.1775829
1669939200,5.400486331935812,6348286057.274435,170156526.9358665
1670025600,5.648105069152116,6629238961.077899,272015565.00928223
1670112000,5.504915282161034,6487702630.751659,202182789.64498514
1670198400,5.606038163070065,6594644265.094774,121770683.53406751
1670284800,5.492117706618971,6475634330.892691,151358305.2837018
1670371200,5.5045821564371105,6483610549.768277,121211429.78312105
1670457600,5.303335268684337,6257950190.524466,188037304.45463148
1670544000,5.431800866906172,6408974489,161041105.39451358
1670630400,5.303058391670169,6259197967.658567,131449171.82848728
1670716800,5.272172576811368,6220075302.7999935,86014999.73841877
1670803200,5.168804864247797,6100067426.108336,108949492.5630753
1670889600,5.167370021273998,6104088871.110464,161861179.00586328
1670976000,5.2801352669731205,6243076183.817809,206252780.21096718
1671062400,5.218581541207982,6168725589.664655,244712787.11427885
1671148800,5.214874394109295,6177909728.993104,208210052.3480659
1671235200,4.646731144817608,5474079704.445132,275779636.79321325
1671321600,4.715801763,5579152130.505003,221174551.06017926
1671408000,4.663401667527673,5532952269.818865,98713106.32340653
1671494400,4.473339974294161,5301793527.306867,161782937.52207825
1671580800,4.614603851775438,5461966902.033066,130494169.19677942
1671667200,4.480008406321904,5298824496.402215,117104381.78747611
1671753600,4.529000633953305,5345186586.575271,124180162.84817378
1671840000,4.4736616615315254,5298524422.118842,111770045.98798555
1671926400,4.454023086822344,5277812531.088768,43500721.62
1672012800,4.493642987510963,5324806627.552072,81185178.21587074
1672099200,4.570317371,5415095156.281545,100119861.00260232
1672185600,4.478366702,5306983821.991009,118374595.34020732
1672272000,4.280846399530962,5078940183.834696,178846918.98344705
1672358400,4.307811349232355,5114437299.478905,106214112.0526113
1672444800,4.324198967346808,5133550358.879966,99019186.51600516
1672531200,4.313324167,5124272924.061023,81868230.06299889
1672617600,4.370398234173801,5189797451.493689,83080057.51345398
1672704000,4.488836626124295,5333559989.932448,118418546.00088559
1672790400,4.527619435836773,5374172553.766793,98616165.59990907
1672876800,4.632589621042435,5501400960.100924,128601420.39664847
1672963200,4.618387481116268,5486559228.853257,110202869.37893058
1673049600,4.6874963649585375,5575400373.862744,120116807.84029973
1673136000,4.667867731193827,5544971196.399066,75278982.1
1673222400,4.781659951,5678600122.934231,118428756.66407454
1673308800,4.889549960346178,5822967240.545416,258706966.0211436
1673395200,4.9156673678489025,5844614796.573698,142944072.97941983
1673481600,5.133530065782115,6104959456.841534,176549390.7267576
1673568000,5.227868294639788,6225980707.135592,246272551.56941697
1673654400,5.404097385583974,6418896549.379607,228790043.3560822
1673740800,6.028214515143082,7185441825.556078,782687495.7213826
1673827200,5.934370777642712,7048844533.072695,343689205.9871965
1673913600,5.810048234064627,6914982508.280345,366947917.8205463
1674000000,5.963397654520307,7098249474.233347,396046272.97196877
1674086400,5.655251045120312,6726902475.495878,441232057.6899503
1674172800,5.801379267235778,6924736793.838175,187140445.4390963
1674259200,6.254683210538306,7461520990.843851,260476431.48039794
1674345600,6.246217001006929,7452411001.806236,355405212.3929102
1674432000,6.212167847018589,7418382148.705477,249458571.46704164
1674518400,6.589296753282481,7863091567.413891,434790321.16012686
1674604800,6.186292457598319,7395228277.021116,305760411.89162666
1674691200,6.421232137004184,7659051015.469998,359305707.4725925
1674777600,6.468366037302892,7747735674.283517,326216001.75108075
1674864000,6.569930587254382,7856739950.604887,265474456.73399788
1674950400,6.389057965845566,7640327631,208329337.7263006
1675036800,6.621092132215346,7922259197.054451,254655935.21533224
1675123200,6.195536094713961,7410872880.314612,275635411.8871149
1675209600,6.269667976200108,7502144503.192972,217928928.73929405
1675296000,6.470865445518001,7749019076.1355095,297339779.98897237
1675382400,6.555954157754909,7861116315.319404,417508226.7340164
1675468800,7.012688935124944,8414262771.289161,490617061.78249687
1675555200,6.896031693361286,8273869515.110414,238800804.9298765
1675641600,6.641842495719097,7973598039,270982774.7282343
1675728000,6.4972667003750315,7779070314.796459,245142517.19205156
1675814400,6.948134566018175,8333990417,295243777.23315567
1675900800,6.756755185938241,8110178949.590388,247375557.4
1675987200,6.229762039218076,7477194018.495944,529810448.85853124
1676073600,6.188909530502617,7442362927.451278,301637805.19501954
1676160000,6.283722264,7543346315.064424,143068442.52349454
1676246400,6.164062517934927,7416773395.914189,178158552.53923786
1676332800,6.118583929495318,7352408834,335928393.66483676
1676419200,6.234367785778781,7496941327.303583,278124947.47988665
1676505600,6.609392900657438,7945712271.908503,335324467.09394306
1676592000,6.388632355427524,7658563981.686901,401487886.9816844
1676678400,7.2970504216845145,8780715046.827116,816508568.9527842
1676764800,7.247649982690182,8724929154.706154,471016202.0785851
1676851200,7.439395788318963,8991538134.236885,790399403.6852473
1676937600,7.527218326014244,9059900211.471052,517830090.9
1677024000,7.250333872381433,8725074263.862608,424382923.07921475
1677110400,7.170302237747458,8656728943.641329,445050807.2896644
1677196800,7.091543344834797,8528870605.745284,375652835.7517494
1677283200,6.614184848454191,7975206269.458946,406675008.98326564
1677369600,6.5384156833392195,7879063917.589614,273278804.5
1677456000,6.684255284896303,8070006130,259252796.1740206
1677542400,6.582575515067073,7952520453.615793,288525491.12878805
1677628800,6.347643028754492,7652424036.270056,265521916.8877683
1677715200,6.530439779534664,7881933855.700314,275326716.41447943
1677801600,6.323204212096074,7639140586.219113,237639733.7391961
1677888000,6.034711256,7290395652.243021,307950873.03640676
1677974400,5.912109804,7141278386.960345,187234194.30865684
1678060800,5.98959954,7221755522.737399,180881874.03344986
1678147200,5.923359550446518,7154139434.735579,198293306.59054276
1678233600,5.860554127495924,7065034655.987277,256896325.0438712
1678320000,5.604205079811912,6783974361,325705157
1678406400,5.383804642221565,6492221339.424328,322122608.31763804
1678492800,5.5578657025686855,6741885995,398823095.5557338
1678579200,5.473940982394556,6608022342.119235,319352907.62515956
1678665600,5.909985122578976,7123017236.499321,293974688.8693106
1678752000,6.104099641771777,7401937660.952844,430322351.51094365
1678838400,6.240865839469254,7571159433.171571,426347359.0654485
1678924800,5.893214375142593,7141510095.537369,396831002.7460806
1679011200,6.130406324099899,7439207053.003964,270083592.87212455
1679097600,6.643520440698393,8021960013,349175461.31906897
1679184000,6.350843430090958,7700962300.739078,325589655.7783797
1679270400,6.5085918788150305,7931605244.124213,263101166.38878074
1679356800,6.120146333135944,7450586725.902299,272209445.39314884
1679443200,6.406769717611565,7772318411,224997518.4386857
1679529600,6.094201907849631,7396098382.400391,292943935.7844627
1679616000,6.351492625,7703989762.115649,183653212.18641487
1679702400,6.024252570252626,7365301138.477666,208117030.97280684
1679788800,5.943918980953513,7220374796.394252,141765532.24290985
1679875200,6.053543695643394,7387058765.428269,132449722.86287573
1679961600,5.882847918709621,7146342407.622332,165318894.15237087
1680048000,6.069816786939525,7383642654.515058,153874808
1680134400,6.186884363391786,7522732303.452091,187654032.13473487
1680220800,6.121940922776154,7444748644.317304,197809653.58875155
1680307200,6.344939126,7727847982.814717,220876667.6
1680393600,6.349662387121178,7731363330,150087142.66423145
1680480000,6.274330928159255,7641386574.804739,165981691.06121218
1680566400,6.425824846847764,7823458413.487148,250934390.80967146
1680652800,6.439691555375001,7843403288.734628,228779710.01745048
1680739200,6.405267252867749,7817274516.518067,191646245.2648846
1680825600,6.2784657981328325,7657366272.615343,165932757.86882693
1680912000,6.186862010838575,7546011941.215961,162303820.72659385
1680998400,6.136313633781984,7493348826.317786,131916467.42051286
1681084800,6.213778028185303,7585959979.016828,145695437.94792384
1681171200,6.287959670258352,7678397456.557879,157115505.87741607
1681257600,6.4272948218909915,7847129342.169121,212206406.7214694
1681344000,6.409277933045699,7830662352.098901,222772320.5773293
1681430400,6.644896071307531,8125660233.428235,204632452.95533252
1681516800,6.732115902799675,8229505281.449617,283263717.3895486
1681603200,6.805546473891654,8328054056.264707,191633213.10291263
1681689600,6.825625935281183,8337320667.595355,191364307.99952257
1681776000,6.700156578231956,8182296977,223489561.91374186
1681862400,6.919362495628588,8468999209,241327263.9727992
1681948800,6.310468184195398,7726090602,304362268.38184124
1682035200,6.107436674863342,7472350670.195494,246649681.5235294
1682121600,5.8521280714835315,7155855076.124115,216476239.6364232
1682208000,5.958744308975133,7292666127.714577,117290788.70863463
1682294400,5.924092657714076,7243220355.575814,130092033.82752354
1682380800,5.8888545404152515,7210898432.939273,154360733.29922673
1682467200,6.009766924,7355188923.128216,147991878.34889048
1682553600,5.846075305894113,7161641711.498215,264915327.13300398
1682640000,5.974928589737345,7320486092.572454,186747228.4344532
1682726400,5.947740109660597,7298739318.779796,155980353.2516568
1682812800,6.033944475776628,7407756843.436067,119565163.53531247
1682899200,5.91333765,7260991514.521792,126929660.51719077
1682985600,5.671799480017039,6962447943.899826,144500093.6719824
1683072000,5.717933563019812,7022173071.442521,106941680.34107219
1683158400,5.775235483490289,7095348281.829583,131755396.32880166
1683244800,5.668620138161426,6967803848.607421,101013051.50719701
1683331200,5.849452455018853,7192813780.916603,156382785.9796453
1683417600,5.650476502115529,6942712515.551953,133385483.12114167
1683504000,5.6552902336622495,6946473944.085941,96756910.32273306
1683590400,5.374661234608271,6612416991.922427,209588586.96745554
1683676800,5.322866940026135,6555237355.919554,128633537.14862952
1683763200,5.475541723442838,6740923466.277253,183961207.17227077
1683849600,5.285886732051951,6508587547.621296,143209793.60961038
1683936000,5.349323505539287,6592082194.022329,131408404.88970979
1684022400,5.351771904989988,6613225094.531797,82899032.60315505
1684108800,5.349944390367364,6595093847.583115,79532459.04158828
1684195200,5.327653880602301,6572863586.501249,109157885.16754459
1684281600,5.299035374860455,6540611307.189871,98890906.85055073
1684368000,5.412062344107352,6674879022.545034,114012097.76915546
1684454400,5.339732913052098,6597019426.461229,114165285.2461804
1684540800,5.369633421158922,6631963805.393506,99454893.83
1684627200,5.407594582591559,6674722770.974614,82384849.31141508
1684713600,5.2713239589815855,6514543949.599768,81457305.93183246
1684800000,5.314597594323604,6564967224.117241,91546069.68166544
1684886400,5.4024239777216785,6672798619.091968,94056469.49754092
1684972800,5.262264617797762,6511227845.906241,105394189.1213902
1685059200,5.239990678729722,6475200642.768937,109024202.25390644
1685145600,5.247617628899264,6486691821.632737,96931071.17412083
1685232000,5.334881191030133,6596527657.495327,90138422.14
1685318400,5.512334404806833,6835221563,98777965.30271122
1685404800,5.458985852478608,6755550918.582554,99648448.09749193
1685491200,5.443350563918375,6740284018.000778,106801123.36949877
1685577600,5.319849513047748,6584630091.523257,115447803.0185303
1685664000,5.210806478409606,6452671672,110045206.21305749
1685750400,5.278572412578042,6541182868.270858,121990756.46299705
1685836800,5.327164683495162,6592545949,72117305.84594712
1685923200,5.326717147827145,6599459524.420096,91948906.34262203
1686009600,5.078026527334755,6301773078.416282,185982277.04800695
1686096000,5.206113774792793,6453259978.017477,128394216.6088764
1686182400,5.021328593625374,6229266860.507048,122563303.89358509
1686268800,5.024888580781012,6237398804.988878,103608897.38191883
1686355200,4.977210988108317,6170314775.654283,94189595.36406255
1686441600,4.525840001355898,5621858588.221082,321352964.9069129
1686528000,4.518929865540423,5605160890.324238,117996197.1543621
1686614400,4.532556755374545,5629603118.429002,118502108.14526387
1686700800,4.616261798896556,5733442994.647317,117193241.41057375
1686787200,4.569755384058333,5676495318.038254,135280084.4763831
1686873600,4.369108735944236,5429227760.935317,202589996.85418543
1686960000,4.416137727630147,5492960793.288925,115437269.51576252
1687046400,4.520248497,5624221980.781707,96558381.40212828
1687132800,4.526425849471979,5635105538.564865,98854001.78337964
1687219200,4.518006735376183,5624565132.018068,84703876.56671043
1687305600,4.665289560073817,5811422371,111587203.72393355
1687392000,4.834416186,6024578038.397528,148425882.51265642
1687478400,4.831681126789498,6022105995.910259,150850171.24950275
1687564800,5.1010536493358165,6350589383.462762,146952893.02879494
1687651200,5.005257376284895,6236801107.212712,104184225.10207608
1687737600,5.190654003157049,6470503762.709948,137390688.7768003
1687824000,5.023786143775523,6251306546.966815,147711164.3989128
1687910400,5.093780443990474,6353494858.600434,96190035.10012102
1687996800,4.876196651567131,6094244525.578097,114763586.96618988
1688083200,4.992236495372119,6237577866.714234,141314123.73589414
1688169600,5.167902281748904,6452308276.104207,193230503.1259263
1688256000,5.346030808,6670017967.948131,153588050.37699974
1688342400,5.4931663439240115,6859107259.827371,147655963.72481155
1688428800,5.414604020500856,6761150669.211054,145432789.82141417
1688515200,5.3486618599619185,6700890887.537659,133070579.87489633
1688601600,5.204760903006292,6514076243.677027,118391245.38999091
1688688000,5.030601480348588,6303470035.720804,124043765.55267867
1688774400,5.112644587415198,6391628950.862031,95009677.72
1688860800,5.122931652398746,6408167672.937634,72714950.81698301
1688947200,5.075752683168507,6351190038.393827,71715514.60686196
1689033600,5.129425234893106,6414553200.2227545,110444266.31879832
1689120000,5.212807664512845,6528711738.080088,80068603.11954178
1689206400,5.149183382400442,6454368180.046069,113547603.6906676
1689292800,5.541878638509623,6943185837.551099,217008394.27342004
1689379200,5.447709883476799,6819391767.531546,252537149.07311505
1689465600,5.430795863,6808585227.279845,129213066.30878899
1689552000,5.309370615,6648376592.109853,119366265.11818516
1689638400,5.302138362991883,6643963692.839696,150222179.89092803
1689724800,5.176625741185217,6491467991.320275,145147298.46003246
1689811200,5.198504444129399,6517886954.977203,108247539.12471852
1689897600,5.348583139905655,6717602321.062964,161300191.2539338
1689984000,5.485973758714731,6889428161.133605,204543768.65572298
1690070400,5.29590703,6657706824.253902,114563817.47302139
1690156800,5.3973303631538805,6782851315.339273,114167531.63126932
1690243200,5.219262162757914,6555793802.014324,149634701.3595437
1690329600,5.175287122684507,6505784857.444409,98093984.69874279
1690416000,5.238608362428316,6584573610.440049,104852028.4988799
1690502400,5.232444646,6577510972.280995,99193883.90922275
1690588800,5.216725790289067,6563883639.196771,97485867.22704053
1690675200,5.2526976975329935,6609827390.625297,65266367.59393854
1690761600,5.187980709515309,6529870403.814387,99330853.83396041
1690848000,5.111469589259971,6436555543.5657425,110824749.86409132
1690934400,5.1899484152310675,6524451299.641124,129075193.0824161
1691020800,5.054118326177762,6370563643.926555,111185563.6458067
1691107200,4.977486372879044,6281253331.198318,114291805.9953621
1691193600,4.990548066706656,6284953169.152416,98942186.85919341
1691280000,4.968340903735078,6262792120.884622,68683582.45623447
1691366400,4.994060832964243,6295623535.702088,79891258.27189204
1691452800,4.957286418473378,6253953383.825239,109611030.68091844
1691539200,5.061940755786733,6389120306.755551,100599117.0332589
1691625600,5.058176512,6384008719.280745,95166652.97150825
1691712000,4.999386850887789,6312382581.606862,83701857.08704504
1691798400,5.002863616263631,6318115852.788173,75181271.81413424
1691884800,5.032357078439904,6359269697,61479144.18305038
1691971200,4.984807286635574,6297004550.929658,75864330.93285987
1692057600,4.986298691161787,6307074087.296951,91579872.70949876
1692144000,4.810660360168034,6087074436.492555,106091050.4474677
1692230400,4.664406453340078,5907520457,129304101.25336984
1692316800,4.421958380570057,5608623820.335605,205694894.17662242
1692403200,4.510153895,5708140873.304548,148323528.1058482
1692489600,4.515180252249443,5718024617.553259,80081091.42132837
1692576000,4.514959078049262,5719597381.692706,80813890.81158093
1692662400,4.430697394092365,5615045619.076331,106574070.50996217
1692748800,4.4204639646744175,5598762970.285439,115721588.28207095
1692835200,4.490630378005213,5689252134.000744,107149738.86033943
1692921600,4.417790936753219,5600659475.719853,92285749.66205601
1693008000,4.484513144763267,5682416487.623592,98650400.74982356
1693094400,4.503806403322144,5706991571.884492,63138315.21043172
1693180800,4.491343362174164,5700247489.607797,70125042.11654688
1693267200,4.605480003539824,5843322319.872742,113592351.31773746
1693353600,4.671347695589722,5927531555.326392,164144061.23332307
1693440000,4.533122610788501,5759682580.665459,100590435.08921182
1693526400,4.266131972719506,5420070720,166486222.1987417
1693612800,4.217157156635496,5358345050.691117,128359484.07974572
1693699200,4.259210201718938,5413146716.568134,72754830.92
1693785600,4.260194524738027,5418455028.195956,67107098.83430364
1693872000,4.254641935911742,5407503451.113429,95200699.04543851
1693958400,4.253228474878917,5415490840.131667,83655902.98250924
1694044800,4.267870785147058,5431211825.357244,94431752.62214804
1694131200,4.285668582276922,5449298022.295371,90849373.66430032
1694217600,4.250793966391004,5405634158.598042,90902736.31962188
1694304000,4.239368042833064,5399787358.700847,55387827.54977462
1694390400,4.151422498582279,5292845032.229384,99364273.64925325
1694476800,3.982992696729485,5072143203,166551621.38215303
1694563200,3.9869274017831384,5079317813.984866,128935189.7044347
1694649600,4.0009992566313315,5100132766.305462,117896679.68070823
1694736000,4.056381589361638,5171908113.883345,112334487.11209099
1694822400,4.1403403296569445,5277919527.105485,99539803.84
1694908800,4.185219656,5340822011.550752,83861296.18241471
1694995200,4.07483033,5195531460,71903183.68270051
1695081600,4.103238568226504,5237218969.519411,113252862.11690223
1695168000,4.155653193602323,5304165244.189225,106170365.41454266
1695254400,4.138136565917394,5290260979.643771,97815586.01353481
1695340800,4.011800636778395,5127918373.653835,97575740.35856491
1695427200,4.020038179085509,5137130256.378232,81882395.26
1695513600,4.031338133108662,5148439241.906924,55063268.463964194
1695600000,3.986535186974348,5097299888.991969,62428482.54375867
1695686400,4.062085052081578,5192876050.348247,102543905.25708197
1695772800,4.011617621209987,5132051377.791729,99180955.48427458
1695859200,3.9898340756799424,5102975292.914948,109528797.19493128
1695945600,4.071290065142442,5212613184.429899,110959787.20778036
1696032000,4.076313712563673,5219381614.1712885,100941794.05274677
1696118400,4.103017309570023,5257098992.679027,73020900.99376525
1696204800,4.262694645878126,5460301990.409417,107530044.87774397
1696291200,4.1260120334880135,5286478503.857443,157204400.4877256
1696377600,4.075559807960612,5222225506.9748335,83636930.22989535
1696464000,4.046074474340508,5187552562,94190949.05205767
1696550400,4.022396660159521,5154702143.180112,75669504.06727996
1696636800,4.072187698,5222373270.354516,68499529.16959527
1696723200,4.055874298,5201877712.413427,52603149.331159584
1696809600,4.014127377634146,5150767188.108699,66164157.85844559
1696896000,3.8750587904855576,4975989445.460775,139512270.76239622
1696982400,3.8110520401636423,4897815464.0334015,95791989.67
1697068800,3.7358466610917858,4798722714,102204873.25568028
1697155200,3.670814478029972,4717212543,100752329.62421755
1697241600,3.717930111449985,4778377502.295198,82301467.40653822
1697328000,3.7342039694059763,4802217392.636342,55557709.44250261
1697414400,3.752107271138592,4823411118.808268,71472706.64009888
1697500800,3.7863727210635627,4895206821.093105,132597037.39506456
1697587200,3.673745846250243,4725809255.990939,99947303.93589775
1697673600,3.6550408160460464,4703093263.464565,91741773.76144253
1697760000,3.650632105878964,4696166627.689627,102020660.0528243
1697846400,3.7195051609881715,4792335705.773008,139769215.3936478
1697932800,3.9006820354448015,5026632810.627897,141876557.5672888
1698019200,3.965654025634853,5042532740.707915,142053493.07341462
1698105600,4.330218717603721,5516710947,316637164.7036722
1698192000,4.187588722145062,5400672575.340333,345063671.85518026
1698278400,4.282510535902298,5517918435.720147,214571294.8782734
1698364800,4.236894851048261,5465343938.425734,236892880.5605688
1698451200,4.139834145222381,5345948530.803164,182864463.65865707
1698537600,4.180326150889367,5391222858.990376,115883469.3790453
1698624000,4.312751614277587,5566616749.743402,138353309.96742705
1698710400,4.520859295,5839540706.634413,210213963.43622628
1698796800,4.455275668780547,5753039001.966329,241314721.60864794
1698883200,4.726828877,6110004245.783038,281008409.37499505
1698969600,4.635970136285287,5998361597,255797627.03675917
1699056000,4.618334486318117,5965430112.633037,174129036.59015748
1699142400,4.686867213734689,6071043605.539147,140655053.9896332
1699228800,4.776276024155023,6171820041.265265,231989751.34797162
1699315200,4.9644386767326045,6423622650.913837,221510589.94767103
1699401600,4.926180240060906,6367208446.846288,221664168.09200343
1699488000,5.062066496191719,6555531961.149493,230943236.39345768
1699574400,5.091432404,6587758269.276015,390534729.51164615
1699660800,5.300159340657175,6876761620.980035,295941873.6752833
1699747200,5.554249885970245,7196456248.840824,435372959.4408217
1699833600,5.693125127434832,7368633733.154315,434463035.69979984
1699920000,5.375753808509167,6972710643.762359,340764998.48492604
1700006400,5.205423747153845,6765978669,300618937.74096227
1700092800,5.560993838052037,7208873536.650407,294741812.4172981
1700179200,5.356576929650086,6945188317.344028,368880055.48175555
1700265600,5.228047385093827,6797045158.196776,267118925.48544443
1700352000,5.287717883659507,6864703431.333245,205552415.65122265
1700438400,5.440643190354894,7074019548.746499,200596282.52147642
1700524800,5.29692973,6878768703.911328,225076070.3029737
1700611200,4.906796638941419,6373765746.478171,298925539.94347644
1700697600,5.171568200406997,6722199054.675278,212105681.51823097
1700784000,5.130886812967558,6670857583.289603,120366247.42597543
1700870400,5.243490755370192,6817105282.909654,201888613.13447332
1700956800,5.325850350589175,6930453945.580264,133275328.3946241
1701043200,5.323664352105197,6920985641,173591177.9579032
1701129600,5.169393544540189,6722100177.624037,208359526.2740344
1701216000,5.265712898998621,6849003043.918083,186453944.2840447
1701302400,5.161319074241663,6722564568.566667,186994498.3456854
1701388800,5.467275352841163,7123707926.485929,273782562.0418439
1701475200,5.477308052301386,7124435353.223483,139004922.42359412
1701561600,5.576334019367576,7266984966.856602,118704923.64076248
1701648000,5.541476252989157,7221523866.661483,139699763.33276725
1701734400,5.625924150472816,7332879765.146372,271224380.30775434
1701820800,5.903844885800118,7698716107.930096,347922438.7300672
1701907200,6.045493631,7891438289.864976,388087889.92476374
1701993600,6.237573170212809,8152051202.892088,292094096.6194331
1702080000,6.852098839356324,8965979414,400406097.8911308
1702166400,7.1258264546282994,9292108335.618414,677114384.5492729
1702252800,7.325272797433172,9558741670.054224,302263367.2752548
1702339200,6.708808603,8755886642.561085,492924543.31033355
1702425600,7.0940907537953315,9278853159.587873,536480801.3788661
1702512000,7.580589607415374,9865565542.398838,475297617.04893714
1702598400,7.528782614154129,9854134768.066732,514789158.41508985
1702684800,6.954575091547832,9120131740.805037,398361835.73749137
1702771200,7.0855773694716335,9259255847.703545,281177796.7310578
1702857600,6.789114697040983,8883722378.324194,264782011.00864032
1702944000,6.873753595030236,8997693701.070635,310363499.5392449
1703030400,6.701573539053728,8772745515.070896,230667224.74311844
1703116800,6.937336920160702,9082418978.253603,315015067.2137497
1703203200,8.324935373033068,10903999877.593853,986984798.3
1703289600,7.977619979299803,10459002198.723553,623391232.3062353
1703376000,8.337157916270257,10923157554.145172,478356644.17398566
1703462400,8.655971748613158,11353546080.311045,1045828518.8005624
1703548800,9.223868238920453,12097959420.087029,884552476.3
1703635200,8.812767972104089,11557661125.959745,684413296.9599147
1703721600,8.6961282,11403357342.53637,484821118.0851785
1703808000,8.457237828847976,11124520964.416157,443458901.7133091
1703894400,8.285535862556381,10867396701.015911,484304596.83874637
1703980800,8.375781699118956,10999224178.030703,243162917.15624806
1704067200,8.179253066720896,10757112589.19837,304080872.8170816
1704153600,8.596377532718092,11297161413.946665,248244780.07859677
1704240000,8.417421608766222,11034322315.02966,340333674.1
1704326400,7.6360339551051855,10036061575.122246,611301093.7830148
1704412800,7.871723447608001,10352729740.373838,344276224.9
1704499200,7.445377531771868,9774352048,358417246
1704585600,7.134792627,9393136984,242586958.83898675
1704672000,6.893712713042808,9055792262.102497,224311024.81101307
1704758400,7.474130036972596,9851346969.488907,352711537.97538954
1704844800,7.1147500197059745,9353473170.566257,295305031.9213032
1704931200,7.977504691572949,10518060560.085285,428057168.57688195
1705017600,8.157163962250484,10775171645.83126,547306141.6
1705104000,7.5784081360831035,9974681086,348819145.4655665
1705190400,7.6168072022544315,10032684096.88942,214593323.1155314
1705276800,7.332659880256841,9713369545.466578,168262002.8654686
1705363200,7.524014144126593,9929185453,196095010.15492344
1705449600,7.4902552288608275,9887592964.984945,196777414.49189404
1705536000,7.317350209385526,9656067206,184744106.5838675
1705622400,7.010880906813355,9265657370.659473,248894294.24337107
1705708800,6.862518949822255,9063711312.980097,228282176.17940715
1705795200,6.888547395728371,9113124175,141850387.15314472
1705881600,6.8150272788663635,9015906654.521187,116394193.17911075
1705968000,6.3223919981903185,8370601054.424042,275569681.92074203
1706054400,6.352458408426944,8386970996.161283,257216615.36405393
1706140800,6.465545847,8556373508.179006,189205731.1956741
1706227200,6.435558749222969,8514922051.995938,163929556.00488618
1706313600,6.671889615,8818272188.450706,193976810.53379205
1706400000,6.668220172969769,8834159569.711126,146697585.46791765
1706486400,6.823103122153361,9016663346.390146,189890744.54722387
1706572800,7.069698188309496,9394423952,358525976.6987738
1706659200,6.848061621027475,9067901749.047451,232774566.51374143
1706745600,6.649369485426186,8817939928,207121505.50546092
1706832000,6.788948383733377,8991396863.200972,163520260.45143673
1706918400,6.930699537688069,9189088993.917059,163306938.47774243
1707004800,6.831184467214888,9052193188.523954,109077640.54059231
1707091200,6.673405581836955,8851284272.182491,98824460.67711264
1707177600,6.726233543504558,8923424665.330763,164859979.28228816
1707264000,6.805282504519078,9030156905.824903,151817230.5410298
1707350400,6.938729635747881,9216240085.092796,172330689.85653755
1707436800,7.022283424,9333586184.627602,234911814.99864972
1707523200,7.193391553436352,9562729299,269334580.3558849
1707609600,7.205675136142959,9577332525.569868,153741808.65701094
1707696000,7.090638702239128,9423517791.073772,177059814.9802487
1707782400,7.336736856202889,9745552646.515646,267218414.04388946
1707868800,7.361294054303349,9780607742.113703,251411606.0850202
1707955200,7.648745619725107,10177173376.200064,304545227.5
1708041600,7.771469856973091,10342877510.889297,337324196.6
1708128000,7.660303799681259,10206060195.102304,217825474.81573552
1708214400,7.691958513151205,10252395398.04016,191069163.3060555
1708300800,7.843744896385932,10449324455.279585,184734979.29627883
1708387200,8.032811573200595,10697902758.268255,315622432.6962739
1708473600,7.734685769465346,10332543222.301058,363691877.77833945
1708560000,7.473704453745667,9968471568,274626786.77773905
1708646400,7.496562596596207,9994929733.522472,237516677.07771373
1708732800,7.5758016826307655,10118194688.723663,257788485.04921323
1708819200,7.804882625356275,10412022682.62452,243279474.26372716
1708905600,7.930868521848608,10578073493.550491,185987369.76779434
1708992000,8.089295989048571,10795246730.301125,307208612.11585784
1709078400,8.365815174,11167572250.019943,419998702.2823782
1709164800,8.372808971552022,11193776933.533857,589673443.5867805
1709251200,8.248450694,11047077399.623516,507955995.36151284
1709337600,8.641158208,11552165493.85969,343601757.1649777
1709424000,9.434483598693447,12615389920.819368,556665428.5275921
1709510400,9.795439621941842,13089062732.533377,676461702.5359513
1709596800,9.926462804,13275933664.68893,881947349.6050934
1709683200,9.371628972661195,12546537394.243528,1275702370.3148372
1709769600,10.50851861720559,14048305039.311375,802553282.1
1709856000,10.411938581124753,13939214327.332205,591729745.2914412
1709942400,10.681232700968613,14303837356.691278,624372500.6660831
1710028800,10.538196000031547,14112699293.642704,460070134.35698855
1710115200,10.273128935758315,13758345568.669245,398201921.89179677
1710201600,11.060673317661337,14838936213.753946,740430387.3763455
1710288000,10.736312602626874,14393402823.599821,583755604.3170288
1710374400,11.271060967674163,14983595750.181803,592280649.1750168
1710460800,11.46316373625031,15378504379.330399,994543256.7726995
1710547200,10.822175574344534,14522123917.336426,957213803.8176492
1710633600,9.671338044780486,12985324240.809984,608612710.4572579
1710720000,10.072184144230143,13504037716.499653,452425102.4522312
1710806400,9.910633551953715,13310141470.823647,477556606.91581863
1710892800,8.785116782026696,11808900246.600597,628044863.8677489
1710979200,9.488136954073111,12756743717.270815,564332832.8461297
1711065600,9.177733138207305,12341372197.531267,355201348.80525535
1711152000,8.903507249972405,11950904868.299723,304985500.32935005
1711238400,9.0151436,12133905161.254812,192172188.2388776
1711324800,9.375922647,12619062543.76333,196145364.79305503
1711411200,9.726848662,13058853377.639452,314947161.59088326
1711497600,9.700408184,13028996507.219675,379983348.5599448
1711584000,9.443197905238145,12671769947.48269,337328532.78380615
1711670400,9.520501728,12823401412.716166,267606278.34386545
1711756800,9.588641298,12909042939.03877,300681626.57514566
1711843200,9.437567742,12700355330.75223,173180910.33914635
1711929600,9.629575231247735,12965933881.16963,148121299.76551214
1712016000,9.171289667788763,12379743412.254566,312110011.50349486
1712102400,8.582672317391864,11594740592.976133,349192205.4550051
1712188800,8.435878101682354,11401794901.28929,265743900.63138703
1712275200,8.489121776494269,11438173219.162613,241930060.57696578
1712361600,8.402212773,11340962769.651766,232172776.6434174
1712448000,8.496116417243023,11465367353.443386,159535182.85499957
1712534400,8.701325230996018,11746704591.308708,189796318.4901195
1712620800,9.035446907157967,12204528428.336073,266093101.68301478
1712707200,8.661392989,11718642981.049906,312637215.3372137
1712793600,8.409838224551269,11370364990.40854,322010650.8130846
1712880000,8.372888160597858,11315010611.64814,233605730.18161926
1712966400,7.245914842822568,9808285225.955982,637729893.6191802
1713052800,6.446827582183839,8755160891.873539,688477083.8351418
1713139200,6.877299171875023,9320293168.721786,557926148.9984537
1713225600,6.713767948254813,9072251762.625061,373839487.9922321
1713312000,6.7007351546625795,9073251537.444994,254977307.3037036
1713398400,6.58404725,8918923782.153057,216180987.49611732
1713484800,6.781199079,9193082945.920652,193676503.5314908
1713571200,6.699938965,9077055673.557232,298017628.01794803
1713657600,7.213009870795147,9762436813.127338,180710518.87632832
1713744000,7.134061799977951,9665886022.819902,158739124
1713830400,7.4748878117721445,10137534077.291285,238579527.54584947
1713916800,7.244982081333065,9820398081,221712658.65128565
1714003200,6.932561568745248,9395625731,256380325.5766538
1714089600,6.861353952649994,9312817616.037205,195690495.88124165
1714176000,6.757492127,9164511122,188420103.17253998
1714262400,6.810151049001517,9237652146.446466,171132260.99294946
1714348800,6.714183204502002,9119527200,128595929.92728718
1714435200,6.590915893937784,8956986605.628855,176014005.02940115
1714521600,6.4241189337213465,8741513618.393106,285915308.9696534
1714608000,6.855796299781072,9328509055.783041,432852920.75162166
1714694400,7.289404754818164,9918738637,295598410.0320007
1714780800,7.255245393351173,9880846206.367008,277686107.7
1714867200,7.123840506315135,9695352138.963488,174845151.06182632
1714953600,7.305473523191243,9939287311,195572509.22125655
1715040000,7.121250054291011,9695163458.843576,239508989.46077344
1715126400,7.0028509934979875,9548518685.580437,184942091.1967788
1715212800,7.000759104581633,9537664850,202279491.67457762
1715299200,7.048863396312565,9609081711.362635,176830960.4252404
1715385600,6.753067211459926,9203448591.768822,190773567.52883026
1715472000,6.654710183852463,9075120598.904268,125019775.19762078
1715558400,6.621558526749431,9026710910.629725,96944463.76526222
1715644800,6.664952263180351,9091089640.306278,181079692.93808696
1715731200,6.476114415456047,8835201115.001175,145726841.28384688
1715817600,6.95895183,9517919557.600058,212291204.7909636
1715904000,7.028049316361763,9598252726.545607,169518548.04881248
1715990400,7.199753182921385,9813608789.046213,217637788.33942714
1716076800,7.1520572157918085,9769652372.705845,119353870.9199134
1716163200,6.931272562553641,9465058439.075258,118396079.8
1716249600,7.568548068138807,10337137840.070969,238559975.8970934
1716336000,7.611402112408725,10400264207.59872,265104446.91849986
1716422400,7.452477431146691,10187995569.788525,221430100.23033056
1716508800,7.204260634365203,9859673458.630548,344888840.7219613
1716595200,7.245273901619311,9909104172.098974,204152522.23175785
1716681600,7.428200483,10156136496.699438,126044086.61591475
1716768000,7.553216728764559,10337951987.609108,160995640.42743072
1716854400,7.628027802055076,10443687430.095444,203036963.1298531
1716940800,7.366803046739883,10100025073.516312,255301937.54550353
1717027200,7.169069072416183,9820140268.326967,226255231.81650978
1717113600,6.998121791018493,9590441426.775806,200014500.1878295
1717200000,6.986738920754761,9587990167.547712,168625075.1233728
1717286400,7.058331218859057,9672741112.886448,113428552.78675726
1717372800,6.981026457,9585084386.382597,125782115.94108562
1717459200,7.011128005336659,9618881447.267624,182178700.06800836
1717545600,7.191047956143545,9858944297.529688,159104904.08584955
1717632000,7.254035439,9942445759.888329,161654306.24434438
1717718400,7.141667589,9805803096,144218391.85468757
1717804800,6.6589667155177255,9145535990.906008,330147095.0458716
1717891200,6.387607901413416,8768645434.290054,185395421.71411774
1717977600,6.519400391901928,8957714296.958893,187101518.6951278
1718064000,6.510228724062568,8948640353.065762,210497017.43227714
1718150400,6.379576403968344,8768750740.120857,308091192.48237497
1718236800,6.740837147895722,9274214695.367868,302667940.03965276
1718323200,6.360796850939127,8775045706.676785,187905689.9636771
1718409600,6.162929831878535,8479083118.686233,230217150.06656525
1718496000,6.220690696811279,8562360261.396466,112033487.00906755
1718582400,6.3778147649242936,8774228778.860834,137491809.6176832
1718668800,6.070305332797196,8353497152.755225,197374947.15825915
1718755200,5.766638918078803,7928616311.783862,385542656.79557395
1718841600,5.790450288429664,7975533685.569288,183930584.26281202
1718928000,5.637599551159557,7780734603.688207,172125077.42697948
1719014400,5.609763584644722,7737216418.731893,168700608.34012616
1719100800,5.745062765406441,7919030372.849159,131429640.84932064
1719187200,5.637851649663309,7774431394.927399,108328520.17623624
1719273600,5.7291624620438615,7902772104.297471,254378426.2650507
1719360000,5.843287463241967,8069505707,180602227.62248302
1719446400,5.790785383231613,7996328748.287675,144867710.9965384
1719532800,6.277883322700435,8669416422.453375,276330878.04983085
1719619200,6.168200802407276,8517020615.873326,191426392.76072675
1719705600,6.068729584701332,8391035690.632965,98600512.30113053
1719792000,6.207115822,8573571785.054799,116594246.74204937
1719878400,6.336374552862423,8747854593.386179,187882162.2320204
1719964800,6.510251732331429,9007200834.172104,266980592.71545723
1720051200,6.061594837628926,8367634731.102679,276495997.14972067
1720137600,5.561726706115066,7712547494.778603,314913920.1077941
1720224000,5.670438525391919,7852889445.453063,652205922.4423797
1720310400,6.239302741248709,8629186519.973618,374347265.8812537
1720396800,5.897097577766645,8153934332.400078,209140475.6928841
1720483200,5.939415286778494,8225187935.387285,268860058.7023828
1720569600,6.112781211592812,8475500171.870856,209180453.7896116
1720656000,6.096539395867084,8459459826.406463,190684315.72433493
1720742400,5.908216474733135,8185513964.720814,165689949.40306658
1720828800,6.096922592337679,8455849607.142028,171080564.0175537
1720915200,6.2390450733409795,8656766474.394491,138464451.8892007
1721001600,6.331343844,8789935238.374603,166100888.18944684
1721088000,6.504471351588173,9011298678.383944,266688792.31284893
1721174400,6.345841640312156,8806168381.146105,260212755.59700996
1721260800,6.258407495540402,8702829002.713629,208789941.2065339
1721347200,6.091013452390535,8463432984.752482,213819463.8968058
1721433600,6.342381279977023,8815525673.239305,199132892.12292823
1721520000,6.338198313237209,8810815208.281696,135891025.35322756
1721606400,6.419729527464912,8917212300.573147,166012476.82913798
1721692800,6.111947224522983,8502888669.172124,388422967.32416415
1721779200,5.924620035044205,8243544852,190463147.61311218
1721865600,5.748927616334071,7999258713.389161,160866067.42945054
1721952000,5.752483527765151,8008687319.432675,206160693.18055037
1722038400,5.868627385,8173805255.7267685,161777871.06214225
1722124800,5.840083700967134,8136610491.424201,144150444.33749163
1722211200,5.723008555728891,7974074951.181528,104582829.01542939
1722297600,5.643662140920915,7866060852.6911545,165860624.10616395
1722384000,5.518369475824784,7692226810.462885,139036847.47696152
1722470400,5.385245059056931,7500870474.458805,177871644.49110672
1722556800,5.343944203573159,7460443466.3520775,231051768.5710018
1722643200,5.117754974597963,7135242497.337757,199100671.5281382
1722729600,5.046821892929902,7041287866.583288,189224841.05715007
1722816000,4.676780250564019,6543735772,209723339.50256255
1722902400,4.205719943026263,5880578800.088725,732400399.1
1722988800,4.503072464,6287510224.273228,250516173.8909979
1723075200,4.567200381179396,6380261261.157521,235819198.91909763
1723161600,4.877637895807024,6801942627.088998,215402945.14218858
1723248000,4.791003997597276,6687595208.324718,144422796.48613095
1723334400,4.754285476525824,6653275883.228501,88078037.77970535
1723420800,4.497237326765294,6297707792.213655,112014170.68758318
1723507200,4.5863164382814885,6425438539.195291,138977159.94668952
1723593600,4.549008118472621,6354911237.697642,129004975.69319938
1723680000,4.385793874902475,6139008992.839395,130854105.08846244
1723766400,4.281175255516217,5996448494.043213,138657819.3343978
1723852800,4.289995401227132,6007956666.1854315,118623942.43336119
1723939200,4.361623603426396,6112846616.438036,69885707.22657669
1724025600,4.384178303074269,6152023872,113058260.94891666
1724112000,4.484510325607978,6273504584.833455,125628326.34896068
1724198400,4.5218929590846955,6344070844.126277,117237027.8390781
1724284800,4.669574138005986,6532444946.253025,136255805.88918018
1724371200,4.695557370348874,6588642605.285911,141397252.51148528
1724457600,4.901058044041947,6877500256.663529,167502668.9740126
1724544000,4.989833412682986,6993115976.599953,159026023.2196795
1724630400,4.821201599433384,6771730331.951999,148264573.60392871
1724716800,4.561931695975503,6414343763.209291,136719045.09252894
1724803200,4.377939309670383,6152594412.050144,191719703.97579995
1724889600,4.2567939710699925,5997678663.423373,180877986.88138437
1724976000,4.246731551853454,5970644051.466965,135782501.63077953
1725062400,4.282237019396898,6024907727.218101,136666862.06032512
1725148800,4.256503698177213,5987782460.952641,76678121.16161507
1725235200,4.072759587023118,5736722483.169419,134642882.1592982
1725321600,4.206217786865359,5921459854,143607840.28596756
1725408000,4.060933696933654,5741823631.853844,146039533.1513029
1725494400,4.109562271241769,5776226465.168695,213634152.1439049
1725580800,4.017651979480927,5654476288.026229,123219782.73134437
1725667200,3.9598290488393437,5581327964.677693,182056013.11504227
1725753600,4.075722084968656,5744006959.070744,115705115.5579543
1725840000,4.163158462468467,5870722684.781209,106719050.87802863
1725926400,4.287718785637171,6052291379.998004,142487949.4049876
1726012800,4.256392524474435,6004933256.546726,119332363
1726099200,4.1902988737595805,5914317189.018625,164818293.27734548
1726185600,4.2904945499834914,6060744702.339041,128496405.46436028
1726272000,4.427141798154583,6249853804.321581,164549069.20702937
1726358400,4.439887982682703,6271406356.148856,123455069.65001212
1726444800,4.404804847982466,6219423720.689656,151040762.08417338
1726531200,4.201220822393733,5934892348.674873,161625857.0449203
1726617600,4.153538566721878,5871308691.423786,168300938.40938827
1726704000,4.161148472041885,5870933072.565236,212150116.05902457
1726790400,4.2541707350902005,6016778037.752348,226171685.8834989
1726876800,4.334401611070779,6131934053.294479,201312069.4130975
1726963200,4.465508448691598,6321873614.889656,147015333.50948438
1727049600,4.314840685059992,6107717679.071393,143132040.98305592
1727136000,4.453426894102328,6306336539.485603,190024936.55067483
1727222400,4.6415041253750156,6574975822.217456,218974612.32978004
1727308800,4.6358985688225225,6563327002.476932,217108074.0751975
1727395200,4.812726834858892,6823793554.4206085,207077263.91677284
1727481600,4.893305713191939,6937638480.983736,206699112.73634675
1727568000,4.809296021419672,6817551983.838758,144375542.85164598
1727654400,4.765939497943821,6762870349.145038,153498562.91507456
1727740800,4.432245871,6288362193.926936,216458848.11186978
1727827200,4.1579974312564305,5901985164.315201,366033863.09853774
1727913600,4.101226331,5823223546.476607,224444346.1165889
1728000000,4.118989993284396,5846574740.483174,216133667.02501205
1728086400,4.197115007193615,5961994750.370411,156497698.2830025
1728172800,4.137970295953173,5881471006.271443,110589174.9449693
1728259200,4.185860598630818,5950729320.934547,100631200
1728345600,4.136654457855629,5899169457.285362,189494779.4474912
1728432000,4.096996174,5831240275.164508,158547036.06278628
1728518400,4.022750796,5725703769.770611,147579337.25832778
1728604800,4.061715013743869,5780152440.571236,137373956.83048812
1728691200,4.169261976123401,5935620054.043801,131693730.1
1728777600,4.206835217524158,5990271006.752134,125643376.05208889
1728864000,4.154630463087601,5917066546.979775,109120378.30271783
1728950400,4.366399341789245,6227423708.021085,191989240.04980278
1729036800,4.399926578481408,6275335003.278611,254954986.89595345
1729123200,4.317517707517408,6146468253.686005,167543236.59508747
1729209600,4.188241549,5971731035.475722,136341688.42203593
1729296000,4.3048882953354735,6142928669.155428,145556810.97772735
1729382400,4.436088700352745,6328210175.331673,159998356.9001006
1729468800,4.564522193041987,6512071314.912645,160720210.5376804
1729555200,4.378025859430464,6246861934.581365,174205962.33980542
1729641600,4.320743598373926,6170396046.744133,160827160.5408277
1729728000,4.209558862218669,6011526029.540705,161908785.99479997
1729814400,4.205389404947038,6005060043.145219,148814449.64814654
1729900800,3.979747318494116,5685366123.703128,229091387.8945665
1729987200,4.030326784193172,5763209435.433616,158709375.96344784
1730073600,4.122145657846001,5893928074.217013,127142949.04646264
1730160000,4.127607318684841,5903891898.662482,194132657.94198686
1730246400,4.192150025951257,5986963997.058282,222742356.0193516
1730332800,4.190238137561551,6000564888.864226,182686754.01072106
1730419200,3.9554226343475727,5668382145.024319,222237711.5981779
1730505600,3.9056960987616383,5593672354,209722623.1964392
1730592000,3.9000185582395113,5585348280.061481,131230367.87879281
1730678400,3.79168524,5438835979.268123,216215151.77498662
1730764800,3.746542182184928,5367646219,148688397.16413066
1730851200,3.8518158139464282,5523864982,161319368.16203183
1730937600,4.117509650834854,5907704345.107553,382727348.78272456
1731024000,4.162415776758603,5969119557.929986,280608815.34866387
1731110400,4.333083586,6219936247.387929,426495541.97726333
1731196800,4.6156770927408814,6638693302.809183,316886003.2283409
1731283200,5.227515532161541,7485402310.754487,1382060009.7774332
1731369600,5.717173954207211,8218773322.764195,893227242.6286404
1731456000,5.359274248369841,7689160825.7577505,1160372989.600832
1731542400,5.087419736545952,7321098069.287153,845861301.3546714
1731628800,4.767081845839398,6834306611.2133255,551454928.6385021
1731715200,5.138731412657049,7389514730.948136,505663289.41462976
1731801600,5.756561923326833,8273126743.309964,784150867.2592056
1731888000,5.411252058380183,7785638849.506375,843684060.0619962
1731974400,6.026757363270772,8680221108,817447523.5245076
1732060800,5.800090035343622,8349661755.924848,488269957.8959976
1732147200,5.737518269,8267138566.641188,687052869.1167806
1732233600,5.938292161320656,8549820682.898639,710691533.6
1732320000,6.654568871568875,9565626204,1118565130.8956618
1732406400,8.480573617515835,12215884515.185947,4029832919.4948745
1732492800,8.828889706813152,12732678850.312284,3709827995.529082
1732579200,8.232233033248502,11867066732.072239,1550682343.1341267
1732665600,8.055583854407976,11618151585.811499,1214932052.7371671
1732752000,8.470416729132179,12896610642.448778,1018435760.7287474
1732838400,8.625928351861294,13124787354.836481,819754943.0331972
1732924800,9.013103687,13694855320.51304,976203391.5740867
1733011200,8.987536871473994,13682093690.490286,1093033294.820603
1733097600,9.284443289341272,14137401931.612473,923956917.5
1733184000,10.025357893237784,15262225003.09778,2050161865.9738822
1733270400,9.864460391117042,15013385163.692583,2223009230.6595035
1733356800,10.538502333245544,16041273604.544933,2885366549.389038
1733443200,10.452748409995786,15917502411.847876,2007633321.8874154
1733529600,10.733623844767518,16376367854.135273,1264054442.1907916
1733616000,10.642554299176084,16226431918.98235,924742704.8
1733702400,10.435105591682834,15853661039.376863,820777740.2858694
1733788800,8.514674436054847,12949449299.629826,1756719957.9662366
1733875200,8.376631103,12749655350.51308,1511755290.733215
1733961600,9.006968074344108,13711010810.045668,1075653941.8503048
1734048000,9.021865084005693,13706190552.902285,1199636035.5106063
1734134400,9.045350871749957,13769112072.590532,809569054.7612625
1734220800,8.548352486197125,13012728999.45761,720935407.6425378
1734307200,9.054145214193706,13785207920.906765,803662092.7429317
1734393600,8.760557851326139,13337128138.168434,768727744.2477787
1734480000,8.452874845823278,12878507706.81956,564741492.5826279
1734566400,7.698043308,11707143326.348003,774908737.4
1734652800,7.000077878976265,10657595016.082409,1086124837.3431895
1734739200,7.293541883705951,11078107314.74053,1021964776.574753
1734825600,6.953396562,10565319086.16197,612239126.3
1734912000,6.824171601363307,10405418079.72872,449643193.4693805
1734998400,7.356434044180842,11198191077.047335,539764573.1630613
1735084800,7.569390707588506,11502434769.709047,433986333.65930504
1735171200,7.495970965,11404977617.909649,315870291.77983326
1735257600,6.930808341676126,10550541237.70679,347681284.73239106
1735344000,6.895822608208447,10494234540.429379,345531732.7427434
1735430400,7.102445975088033,10818859505.226204,230066007.55433878
1735516800,6.867609733029039,10454538701.531261,216122629.28481495
1735603200,6.694224724913198,10180469171.934875,352231593.47555494
1735689600,6.642342862506173,10113205041.606663,229365519.02511942
1735776000,7.011831925954553,10673880771.136974,247755276
1735862400,7.172594543636895,10925492560.691156,309000049.86166275
1735948800,7.743028684,11786401551.44405,539342851.0007907
1736035200,7.696280293513227,11719603154.711365,304399076.52685183
1736121600,7.683347151713971,11696424181.763823,245541864.96516636
1736208000,7.769200365778986,11809488519.493692,402221938.4758566
1736294400,7.027906542050603,10709719845.805716,512352289.4426803
1736380800,6.761526519681468,10308805173.026878,493087506.0609287
1736467200,6.557542197378033,9985953661,330378379.6866445
1736553600,6.738149972457438,10258898575.306026,311277186.7
1736640000,6.744056640344187,10273206164.987535,165093899.43001288
1736726400,6.625795118019255,10085471431.647745,141543566.96166176
1736812800,6.397463903700922,9735593371,399012512.27772474
1736899200,6.663287986428835,10136708461.664795,213141307.09348366
1736985600,7.1863619362972155,10941510167.68485,506165482.3495175
1737072000,7.150950484206798,10886579923.225327,435658805.8921994
1737158400,7.515682325709637,11444703914.229948,367309752.27145755
1737244800,7.035272400500881,10705441847.753828,354931037.1694506
1737331200,6.239516242739936,9523912507.617281,615856568.5571425
1737417600,6.355432669057866,9691552864.681587,748140884.7915807
1737504000,6.6500034384858075,10112321524.916006,355769051.90993965
1737590400,6.434517736,9802217007.917845,215503293.61278078
1737676800,6.356036875608137,9680646881.865334,268918550.8118405
1737763200,6.313076452746947,9601474626,201623527.31635818
1737849600,6.334525888259395,9651783029.683846,146294895.85328555
1737936000,6.173818116908197,9404571220,154059437.48463467
1738022400,5.934398592474619,9025181980.861689,452139396.39279044
1738108800,5.654045223846975,8606215220,201672906.7991726
1738195200,5.770414948314038,8793594567,229114317.70305637
1738281600,6.127695465821283,9343681874,207475144.7617954
1738368000,6.3149306445701106,9611360306,347310792.4039814
1738454400,5.925742650245715,9049371864.833912,253834326.48964158
1738540800,5.1223498891675625,7764707208.756016,565973916.4663827
1738627200,5.177344192231989,7885714795.996913,1201970826.6236064
1738713600,4.7465688265166195,7208967694.395373,467716839.7706376
1738800000,4.692305822775594,7142942589.457484,218308685.8650339
1738886400,4.488024986683552,6817803070.035865,202447674.1211231
1738972800,4.584974629536713,6968628859.018911,322886400.49758315
1739059200,4.747784336106698,7231054164.180392,169859745.00550616
1739145600,4.768484213122575,7259103275.373556,220104817.88435477
1739232000,4.835423126063689,7361656486.188615,214764530.49897516
1739318400,4.809066559,7321258576.528013,276490330.2341074
1739404800,5.231804807639781,7960471222.121489,431734813.7945228
1739491200,5.129201706,7808489480.900191,223466503.9197794
1739577600,5.191503606288476,7903655004.709913,221686215.68924507
1739664000,5.023912833,7646937382.360792,150692647.2874577
1739750400,4.8763094807083895,7419103570.427069,127691841.03065348
1739836800,4.884356070287686,7431095474,196132141.52568948
1739923200,4.761070407791918,7240860520.048352,238668344.67676988
1740009600,4.877077278265619,7423868323.526048,164700250.7311589
1740096000,5.049532688568829,7688607035,205826300.23823163
1740182400,5.055764776364962,7696888009.362756,326841354.65206677
1740268800,5.045600420451044,7681254799.631484,197199332.41423583
1740355200,4.962965250471214,7550802937.692735,125624894.48164535
1740441600,4.409173135088577,6704630791.655081,277983570.78092974
1740528000,4.630833214861277,7048941234.924034,456052622.4782715
1740614400,4.737227814946534,7214672121,313517702.7
1740700800,4.9297933547131505,7504462036.486724,351623459.64350885
1740787200,4.718933352338517,7184693286.174946,406798078.4782478
1740873600,4.663492657367923,7095576317.576056,172411504.21341795
1740960000,5.194907662022664,7907459756.219945,351404757.2591509
1741046400,4.479753641,6827889952.6983185,354542177.62483937
1741132800,4.331014885958371,6587069005.413009,358004086.9836772
1741219200,4.528683380998404,6890816388.620815,197701711.15388465
1741305600,4.440327657989716,6757953127,198956189.0998639
1741392000,4.405587736173357,6706313318.2032995,286605234.2300235
1741478400,4.288418270311042,6530742364.192004,130249257.56892297
1741564800,4.017849174215634,6098037561.853455,202616257.9042693
1741651200,3.886090665715909,5924388799.717715,261453381.28991136
1741737600,4.044064391425978,6154251436.853501,277788376.2046481
1741824000,3.976503748419388,6047740002.912908,212556427.04158702
1741910400,3.9752803035019677,6049778882.121537,195642781.95121038
1741996800,4.180392739164096,6363382819.276579,221637052.71454492
1742083200,4.352416876189085,6627033883.790361,158730273.71130607
1742169600,4.300928394,6537879795.972363,155877082.88105214
1742256000,4.378156359311373,6667053075.981273,177325414.8427803
1742342400,4.4641656928903135,6793936451.837484,173999552.6785384
1742428800,4.545125675636074,6912321086.645029,240430398.92310542
1742515200,4.396429517938644,6691250461.656311,165791500.5
1742601600,4.492833157752314,6841117440.048836,198758693.2095648
1742688000,4.440801420945156,6755932806.918282,134612578.0779071
1742774400,4.497209413079835,6853376058.674074,134757520.99115974
1742860800,4.613701095,7017401849.992181,212406756.34480095
1742947200,4.6410705913636985,7064875940.825395,150821706.6
1743033600,4.692452329383157,7145283988.592348,200688744.7669101
1743120000,4.6320289945341235,7051220649.739965,189869115.18316212
1743206400,4.288950588191705,6525848247.071601,208166543.03374335
1743292800,4.048690774702964,6151156566.893912,154746554.63838288
1743379200,4.0348020276508425,6138219211.805758,123335193.92868994
1743465600,4.0235385272362105,6124705047.020388,156442506.01143336
1743552000,4.1767975254425735,6362627829.429223,157721985.3016019
1743638400,3.966703761405211,6038331549.223662,260135998.9388796
1743724800,4.053293922122308,6169970408.399564,194927424.80435094
1743811200,4.031504992184917,6136160273.910595,173903471.2592361
1743897600,3.963681257528397,6028214527.093344,105934824.13301788
1743984000,3.675281015904061,5586380627.041218,184276862.6839877
1744070400,3.5910034895006557,5486378099.970806,427100562.6823301
1744156800,3.3660107363196534,5121979456.064432,193841629.9674787
1744243200,3.6357673780347453,5533840258.842209,317717075.92116654
1744329600,3.4656100511582237,5277619664.534353,219360831.0606997
1744416000,3.555901707755209,5413032038.313501,154887087.36880568
1744502400,3.712469398070574,5656164602.021083,127892822.19230707
1744588800,3.652410153330492,5545337783.218219,172374035.31874913
1744675200,3.6709515974703013,5587942110.695048,159814261.13010684
1744761600,3.5220541582843907,5360109679,140660296.09425417
1744848000,3.5568930754149894,5412830220.899554,140409183.4525263
1744934400,3.6309172357869133,5525468376.487839,126658899.60456094
1745020800,3.6828070230670242,5608887034.310444,87183285.93808618
1745107200,3.875695553403852,5899249077.365679,107542205.44830623
1745193600,3.878558780275851,5903115334.126512,131554313.58082154
1745280000,3.791356419939267,5771003584.902883,138375515.82463697
1745366400,4.0214281858071566,6124436232,221183005.99889478
1745452800,4.0893318343573934,6226712713.966897,243429211.8128456
1745539200,4.257528151823736,6480430220.744547,212680458.27914992
1745625600,4.262217790758248,6490203903.937389,208528104.33728528
1745712000,4.266977250366512,6494540737.566986,144530312.28994662
1745798400,4.096871083389044,6235526694.678963,169777311.62057754
1745884800,4.236896520599812,6445783825.498586,191727714.96651155
1745971200,4.137170970134625,6294431420.553912,140689016.94973508
1746057600,4.068623763452828,6194305600.433748,145093828.04871634
1746144000,4.172986887084501,6350729347.378437,134951567.47447014
1746230400,4.161142468321199,6333669795.930389,126642477.41594069
1746316800,4.036384036126525,6147341064.129784,92765657.01902871
1746403200,3.9219825496516623,5970166129.104511,142642571.29179627
1746489600,3.919661433995793,5966881609.063964,140939649.49048525
1746576000,3.9650207637907586,6036145257.741852,148427082.76016256
1746662400,3.9681711182505817,6041104468.077851,121799490.10994104
1746748800,4.4400203699451435,6760154567.511647,320384469.00398666
1746835200,4.786301283667018,7286315604,422202175.8329344
1746921600,5.293898112384627,8061476348.015614,470412280.2805044
1747008000,5.093336585881341,7755912301.148517,352192938.46676475
1747094400,5.074108071596386,7728009182.651478,394875187.5243903
1747180800,5.202025194282246,7918833620.115092,304651489.1924686
1747267200,4.9813248907038155,7579251198.696534,262074518.26466218
1747353600,4.761099423351979,7248646238.660139,316048564.3673225
1747440000,4.767004455,7257922930.127741,210005955.67408782
1747526400,4.610898442738383,7019724349,182514996.32215083
1747612800,4.7366140774391665,7201657514.800415,211618791.03901103
1747699200,4.588237974925576,6983137868.794709,248742095.06391242
1747785600,4.6723476360030025,7112334852.458676,198025666.39158458
1747872000,4.765331207349123,7256344909.1493225,284911843.32256943
1747958400,4.9476331434261525,7528829908.526183,250980913.17441925
1748044800,4.559349635372725,6941044065.672156,394644545.3789066
1748131200,4.542467780477936,6915075168.109303,165407810.35207325
1748217600,4.518706055869128,6878684075.610931,187732733.90236202
1748304000,4.460707246,6790607744.929896,191420774.8140692
1748390400,4.5341709734459394,6901743235.732749,195550811.71920273
1748476800,4.5732105973275505,6961254281.019308,197535389.25895777
1748563200,4.364169921007003,6648598704.507597,221574192.4814612
1748649600,4.053512704116731,6169823421.464581,312800416.73040557
1748736000,4.0803858821452454,6211130159.315976,202865334.5843774
1748822400,4.069420664914147,6195524788.8381195,125071879.65083063
1748908800,4.1506001328858995,6323038236.220834,157654866.99983564
1748995200,4.1414028060634225,6305300293.392744,174018822.29508987
1749081600,4.019691197383671,6118992048.199563,179186631.14120576
1749168000,3.8282993198278357,5827182434.839984,236778389.73157325
1749254400,3.8931179412785846,5926363663.872789,161602302.68279672
1749340800,4.027461641029691,6130859281.355839,108120364.3514386
1749427200,4.024046992073592,6125470184.679154,122159266.5530081
1749513600,4.156462929413557,6323810866,205393985.51749453
1749600000,4.283175536515207,6519535439.659489,328624315.5716632
1749686400,4.191997865859547,6378643630.540743,300552105.0981892
1749772800,3.929244923229395,5981740956.521013,267762440.90142012
1749859200,3.8366580868906013,5840837137.820071,347839182.7934453
1749945600,3.7858622958429455,5768390602.152355,128678427.53971043
1750032000,3.8222643778003396,5820930318.090815,95184223.91459964
1750118400,3.8667661099040367,5903161061.750824,167108130.80274197
1750204800,3.7296335831414096,5678668304,193751998.1186033
1750291200,3.6174633114404733,5499803919.626425,206317674.1072415
1750377600,3.5482078134488693,5401637069.264585,200788762.98945537
1750464000,3.4381755574934276,5230418570.588247,241749468.84941074
1750550400,3.296537907554228,5002259922.815857,180073975.71215412
1750636800,3.155690434118208,4804062451.554574,314230714.1308273
1750723200,3.4165181732977827,5200954923.097754,281143042.45081156
1750809600,3.4335414387893723,5225610664.408059,172281779.06409293
1750896000,3.354618113067624,5107998149.177689,141061137.39422655
1750982400,3.2987078152109106,5021514247.660135,154840843.45309886
1751068800,3.358730662387401,5112263044.227442,154820431.3624642
1751155200,3.4035017729887733,5180897725.101242,88517586.78325476
1751241600,3.5490786861699632,5405634622.455058,121445509.60210347
1751328000,3.4017772960506103,5178960582,168328146.62375665
1751414400,3.2821561584071155,4995181920.829319,151216658.0927341
1751500800,3.5472964465262176,5401420274.165163,273402219.57907856
1751587200,3.537101940848999,5383206418.6323395,251057840.18585655
1751673600,3.3577229798589117,5110419580,225619728.15665424
1751760000,3.353254135703438,5104479139.778712,100555202.24536896
1751846400,3.3940888986606934,5166513862.342971,151204514.75895998
1751932800,3.368862073192542,5127912875.031808,134530783.1679943
1752019200,3.449547487050916,5251638460.602054,157793660.88751388
1752105600,3.618100376765666,5510644272.184682,236937060.12055525
1752192000,3.8742351948066025,5887312883.973418,368000515.61897457
1752278400,3.913608713,5955463718,570104264.5537794
1752364800,3.894062887610879,5925584152.023676,322854184.65712607
1752451200,3.983930538545639,6064326480.046218,253911011.15950906
1752537600,3.945655164820056,6007262540.337831,416748556.6218357
1752624000,4.076744966774124,6216375491,386886897.9077191
1752710400,4.156787846984512,6332748576,458087207.65225613
1752796800,4.280364916840727,6525406435.446587,534942983.13786197
1752883200,4.227374467473635,6433452777.104345,795890470.8886572
1752969600,4.408435530477332,6706612179,320071895.43031603
1753056000,4.487874671435235,6828568169.263496,488274868.1
1753142400,4.503811534144553,6859163192.102517,588458461.3726325
1753228800,4.541929356743654,6908379678.869169,658706606
1753315200,4.1142063415926335,6263857364.897942,634277338.4
1753401600,4.000296367709187,6084908843.462766,602269822.0613778
1753488000,4.087330887128408,6220290037.8597555,421381940.15073746
1753574400,4.126793852864665,6283546825.939664,203569576.20186287
1753660800,4.237466608794557,6449953021,206319623.55008063
1753747200,3.948036844310257,6012043909,359164885.4318071
1753833600,3.897112332250897,5926464176.556784,315936378.6376639
1753920000,3.808308835,5797192673.296258,341376947.30137557
1754006400,3.682442281803306,5607146787.998528,268323560.5188938
1754092800,3.552073547453186,5407048146.029825,416592758.6099664
1754179200,3.5097263835436174,5346501274.8936405,267317888.23361272
1754265600,3.6035606541021035,5485736017.314985,181645980.60489064
1754352000,3.7188545941044713,5661045519.345337,219155361.38975075
1754438400,3.6154700955183303,5503434598.928888,208482251.5158693
1754524800,3.6737083507938455,5592274582.576195,175535186.83736897
1754611200,3.861270765811059,5876477671.575403,258222749.99415767
1754697600,3.9787776148270595,6056960913.744263,384155296.6839349
1754784000,4.1410024647847905,6297321338.874337,270524788.8712553
1754870400,4.060888284954772,6176923709,264913322.22735587
1754956800,3.8666542548447476,5885877318.5711565,328864845.93778837
1755043200,4.147677626213935,6315169080.292378,488365516.3793482
1755129600,4.287684717,6527001207.916551,505678582.6926361
1755216000,3.993106031696323,6079289797.551192,557144396.2720555
1755302400,3.8862784712024796,5915487632.844725,411626932.76318365
1755388800,3.9664823787209555,6038051719.109185,178235988.60818982
1755475200,4.0662493931790396,6191675085.970571,276786480.0610931
1755561600,3.9131505846247006,5956504240.198637,373014847.27794427
1755648000,3.716261938519478,5660849288.876758,304339347.30276215
1755734400,3.883074556213311,5915511253.564621,280065015.7
1755820800,3.7927955001216556,5763579906.842928,172140425.38919666
1755907200,4.1785451102585505,6370957494.611323,475936294.2086096
1755993600,4.224534614,6429350281.051732,314515688.98590714
1756080000,4.110871894460837,6257911198.588136,382399697.2672409
1756166400,3.735445787569332,5684516808.472932,449078978.7774197
1756252800,3.8881735986585824,5918707201.367968,252697067.08012748
1756339200,3.8332660093377426,5835703080.727778,254995566.2950279
1756425600,3.980550988463109,6055639742.712682,348863339.40674686
1756512000,3.7779558744109996,5751664661.097713,421057167.1159388
1756598400,3.8061736351686655,5794081584.676643,163010746.96201068
1756684800,3.7406605099674457,5694676652.142456,210523398.65438506
1756771200,3.6870215864992897,5614460720,345934297.5060738
1756857600,3.816683218463477,5809537998.220508,231922972.52957493
1756944000,3.8649412026004315,5881286517,186851080
1757030400,3.766488565197457,5734323466.886567,167510416.60500073
1757116800,3.829114029298823,5828223311.423682,226479149.97892943
1757203200,3.8237118445202616,5822511879.448002,127365148.36284414
1757289600,3.997483504765906,6086400139.874604,330995701.4101174
1757376000,4.045761011294505,6158630776.256786,343750634.7742501
1757462400,4.140641629812978,6298244451.604466,406955713.6979728
1757548800,4.211853426949826,6408993596.669907,339419081.92320216
1757635200,4.242731619212369,6458842311.226423,269826673.63589346
1757721600,4.319706951636194,6576017190.985695,282321717.9
1757808000,4.499684494,6845784196.410955,483898390.0804169
1757894400,4.318931405528713,6571365537,267364481.90024903
1757980800,4.148073526611803,6314032396.132234,315040021.6254158
1758067200,4.253855293174495,6473565124.981172,294762797.18369496
1758153600,4.400346548626808,6698806089.594324,316688009.9499891
1758240000,4.540703894210576,6912038997.030413,418050097.4970018
1758326400,4.357129411691623,6629213701.6315365,642041064.6791971
1758412800,4.357162120002465,6624256739.714153,276641975.99741274
1758499200,4.271606534683606,6501935710.875107,199365448.98490316
1758585600,4.035242834171254,6143822484.904534,469857718.48753446
1758672000,3.9759132556509456,6055263261.474953,235481407.27092433
1758758400,3.9940128737192095,6075930652.718442,261104554.9551642
1758844800,3.797480757524952,5782032872.538454,372959427.7303677
1758931200,3.9264394879857436,5975425709.184838,242055573.92635956
1759017600,3.8940503448585932,5929056496.778538,133888779.4500766
1759104000,3.998067136296691,6088613019,182297075.31997007
1759190400,3.9828508148930846,6063642648.651235,248625629.72637844
1759276800,3.9046653907135207,5943749507.107453,186559102.31378403
1759363200,4.120826431544298,6266680508,263012939.15187672
1759449600,4.306459596788887,6552187418.819819,355379316.0899925
1759536000,4.321079044,6578316753.699466,311115625.1076022
1759622400,4.200828638190599,6394903856.501155,210930405.54149872
1759708800,4.137657050301472,6299355093.226073,273447619.1273711
1759795200,4.387429135,6679381029.546776,359307383.2935898
1759881600,4.147928101244942,6314211461.868279,345939632.55039424
1759968000,4.196586424138258,6390249933.307452,266884496.06060278
1760054400,4.076970340688221,6207303406.179168,274381575.92937523
1760140800,3.010257156374805,4583525856.964671,1093013309.1055849
1760227200,3.0003871408084595,4567268215.871766,803593346.6170287
1760313600,3.2432501635569335,4930005005.414715,402388835.1052813
1760400000,3.3742990302668594,5136853365.610241,459281449.13264006
1760486400,3.252387201263129,4951144465,417276231.4929361
1760572800,3.1353961916881783,4773150245.212451,290252156.7229914
1760659200,3.0116506337691327,4585682360.678332,355524651.0360797
1760745600,2.893199420475808,4405074010.322249,375187905.8
1760832000,2.9316807612892775,4461557041.617679,128143152.75656685
1760918400,3.0069460259707226,4577804515.681926,183245617.63203633
1761004800,3.0868177362751963,4698033784.8396225,216338764.43703583
1761091200,3.006104601195977,4575992347.846208,275040956.45706886
1761177600,2.9206948496816607,4443498647.0593605,254475692.97341764
1761264000,3.002462501172258,4569729786.473361,169109199.3874311
1761350400,3.0781819527758447,4685643928.018481,173832044.9387002
1761436800,3.092137993816649,4711013203.977224,95098002.41902071
1761523200,3.200873997055536,4875680256.161516,157176245.2185091
1761609600,3.140135007561002,4779057729.142019,201318813.11919293
1761696000,3.0545006480875045,4644669270.504767,700054276.3946712
1761782400,3.076856970106326,4684150310,298000187.62239444
1761868800,2.870994261993061,4361346991.586637,339965737.06370604
1761955200,2.8822290833792032,4387254523.513655,197436287.98175743
1762041600,2.964533055874142,4512384686.632181,171521382.23086372
1762128000,2.9815654494006494,4532261020,201998497.48514417
1762214400,2.579548426867725,3924415771.807311,370020636.24946624
1762300800,2.514520135992116,4097672931.124776,388921348.9142576
1762387200,2.6721811961934767,4366621966,257597701.15701708
1762473600,2.6594629837687176,4345005838.690897,291541103.16705066
1762560000,3.251160794538625,5313271190.313223,832214580.4185094
1762646400,3.2478051971785122,5306910577.715504,670484539.2368517
1762732800,3.226859621626869,5271056662.826315,426634070.6933381
1762819200,3.262921036889602,5336914744.668892,406652128.7880417
1762905600,3.052716233,4989913338.768854,358943921.8879887
1762992000,2.9195963930376077,4773180424.584787,278092747.2208928
1763078400,2.8583811819324656,4681381587.123932,309987571.5390692
1763164800,2.8220436827329336,4624529536.330694,345631367.3869731
1763251200,2.8337829221608968,4636354076.579148,191103716.89610848
1763337600,2.797543085794601,4577891719.232705,217677597.51668212
1763424000,2.657851066700615,4347092113.626492,265288089.9
1763510400,2.751827947454215,4504171455,252374238.25187477
1763596800,2.685686611,4393708987,223151763.1904148
1763683200,2.5408524628387545,4165836840.948888,271554430.6935951
1763769600,2.349174783284178,3847700119.7014346,325554149.3917731
1763856000,2.309724575172674,3783572694.2009096,162664534.8022891
1763942400,2.2587171604645464,3702110598.253263,162615109.37796718
1764028800,2.3418282891799773,3838692442.241924,230713437.33662358
1764115200,2.2963310188867823,3767229747.6904316,192351115.4410692
1764201600,2.3438047429667677,3842370971.1391554,151247941.57545263
1764288000,2.339548999642952,3837260233.185496,127880229.65071572
1764374400,2.285796302,3750556545.660148,147450346.85673112
1764460800,2.260358682714089,3706364497.1479073,88632309.25841653
1764547200,2.2212979646713715,3650584151.2569995,82584163.81900108
1764633600,2.043772748567472,3354183613.0404773,284668829.45778334
1764720000,2.247806142751304,3687580474.3907547,224514103.48080596
1764806400,2.3667862723841164,3885358937.073845,212983595.74950427
1764892800,2.2742817650884026,3734698462.750638,180712565.9
1764979200,2.127325815909106,3494285591.1519847,172668485.87473685
1765065600,2.129007190642712,3496967785.3582973,126423801.92452295
1765152000,2.0862977618916068,3426907152.941607,170762888.87208107
1765238400,2.1311050824672626,3501744604.3236594,193984421.02230382
1765324800,2.292463385941589,3772490723.0436397,249974617.62608162
1765411200,2.197248180928796,3615474122.1298404,198437903.85677436
1765497600,2.067815082729101,3403750211.3761535,259891633.24855343
1765584000,2.013683472,3313247672.939351,193301325.53302678
1765670400,2.0398628509570615,3355817761.732232,98593284.73238727
1765756800,1.9563556962718585,3218106085.6672335,166725971.90752357
1765843200,1.9018830705080592,3130493574.956529,206162028.41179082
1765929600,1.895589676266372,3119492985.720461,170436664.6839536
1766016000,1.813414863567378,2986004168.0886884,192269245.18405196
1766102400,1.7587951315895212,2895198706.768118,220577132.1901517
1766188800,1.849338724352407,3046001911.035939,172329335.65715763
1766275200,1.8323514743240659,3018150040.6182394,82985673.29557481
1766361600,1.801718601779386,2968265286.0024824,120898153.03161901
1766448000,1.7830941838445948,2936377333.558936,178720197.73363125
1766534400,1.7643697452021692,2908120713.4731865,121384243.56570102
1766620800,1.7362731778166183,2862254031.506198,101799319.80762284
1766707200,1.682740071424645,2778777810.9123664,104181697.14259689
1766793600,1.7224605370695534,2840507915.8008246,152164407.26677004
1766880000,1.9131697936463947,3142347238.555605,196254500.3718849
1766966400,1.8484796584553884,3048911917.356349,118771125.72572495
1767052800,1.8214810914057074,3005524122.1871843,154865299.50386348
1767139200,1.8109237392540314,2989159718.2926726,118585417.96156347
1767225600,1.7898377149742521,2954883541,108048762.52051097
1767312000,1.9978248132604273,3302963870.7300367,220364810.80063388
1767398400,2.155754791483652,3557772065.504542,261730323.2655233
1767484800,2.124787600945544,3511278698.927016,169340815.1340941
1767571200,2.138867697736621,3531386014.6523376,127887094.80438152
1767657600,2.2108219259320077,3654970389.6479354,224784785.5
1767744000,2.232928493363717,3683430419.7402043,230504417.70969078
1767830400,2.1411995871419784,3540681807.490468,141131941.57952547
1767916800,2.1111434091987853,3490592578,135512790.66412783
1768003200,2.0809401133951235,3441832908.065588,121816788.64650536
1768089600,2.0915800068481016,3460331862.789647,66722151.163814016
1768176000,2.0635476834180335,3410800268.2742352,73694935.43
1768262400,2.051739859760119,3394192293.942933,130261298.1733363
1768348800,2.2763944740613677,3765699467.7720423,323064307.4253181
1768435200,2.2265779550898417,3685169246.2416825,202246074.85365275
1768521600,2.118232241591044,3506158295.969938,162435378.68909782
1768608000,2.1192172304610803,3507470527.9620137,143238109.7612408
1768694400,2.1758382173042454,3603455266.8277683,143256310.36610332
1768780800,2.0749855236832584,3454734403.570222,125439393.15918453
1768867200,2.030405874687022,3366354267.4543777,246628620.5198111
1768953600,1.896440730647219,3142848004.9996724,172996385.72877026
1769040000,1.9466918045055863,3226629796.9105535,151884114.51821595
1769126400,1.924196855354934,3190552599.318115,88611239.19390327
1769212800,1.923369897018025,3188198513.9019523,102774996.44268902
1769299200,1.9262341539891963,3194922181.016929,56434595.43615627
1769385600,1.8238042092337376,3025074327.6959143,126551791.60062905
1769472000,1.874866920666127,3113672884.6699014,109594498.20244297
1769558400,1.8767767134529998,3114623261.399799,92463713
1769644800,1.8696634731534618,3102685929.458866,131360413.27517043
1769731200,1.732892854,2875520912.6561418,148379346.38682446
1769817600,1.6870692050217877,2800497447.171879,178030895.1597017
1769904000,1.5448808943636814,2565757036.7256446,266704979.81078538
1769990400,1.5000838740919824,2493896731.559819,155307589.66702637
1770076800,1.544858234358694,2566078706.885994,178215037.13358226
1770163200,1.4925744481263417,2481120578.7870674,216593594.57055575
1770249600,1.4641761867671226,2436521701.8446765,142573759.23071513
1770336000,1.2483060546789815,2081035594.6028042,295362540.7540107
1770422400,1.366746995727783,2273104786.280155,303943921.72709656
1770508800,1.3736655774491684,2284545194.9441714,162806018.9523889
1770595200,1.338852923141552,2226892656.7368965,89271550.8
1770681600,1.3206021878249927,2198025995.161405,111245008.00534926
1770768000,1.2827053742322307,2134524522.7630012,85229209.09294869
1770854400,1.2542921767397184,2087655731.077611,109232553.0185416
1770940800,1.2809655954353187,2133202047.5033634,91183791.36799325
1771027200,1.3288416453053582,2213272963.5565963,89228394.22
1771113600,1.4215815962708278,2367196536.6999574,100968131.27871889
1771200000,1.3570071949087488,2261402897.6329346,104876724.11569543
1771286400,1.3762481450579371,2291718264.6663017,83077473.67891775
1771372800,1.3478884817588765,2243779503.1325135,92167684.09532428
1771459200,1.310306477474221,2182373825.007387,91895490.83639841
1771545600,1.2868951891969196,2145372789.2472064,91057938.64526032
1771632000,1.3388573886071409,2228930965,128137526.22767757
1771718400,1.3594784317053898,2267304078.7992244,89738736.54555763
1771804800,1.3108840848046295,2185844396.6192102,86742057.74
1771891200,1.265335327771642,2110995468.298598,141159070.8360319
1771977600,1.240147958142359,2071395283.6374846,127187264.9460657
1772064000,1.6524027195421058,2755825373.802012,704272985.3362113
1772150400,1.6081063764511554,2685072184.8821917,521229389.12458533
1772236800,1.5997422179938154,2670609679.257141,336317573.9600314
1772323200,1.6710431668089671,2790878125.1566024,348911641.4245829
1772409600,1.538075099909149,2570561249.2476096,226036573.09404072
1772496000,1.510250923839474,2522743940.1305985,264654659.6134169
1772582400,1.5320935112854248,2562420715.488233,188771442.34697914
1772668800,1.5428640332810186,2579296007.6714816,211437492.45110315
1772755200,1.5317436032278418,2560610246.739605,156898786.95376724
1772841600,1.4879530679754245,2488459135.629231,131640995.69262634
1772928000,1.446934034469975,2419981698.923515,112143931.10336117
1773014400,1.451638088042749,2428058630.2304325,126854860.62957956
1773100800,1.491686719,2496146770.7381215,153801503.42235374
1773187200,1.4856794243806175,2486425242.5030546,141458130.7238905
1773273600,1.521658810912698,2547038677.446904,117155550.52811778
1773360000,1.5173628325692914,2538291833.3457627,89378352.79040356
1773446400,1.4644018499135854,2449652226.3304267,143920948.82266176
1773532800,1.4145001787687685,2366617260.5461755,91917427.77
1773619200,1.4355127930921112,2400966329.950642,110306868.56752557
1773705600,1.6424856890863022,2751273635.5891237,407815655.26668644
1773792000,1.6193349424996466,2709794249.798835,224744169.63526922
1773878400,1.5725127647113013,2634068379.6619973,225868550.87652925
1773964800,1.521645134,2547779695.988823,188504363.3293735
1774051200,1.5004771787204358,2520174662.441786,155354632.21057636
1774137600,1.4809429887270067,2481609280.4470773,113886061.4473694
1774224000,1.411312389333448,2365460613.251727,127405702.85252626
1774310400,1.4177439307743782,2375929759.1048417,197754004.99882713
1774396800,1.4013292287721357,2347501232.3687105,201901853.48236594
1774483200,1.358603337548843,2277195055.0841813,206412211.5655899
1774569600,1.3232395743919947,2216967348,201360019.47321212
1774656000,1.2870558415973934,2157576093.909752,298526426.96009564
1774742400,1.2550098440152906,2103798850.7699952,251224294.39614472
1774828800,1.254810218826451,2103878754.8086874,195742248.01479658
1774915200,1.2419443577467058,2081839818.8705304,111555669.41251749
1775001600,1.2508624858511936,2097430014.5505905,122827100.04696845
1775088000,1.2558740234079446,2104907508.6731474,110115311.93540677
1775174400,1.236119042306689,2073435737.3650298,106644952.09646691
1775260800,1.2367161280872758,2074169742,104210300.1646758
1775347200,1.2505456544968807,2097622815.9186978,66291397.39658131
1775433600,1.2433053367759668,2085886797.753012,96297707.37
1775520000,1.2438580695536148,2087344176.3477414,104056614.72323303
1775606400,1.3257428508757614,2223121843.0257874,162890009.56959423
1775692800,1.2678850637088281,2128858818.4795084,143630443.52682805
1775779200,1.2996199836155509,2181106054.753037,138797665.40893653
1775865600,1.304577325748573,2189775672.7856975,112020483.71253708
1775952000,1.2871524681408846,2161888983.033908,111832903.25020228
1776038400,1.2229495125249379,2054657827.1850069,130925722.55237356
1776124800,1.2271318205634711,2063356860.5146596,324412668.9034855
1776211200,1.1637901214476039,1954254226.3270457,260310156.75848776
1776297600,1.1793586704701249,1979780068.9531405,210006957.66340062
1776384000,1.3325156456128329,2241134285.4004025,391105724.0480078
1776470400,1.3339960098878814,2238920567.1448374,251128384.03777626
1776556800,1.2740098273491847,2140578791.7960565,191941479.3463114
1776643200,1.2392882333622472,2083459723.5479658,184996623.46730697
1776729600,1.2785913682176862,2148116185.881159,177797080.8745824
1776816000,1.2795201030479546,2149917910.1774735,150457238.16761392
1776902400,1.2715227363408266,2136929509.5718524,149319375.7474642
1776988800,1.240829442049969,2086049096.663248,124918433.73542303
1777075200,1.2523962379531475,2104701267.4269526,120781092.62152961
