snapped_at,price,market_cap,total_volume
1438905600,2.83162,0,90622
1438992000,1.33075,80339475,368070
1439078400,0.6875857090838133,41556309.21112176,400464.0745435489
1439164800,1.067378879429946,64539006.306272194,1518998.2053373822
1439251200,1.256613175101658,76013261.05415402,2073893.3450314845
1439337600,1.825395446319752,110468836.22388984,4380142.704000345
1439424000,1.825974891355639,110555313.26025319,4355618.378552116
1439510400,1.670949668937766,101215246.3781064,2519633.2708181436
1439596800,1.476607254205028,89480939.24025029,3032657.656405736
1439683200,1.203871431,87313387.94547918,1880092.2147175823
1439769600,1.281393051659975,92957858.06,1696013.472335737
1439856000,1.252738651679077,90920695.86547753,1537200.8409894055
1439942400,1.484195074171873,107749185.84108424,2967730.5022106003
1440028800,1.406314774,102131022.8278611,1742881.8081502889
1440115200,1.380721536476638,100308763.78229792,914588.6539745613
1440201600,1.355182100454404,98488001.44464436,1610695.8727506467
1440288000,1.246571683,90625948.31797116,696476.5553267623
1440374400,1.160828327907264,84423109.08066371,1053169.3862050485
1440460800,1.119639156482987,81454879.46968535,1151700.041593045
1440547200,1.133690694008804,82504022.82,681460.2394411361
1440633600,1.188895698722608,86549490.63266213,715178.7899308845
1440720000,1.174343905252208,85515599.87435573,607200.8915
1440806400,1.322350879918967,96321049.69,1045589.321256734
1440892800,1.353368417391325,98608290.53954794,1197102.0492865555
1440979200,1.350786688734447,98446826.49425755,610368.2430900692
1441065600,1.278810765308764,93224371.25915022,629746.1193
1441152000,1.262770719520856,92075482.63297981,583923.7452450913
1441238400,1.269520099878085,92596631.55333723,333502.66115673864
1441324800,1.334976229386974,97402782.61913483,350815.4668948872
1441411200,1.298883134,94801706.70501994,317470.0943419727
1441497600,1.256223439965584,91718481.31789045,487005.2028033498
1441584000,1.236033260936938,90274690.39947063,419148.8018252036
1441670400,1.206529945086729,88150718.66876175,367774.3318949896
1441756800,1.167234841402144,85308945.82,639527.9174929534
1441843200,0.9765090926915041,71394234.94958797,1901710.694902119
1441929600,1.038203585306107,75931677.01254052,800623.2998453851
1442016000,0.9386521502557871,68673818.80135794,658895.1959938455
1442102400,0.874022962,63965969.21105757,739213.7259180878
1442188800,0.9418231857274298,68951445.23,725816.4711
1442275200,0.9032199195724051,66147947.57992838,629370.0849072988
1442361600,0.8830787289063511,64693831.07862287,910704.9512256783
1442448000,0.8460709193872474,62003275.12077277,478606.3969218407
1442534400,0.8821037996855977,64666306.22983543,387803.6167124918
1442620800,0.9363277614869444,68666556.12460059,514836.10862474947
1442707200,0.9010928790890973,66105164.81214318,429253.50431215833
1442793600,0.8971422650551497,65835322.779180124,485738.9553869821
1442880000,0.8940475222994914,65633959.754653834,204065.40590088838
1442966400,0.8160373080893036,59927327.71396765,818263.0682
1443052800,0.7405192998515878,54400658.247102216,901151.6190115963
1443139200,0.7778014991497727,57158415.438244216,379124.1859007531
1443225600,0.7213584231130563,53028193.82255717,408380.6390382605
1443312000,0.5830570046974366,42874816.973063745,1214056.2117823916
1443398400,0.65783249,48389042.902712226,936630.3296074625
1443484800,0.7347630535971914,54065419.507539704,640217.6226458604
1443571200,0.6858121897138929,50481342.528862044,588839.7815035215
1443657600,0.6762217338750541,49792779.28891763,220969.48495190177
1443744000,0.6874757575411915,50638684.01549935,163820.85347975112
1443830400,0.6675468579375702,49187272.35,104370.45073472841
1443916800,0.6282550742429386,46307572.65224096,221647.20706785333
1444003200,0.645657762,47605896.39364778,268523.03787593375
1444089600,0.6100126973575233,44984157.19104538,216715.50684861522
1444176000,0.6234833021554507,45977519.79859987,310876.1441075317
1444262400,0.650768765,47989631.25,379233.1220398259
1444348800,0.6297949417268295,46490996.55001768,145554.93808006204
1444435200,0.6370439806918999,47026115.24213034,87074.79961764446
1444521600,0.628787282,46416611.842303865,108895.52921643597
1444608000,0.6026272723327593,44485499.29942276,297117.07710031554
1444694400,0.517689436,38272635.02078042,944847.8047126097
1444780800,0.5614990042588522,41527413.54435173,376563.0715091993
1444867200,0.5331480200007419,39443831.31743269,247071.24723507115
1444953600,0.5490283089973744,40632190.61699083,317377.7617794195
1445040000,0.5184445473595721,38382124.41691709,133661.67045159836
1445126400,0.4870672984193326,36070935.31062339,240250.37656809334
1445212800,0.4329785990312485,32076052.631905656,352361.0618641571
1445299200,0.4397689744048958,32590298.008333907,599041.0131522977
1445385600,0.5654615066780281,41918540.78268511,979304.0724230009
1445472000,0.540737767,40100107.01,866798.4888542511
1445558400,0.5685737685118122,42179070.75754259,259157.66241063716
1445644800,0.6319388092249569,46895926.257060364,476617.7386
1445731200,0.7439579097275092,55226993.78944921,1174026.819064362
1445817600,0.8544552504832845,63451496.574236006,1887568.9059290001
1445904000,1.010409721259424,75057962.81264551,2447633.7976275166
1445990400,1.163748635576317,86478981.55,2236842.210445422
1446076800,1.041849054896385,77447839.42741764,2384549.998119618
1446163200,0.9070916284167455,67453442.47710526,652271.5873221146
1446249600,1.058541941291151,78742733.24541084,603996.1990296076
1446336000,0.9550458603200441,71066352.05814125,970665.6783058537
1446422400,1.002344802929553,74613449.56251672,1878273.0109212757
1446508800,0.9018086605486009,67152505.55125615,3218064.880847628
1446595200,0.906601137,67532501.09696001,1202885.3800460405
1446681600,0.9094421987209234,67767390.10082617,913629.1696859167
1446768000,0.922482091,68761146.27837914,904631.8699629814
1446854400,1.030499514179018,76839299.32470989,1040086.7545033679
1446940800,0.9958029845225516,74277547.07634276,1972521.3874033373
1447027200,0.9348342219016499,69753492.14382021,865031.5412400892
1447113600,0.7887611772679245,58873875.70678452,1243322.7527190507
1447200000,0.900742067,67254888.20415637,826829.6689207307
1447286400,0.9040815579448993,67527257.40972713,545086.2658886773
1447372800,0.8842289054037304,66066714.49,361586.11600976856
1447459200,0.9108255481961639,68078325.79,432023.4078
1447545600,0.9338407839578461,69812830.40735959,616346.9298519328
1447632000,0.9952733578828389,74440734.3,1128249.5445129166
1447718400,0.9944285799213992,74402718.74542972,687203.3331021931
1447804800,0.9514712892422663,71212297.76056388,434385.4815
1447891200,0.9268031189591781,69388368.57982641,606560.3384
1447977600,0.9735724342696529,72914368.80252853,454926.9190034523
1448064000,0.964738532,72276339.25126061,371962.8833336563
1448150400,0.9452203362307195,70839197.81949022,437126.39426833094
1448236800,0.8993611354663962,67424299.39769948,354914.08621214016
1448323200,0.8677070917677269,65072847.332706206,708867.1776788787
1448409600,0.8948747707881739,67132055.60740013,959696.4719438321
1448496000,0.8707128002545287,65341845.392888874,398595.4996438545
1448582400,0.9173987754375574,68868768.28657502,465064.93868912815
1448668800,0.8717449537893333,65463342.96555324,436939.13020833576
1448755200,0.8736009320890139,65624853.97047546,775372.5405749859
1448841600,0.8750039976447704,65752486.02943543,643109.8579217136
1448928000,0.8227337811375524,61844779.03171155,494205.89284799533
1449014400,0.8247651888810106,62018808.085017644,541681.1368684795
1449100800,0.8387909512811372,63094325.07829986,241947.49444270384
1449187200,0.8645837297560469,65056337.64166404,226084.41071520853
1449273600,0.8349924869606098,62850264.41510667,429681.2894745185
1449360000,0.8007502839259887,60292476.61320164,494657.61802976346
1449446400,0.8188527088752511,61675859.110314034,435966.80884823814
1449532800,0.7918293483107267,59661067.18085799,627128.9260492469
1449619200,0.8474422420390545,63872552.27588074,374543.00586710183
1449705600,0.9167389424445134,69119370.62718369,765839.8738111159
1449792000,0.9712583097472548,73250296.07272834,1385279.0437324098
1449878400,0.9583031735578238,72302484.28350292,279257.6104401555
1449964800,0.9954898346339888,75133022.39506158,562723.386
1450051200,1.0170637,76787012.60189861,573171.6204861925
1450137600,0.9889124423815733,74686005.22814946,207316.98728030306
1450224000,0.9402283251940493,71033582.40629953,641112.3505143464
1450310400,0.9211717831099321,69616990.99,297866.39712775947
1450396800,0.9096329169325174,68767429.85047308,333313.4238328429
1450483200,0.9032316429089903,68305705.24538197,467489.5933259762
1450569600,0.8968062870238118,67842615.39188164,543846.3978062818
1450656000,0.8789593130596947,66514758.19337365,468144.5604338489
1450742400,0.8675654552724993,65674405.654046126,333657.8603050268
1450828800,0.861363016,65226512.003279686,353090.3404
1450915200,0.8707183439745884,65957619.83793369,169208.7604895867
1451001600,0.8530178649009634,64637552.400460914,424123.09670471714
1451088000,0.8588870868776094,65104495.77797423,208247.21865890338
1451174400,0.8421696130307879,63858382.55360898,228592.5875954824
1451260800,0.8694878107781919,65951485.16,211396.56750766764
1451347200,0.9003543017405369,68315404.54669571,584414.4705682999
1451433600,0.9365399677803522,71083912.69961053,668846.0704
1451520000,0.9463133430749894,71849843.66511223,202032.13336863558
1451606400,0.9381261621726148,71252107.97,252880.2353165073
1451692800,0.9721969755035614,73864483.22222728,402755.9084078687
1451779200,0.9592978352147374,72909192.00505088,341506.82136802946
1451865600,0.9531022411427653,72462361.87937805,217443.23809763335
1451952000,0.9684340117908705,73650960.93328463,328507.1523817127
1452038400,0.9589767803876823,72931723.30621576,642269.5176489778
1452124800,0.9955747811931686,75767382.44,554403.4018238547
1452211200,1.024780968,78016544.33428131,254045.62911324683
1452297600,1.019965856,77676004.65241879,404315.93496207293
1452384000,1.068726621062779,81416101.64,1025253.0383450065
1452470400,1.167362900827917,88958959.89936547,2962550.3945903103
1452556800,1.129588346,86108971.48293594,1003321.3604582713
1452643200,1.157377553252501,88257219.96322113,731050.8483768429
1452729600,1.210735463,92329493.82516772,4049516.2124520643
1452816000,1.215691295024754,92765190.35300171,2377737.1425659666
1452902400,1.321855711753408,100866229.13386133,1176009.007
1452988800,1.398301127,106770204.99600992,4073710.1202780646
1453075200,1.376990019,105177492.60810892,1684557.2914079635
1453161600,1.565411904541257,119608403.90910526,2899771.051018662
1453248000,1.544691862235827,118064297.75775222,1670627.3218903034
1453334400,1.471341822504971,112494896.69290045,1585027.991812104
1453420800,1.692156284936261,129390552.65124127,2212028.7971573095
1453507200,2.131691495370684,163090024.6945184,9578400.618786106
1453593600,2.481396086,189898537.77611715,10884776.210849365
1453680000,2.086782726986503,159744115.0673894,11669540.231742326
1453766400,2.384501158704437,182534589.0343229,7048626.219
1453852800,2.519719734523484,193030853.2041578,5043090.697552952
1453939200,2.486203232055895,190524391.83507282,6527897.661629626
1454025600,2.437601273512591,186862759.72151402,3674090.3975050296
1454112000,2.298766557449123,176275775.71473008,5834817.706592737
1454198400,2.221883059355513,170434539.30474818,3991411.3414352452
1454284800,2.403111855327034,184396131.5986807,3602402.308067327
1454371200,2.515949933456795,193120920.3597334,4030697.3392438097
1454457600,2.557178944302694,196350197.91323307,3532651.020271136
1454544000,2.532878565491474,194548161.01786965,2640353.6147680376
1454630400,2.517776369343559,193450250.47357807,1924574.7180617019
1454716800,2.950776113177157,226795324.20954534,7099203.5519039435
1454803200,3.165335693696386,243366581.58299115,9781404.736808997
1454889600,3.720453286688504,286139280.9840226,16355217.945349474
1454976000,4.427431437703359,340624194.15097886,29316397.613274623
1455062400,6.005000308112697,462140079.76210976,28752968.923665255
1455148800,5.475649283683189,421542668.4566254,9902598.244079141
1455235200,5.373284921940013,413798928.6182676,25637385.479897276
1455321600,5.169512436402438,398234915.54443055,11552061.707776096
1455408000,5.319058286377442,409885035.83075976,13786358.783861183
1455494400,4.368970122064963,336781865.25572217,15444552.58629855
1455580800,3.744022470740231,288700599.2729368,14847989.04999859
1455667200,4.397939042003922,339233532.70569825,17707643.869024027
1455753600,4.493895382965731,346746765.74089813,7215680.132
1455840000,4.301875677560981,332040532.28508496,8703306.941
1455926400,4.653970273276003,359334417.7208708,6458218.233
1456012800,5.608714257576696,433193897.2217689,15140246.890369605
1456099200,5.612091439849516,433593972.8044955,13534870.66434678
1456185600,6.134381259039694,474102955.51858103,11396482.659191374
1456272000,5.936257433,458942242.84471726,20614025.807056963
1456358400,5.897351626440898,456082096.8564275,9515283.257397331
1456444800,6.357091762158404,491795616.48932266,8967228.051799431
1456531200,6.440650848847282,498424354.01221955,9683081.005927766
1456617600,6.312028458049726,488620056.2443799,7546069.554011689
1456704000,7.560157049617909,585403826.3853717,20945587.168326743
1456790400,8.398318163034869,650547162.2177418,29743237.911609612
1456876800,9.504937042998197,736507630.9102448,40441406.846499346
1456963200,10.03776475108964,778040245.1399581,35604151.84878607
1457049600,10.93519773927983,847886363.7817264,54303350.00956653
1457136000,10.96466178163567,850440219.9342833,41487265.46159489
1457222400,9.397469868813554,729122199.5218774,31891736.915083926
1457308800,9.800690787314164,760648959.2261459,26473661.601431258
1457395200,11.97157975649351,929438076.2759757,28637679.638494223
1457481600,11.20642297,870327228.7272445,26154096.47
1457568000,11.20893669288255,870802676.0308328,21083465.444312476
1457654400,13.37620667356022,1039511436.0395219,49863322.38648788
1457740800,14.89359978457807,1157819808.965224,41625885.68412731
1457827200,12.28982460670519,955721344.4457039,56738456.43221119
1457913600,12.96689767,1008754617.7585647,30654519.10842079
1458000000,12.52943314528079,975104638.0634549,23016882.43185901
1458086400,10.95623221,856001603.1676563,41222397.150388725
1458172800,10.79765033887468,843946887.9342747,56331932.49799413
1458259200,10.43953586817164,816289545.7437397,26241552.22233686
1458345600,10.21749097388716,799245003.4284257,17365910.955602583
1458432000,11.85112269425594,927407651,28692538.03850463
1458518400,11.31742767517068,886765230.0935057,19752147.756938808
1458604800,12.40319150724304,972225642.3,19194415.657153998
1458691200,11.12762218636002,872598276.4440267,25440037.393962998
1458777600,10.64069143211582,834753145.0583116,13369781.43339712
1458864000,10.96552244468764,860590847.1,9099233
1458950400,10.37751681820161,814770808.1488085,16296116.833151689
1459036800,11.67625154039094,917099302.4921898,23146182.980729047
1459123200,11.73817083046575,922332031.7043784,17227685.66894123
1459209600,11.88228675953419,934038009.0318996,18966041.620488863
1459296000,11.35463054290018,892916961.5825855,14483801.493105622
1459382400,11.63607180334684,915415691.5298438,11085851.666571325
1459468800,11.56397763,910108352.6203126,8250251.461
1459555200,11.51238012010477,906254482.4679867,6190954.954391588
1459641600,11.18688123888369,881135506.2361231,8612716.039295983
1459728000,10.41948468988903,821026031.4553995,19160809.10508679
1459814400,10.66622342007389,840796803.7682226,16326497.505610662
1459900800,10.0295684,790923841,12647730.142575275
1459987200,9.758944911021473,769898368.4666554,14041839.904038262
1460073600,9.899719595415823,781106339.0553539,12961939.644313943
1460160000,8.814617175830122,695943784.1793737,42148631.996420056
1460246400,8.668292119,684660770.9,14850316.572718466
1460332800,7.516812234,593949307.4480366,22286939.435105387
1460419200,8.015604593105122,633611436.0474921,30653780.43975513
1460505600,8.433656021,666925784.5002216,13178565.115089094
1460592000,8.206137459,649194329.0397049,11510142.230195371
1460678400,8.555981966976974,677141041.3390801,9164981.891612116
1460764800,9.323170276346234,738147546.3926145,23406128.933429755
1460851200,8.960482405053712,709720474.7865463,20650475.766265374
1460937600,8.696773038727313,689106961.8888905,11931697.805021903
1461024000,8.484150722584234,672532357.9918683,14929127.402227022
1461110400,8.111040745,643204549.6,12241737.003326477
1461196800,7.855106665179344,623163882.7267805,12838519.618996318
1461283200,8.377192623957283,664843804.3114134,14263735.838354647
1461369600,7.995361207240304,634792414.6359913,10251449.903605143
1461456000,7.812751656077315,620380381.4729422,9849771.906
1461542400,7.424663266229029,589953549.0718942,17588527.338440873
1461628800,7.724694549946334,614038719.7664939,18898653.05760324
1461715200,7.250216005225782,576551379.9087085,10503191.403122593
1461801600,7.47581761,594731702.4822702,8232651.035704131
1461888000,8.892970091837213,707751631.3173722,36023474.61132939
1461974400,8.832454372832895,703213705.2833785,16329848.834566616
1462060800,10.10782116866719,805073117.8028661,40531647.26
1462147200,9.285335810954495,739862094.2932651,20068196.22374318
1462233600,9.414136136064808,750420702.3036536,16758119.374866204
1462320000,9.827130178456441,783653892.6075463,17630163.279848542
1462406400,9.277042146778028,740079043.0208727,20206557.47556278
1462492800,9.381202893584621,748684467.9155403,10242971.602412278
1462579200,9.529202062,760794311.5000647,14850766.415806817
1462665600,9.353276545574158,747045608.4385856,10349090.132607356
1462752000,9.350283703928604,747107780.4041426,8837274.152
1462838400,9.981302920467385,797843002.2628187,14650764.255450204
1462924800,10.091492287586432,806976736.4777818,22804335.07313709
1463011200,10.585661577212786,846829870.6061078,27489270.96990509
1463097600,10.176098567981153,814388813.0253446,18055946.18486381
1463184000,9.960446892869543,797447113.6994009,8453161.311741682
1463270400,11.13364598,891725938.6611807,27963225.28498735
1463356800,12.157137161266911,974091672.7174443,36364157.81238995
1463443200,13.35361430554958,1070392165.1001045,62651459.72818858
1463529600,14.71832475600216,1180254102.1753519,53477909.077545226
1463616000,13.69368343400459,1098527825.600999,48337340.57185815
1463702400,13.99924843857703,1123480271,24426995.172922097
1463788800,14.248986066415835,1143985930.6592457,17413663.620256484
1463875200,13.23503660198636,1063005899.322382,21271913.57732469
1463961600,12.66434299000911,1017513902.0341961,41166028.01368196
1464048000,12.50426452924122,1005116816.0568345,25364775.557130534
1464134400,12.498353409631168,1005043803.4223615,19032556.07440177
1464220800,11.19174476153149,900334792.3619336,53491048.64137498
1464307200,11.76324560569715,946689008.4566064,44051409.767962486
1464393600,12.38905213533701,997114649.2059603,26254518.55363852
1464480000,12.67843106889236,1021153612.0329038,13289827.482192438
1464566400,14.00927375901662,1128785731.519008,39491270.92023739
1464652800,13.857937834861247,1117038106.1276379,20161807.321217276
1464739200,13.77433887468257,1110747962.0861454,9543717.946969878
1464825600,13.84273588,1116709699.2231467,21310804.97545615
1464912000,13.697394260187224,1105420836.3746781,14233023.489212893
1464998400,13.970529067786634,1127904559.166551,9908484.139421096
1465084800,13.942005553967727,1126059079.2933497,7633717.194766483
1465171200,14.549216948648322,1175566661.3926558,19688483.52449011
1465257600,14.43177555298705,1166543234.5850925,14566862.117567817
1465344000,14.44062374394472,1167724056.8805668,6538415.617239344
1465430400,13.943733928604544,1127971788.6557844,9751904.434
1465516800,13.960460970231287,1129771063.2214296,9986576.468801256
1465603200,15.697007269686255,1270814827.7909074,34155133.25971257
1465689600,17.55275028575095,1421627594.3482137,33190471.728637412
1465776000,18.770374371361417,1520848128.9016523,57195562.16615153
1465862400,18.421853687438038,1493198806.5705338,16794245.386186022
1465948800,20.509400413759888,1663058590.2352068,33609803.05751324
1466035200,15.397397817568129,1249053416.9715872,176008430.1
1466121600,11.197136666677007,908703581.3956258,121410542.50029658
1466208000,12.23058702890821,992977657.9993956,68987538.97211507
1466294400,11.814834520499266,959600009.1,79924563.2
1466380800,12.984597875196858,1055028896.3957832,73815982.10368486
1466467200,12.737756210638716,1035382450.4098117,157698817.03531438
1466553600,13.676478995775716,1112128273.0865185,35210083.60811146
1466640000,13.94189690132606,1134160918.5765297,42975326.33415148
1466726400,14.276287720956573,1161808477.683748,13474760.65320482
1466812800,13.845029961871877,1127161866.113175,12716765.335899664
1466899200,13.932543491059052,1134738651.812568,9026418.664550114
1466985600,12.295660556232374,1001816707.4205686,38649828.67116688
1467072000,12.800496100256193,1043352935.7311049,24102058.67142671
1467158400,13.33562669996461,1087390815.1043506,25109656.26842844
1467244800,12.329645963731734,1005775062.8852906,16090108.050608601
1467331200,12.01798250397972,980549295.6466436,12572639.309558652
1467417600,11.825161030775883,965373887.5132511,8919743.271
1467504000,11.421738727166776,932812328.2042702,10816581.462869536
1467590400,10.540860504216047,861199508.1291671,40761274.601703286
1467676800,10.51055993812399,859068161.5290377,16042852.433356386
1467763200,10.098931265626275,825747093.0896322,13787778.16557356
1467849600,11.39547874677082,932118254.1453621,17821594.496114336
1467936000,10.99572234732321,899784687.8420677,14035737.806230836
1468022400,10.957294339543301,896985032.1099088,4559501.886
1468108800,10.515451706239658,861156597.6960213,11938095.540816711
1468195200,10.606193607117202,868920981.0675113,8944484.246364418
1468281600,10.489054686552203,859665552.2352576,6087112.236380934
1468368000,11.242970957141127,921808085.7160168,13698700.023209212
1468454400,11.32509705331988,928901844.3372735,13798764.39
1468540800,11.701716015155743,960169025.1824887,10138776.97248824
1468627200,11.314787410063753,928781022.9092299,20447413.599733796
1468713600,11.022556335862294,905150788.2259313,13898138.245649716
1468800000,11.582501423627564,951503951.3461838,20242192.241273765
1468886400,12.152788273478947,998549464.8233292,29894784.28435568
1468972800,12.605917129706976,1036388808.2886974,24473811.51309662
1469059200,14.319877369541702,1177755541.070433,72391413.22249371
1469145600,14.389725342721574,1183972887.7908795,72744516.35031606
1469232000,12.803851809790078,1053890906.6279503,71639748.40237246
1469318400,13.816630680711038,1137688271.2296822,33694267.533380985
1469404800,11.771641757280554,969670072.7276816,76432694.99620306
1469491200,12.96633340222508,1068505615.2937703,48754958.64137967
1469577600,12.883149607897323,1062067696.4315883,19481593.529681668
1469664000,12.840037637363167,1058924002.9712181,10125341.279974585
1469750400,12.547081780784822,1035160533.0510787,8150653.892600032
1469836800,11.868408414551208,979546056.9825448,20238765.447837573
1469923200,10.968397852276404,905616046.1,17147499.527635228
1470009600,8.352592747838974,689901283.2,60708724.33736284
1470096000,10.22174781589873,844612892.2756267,44330639.67738887
1470182400,11.032160216870203,911931922.0513974,29307740.66438063
1470268800,10.940014108153814,904674489.3809131,10956639.34702048
1470355200,10.898636348546457,901592852.5380467,11692994.41648213
1470441600,10.920308055489057,903742755.7733909,11883004.411650596
1470528000,11.245805121088916,931042241.4656782,10967961.760577636
1470614400,12.191218707659688,1009705614.3654938,29672733.520185594
1470700800,12.141222798878122,1005960650.7643628,23499542.868399795
1470787200,11.988140188861896,993657810.9651861,24164966.873272106
1470873600,11.973720126245913,992852191.9212197,24135899.78447133
1470960000,11.577472667681942,960366408.5,6655535.198454872
1471046400,11.25990352208696,934377927.8960145,7543085.399330939
1471132800,11.230807046622242,932326143.2853824,5064027.898267308
1471219200,10.25082244872534,851307063.4618484,5249879.8049723925
1471305600,10.73534634440297,891887550.1509097,5256928.972461218
1471392000,10.724216809737694,891315247.0386077,4567012.374311765
1471478400,10.718344718920152,891164434.8398446,3192133.226690042
1471564800,11.262754476834717,936793411.7477161,5076175.103616041
1471651200,11.154044310153234,928118646.4965856,3197471.3310449845
1471737600,11.061377388887204,920760944.8,4831490.757852666
1471824000,11.012543081655863,917054933.5053089,4721007.823312022
1471910400,11.013811994175523,917509231.7189381,3221362.082246617
1471996800,11.339127441192723,944980815.0070009,6231804.810184036
1472083200,11.256812662022648,938479976.3330711,4403460.384900961
1472169600,11.14950758737516,929893628.9463943,1903199.5609802417
1472256000,10.91304107690759,910522226.8620988,4055631.700066124
1472342400,10.906290588906247,910306587.9266042,5810173.643565886
1472428800,11.210877311518441,936081383.0388741,5550355.265152284
1472515200,11.49662475092663,960315422.2529753,7446354.073382742
1472601600,12.002877477501157,1002979070.4858418,19546439.786958296
1472688000,12.09104280233147,1010736310.5378789,7683911.541524928
1472774400,11.797585220569804,986576697.7263979,10099601.667450976
1472860800,11.662579543984544,975664137.5387731,5035842.952199199
1472947200,11.751897477880805,983510024.4105914,3788155.072558386
1473033600,11.684755437748173,978261092.6084977,4815696.850474364
1473120000,11.550025415616256,967355053.6,4664621.634283545
1473206400,11.33639873415642,949823761.5796945,7944145.032547882
1473292800,11.63011682103449,974812003.5841372,3826059.408074749
1473379200,12.117830861883727,1016072616.831647,4731455.712652934
1473465600,11.59605624659764,972702164.2737088,6472336.880957989
1473552000,11.84714198083278,994145301.6,4554653.825275872
1473638400,11.881729455789054,997422104.3891094,6637362.777464354
1473724800,11.912008011075965,1000350301.4766209,3846492.7555122753
1473811200,11.901478405174705,999855875.8932285,4500681.300284119
1473897600,12.522369283417852,1052421113.1733788,14494427.653257197
1473984000,12.68454280449742,1066458048.1588708,6237001.347482052
1474070400,12.369052139120052,1040236010.887626,18914756.790781923
1474156800,13.160168063025644,1107285960.0478551,11627825.017810639
1474243200,14.308046581659253,1204332733.2298675,28747263.944959663
1474329600,13.705179799911743,1154027780.2700548,25166170.46583509
1474416000,13.233802742993412,1114753105.9884236,23902556.17228226
1474502400,13.318993324210759,1122387371.9483435,7256064.666833526
1474588800,12.859605765847848,1084102058.9176946,7988975.036
1474675200,13.045598643367276,1100233097.311396,4488914.611269901
1474761600,12.818746399021148,1081499008.0468965,5602575.391137662
1474848000,13.074726797493888,1103562692.3435485,5399539.834538619
1474934400,13.313989439262565,1124190330.6353893,6516563.112363243
1475020800,13.09665700624727,1106268658.338769,4241372.3389502475
1475107200,13.194818155480155,1114978390.1540408,4568583.2756650625
1475193600,13.269827224677638,1121767153.3880613,4727545.880665653
1475280000,13.197909934562759,1116158962.9099944,2764266.958777093
1475366400,13.470600090767412,1139675567.6165462,5821790.035410628
1475452800,13.261962214071206,1122448916.2531135,6702196.6980442945
1475539200,13.056650848974803,1105495725.0792377,6285719.065320643
1475625600,12.826128461125474,1086400169.4406376,9120081.098095493
1475712000,12.655679278508105,1072424202.4064465,6504030.816998282
1475798400,12.175874962913426,1032213087.4672256,8853947.552639049
1475884800,12.029519227976937,1020207839.2316508,5440893.662
1475971200,11.837832089591664,1004236335.549423,9479462.929
1476057600,11.750267273762638,997294452.4,8989864.764158806
1476144000,11.854687660404304,1006549794.2460625,7565516.582482849
1476230400,11.96064220847878,1015964123.7672851,6550532.314
1476316800,11.916089474549377,1012567915.6864122,3393733.0814907444
1476403200,11.944605165006873,1015379673.8239383,3047472.2344031925
1476489600,11.930313388885365,1014551965.6012961,2051473.3981454277
1476576000,11.974984398539725,1018744183.3917441,4329663.894079154
1476662400,12.509511262679014,1064628048.1422825,14699505.269326214
1476748800,11.973806158360992,1019440133.5922542,7727576.680042059
1476835200,12.016522079125743,1023487873.4228995,4811381.152
1476921600,12.090575972840435,1030182192.7281948,2496841.1791091952
1477008000,12.045038278304451,1026687902.3286453,3995386.223650696
1477094400,11.933800410433603,1017581341.656798,2843471.0792325726
1477180800,11.890535450541087,1014274172.0789354,2417942.610433313
1477267200,11.272711525960538,961902672.6889603,13528339.239714485
1477353600,11.497257370206905,981270911.3193351,6113958.130893516
1477440000,11.456673402613983,978335224.2052029,8682323.137549385
1477526400,11.523584376027783,984269328.3943177,8907341.459
1477612800,10.336819684434698,883346994.5449576,21618613.51080939
1477699200,11.186557158904845,956201948.7341646,12714282.56566218
1477785600,10.88070260049341,930359100.1537943,9254943.7
1477872000,10.792187379279612,923284106.0659813,17471506.378140815
1477958400,10.783585401157607,922879134.3461332,7632829.9444044735
1478044800,10.811630097854405,925622888.0829407,11623516.370152857
1478131200,11.129995658864795,953223436.3,5924309.345130352
1478217600,11.066058259923683,948094434.4750459,3076392.2948442292
1478304000,10.920762843886132,935993552.9610422,3218494.7703560493
1478390400,10.874200829423744,932357915.5754921,2949427.1027813354
1478476800,10.890105501340495,934033643.8762665,4085085.3360599373
1478563200,10.664918162834825,915091038.3,12761164.948392091
1478649600,10.519281388267027,902927283.1963692,2902119.1234792797
1478736000,10.29308735231344,883831055.7586268,4630773.4709864445
1478822400,9.664325241310054,830154646.5339867,7585168.214197377
1478908800,10.110719459728225,868826185.2627618,7517444.6862510005
1478995200,9.991652804266907,858907304.3,2576156.680039528
1479081600,10.200083856801202,877146449.7853684,4844767.740034414
1479168000,10.025367620097992,862443066.8905919,7762025.467
1479254400,9.963977985,857469644.9666562,5552737.539381997
1479340800,9.453697368045109,813868305.3690429,8802335.674523208
1479427200,9.667305807,832570726.9340843,3851758.816579985
1479513600,9.530496491166998,821098057.2191805,4110666.001854235
1479600000,9.575907932522316,825310560.8512948,2465979.6564902803
1479686400,9.812491502,846010291.5384672,9216379.377587905
1479772800,9.753493133033384,841238275.5424864,3470748.2472650427
1479859200,9.180997416192705,792161484.4680631,13786747.083724402
1479945600,9.335116893823114,805772134.2,6006996.215784014
1480032000,9.288306186526965,802029049.6889203,2161817.2787581105
1480118400,8.907402683417718,769442732.5,6689742.924678162
1480204800,8.708452467,752553451.4139076,4477356.374190036
1480291200,8.158494315710797,705297428,13917166.749888523
1480377600,8.650154047457612,748071852.9,9134285.157
1480464000,8.439785438702646,730151014.1821295,4918051.799250141
1480550400,7.637917965068979,661018149.1755499,15380798.551991535
1480636800,7.892622837022096,683319039.0920178,10486224.197755983
1480723200,7.469132189830329,646883448.7,6571191.489582562
1480809600,6.815609222087059,590496504.1573621,15221226.681976186
1480896000,7.631916157246792,661467705.6118599,56439748.77481539
1480982400,8.135077983,705334665.7063091,25080911.317097366
1481068800,8.302596338463099,720121915.7352629,12722352.036778716
1481155200,8.504900484563588,737938568.3108796,10533790.230199138
1481241600,8.098585501342257,702944255.6811203,5983385.689231349
1481328000,8.214985823104497,713308213.0334481,4100522.2593546156
1481414400,8.472511708508414,735934880.9008343,6987403.012327321
1481500800,8.351007262,725643347.5173056,2905152.217437659
1481587200,8.207853104398847,713465176.9517916,3686497.057651392
1481673600,7.770357969755126,675681120.2742975,8295155.059
1481760000,7.796626831717168,678214580.9425403,2694314.912774315
1481846400,7.820282701062171,680519827.6040249,5469007.7856543865
1481932800,7.856185612715422,683897439.9,3489317.4199424963
1482019200,7.5922361645492975,661159386.3,3326290.39
1482105600,7.623783721340898,664148518.5948613,3764440.2234887206
1482192000,7.856099400557245,684634858.1163107,6468951.581053176
1482278400,7.575643744053494,660427962.7659905,12618111.15631556
1482364800,7.201805732308588,628063010.6930844,14660852.226076419
1482451200,7.2227628476531995,630117081.0725466,5396882.270456221
1482537600,7.2132341590915585,629516509.2890977,6089953.448754245
1482624000,7.268475378158216,634564176.0517044,4090569.3333637784
1482710400,7.171806594177698,626352253.3784304,6649186.1155613605
1482796800,7.613307736356936,665151773.2559114,13844753.339093078
1482883200,8.172329056763505,714246947.4367769,20692130.792193126
1482969600,8.153786527,712888825.7382647,7751538.432
1483056000,8.010852235417396,700638437.1090508,3754739.209030752
1483142400,8.064789989459687,705615194.8270631,7811699.126
1483228800,8.361286160728705,731817457.4649888,8192075.241699923
1483315200,9.626792384988086,842886495.3799952,24617090.479933955
1483401600,10.972252853086058,961038889.8439155,30283873.09261184
1483488000,10.115254241883068,886296492.9314206,31832239.059713636
1483574400,10.154658304812745,890067630.5937623,23015612.49187432
1483660800,9.824278869463066,861427362.6,15178458.281250305
1483747200,10.267836701334787,900645822.1454092,9726315.158380691
1483833600,10.285955970375603,902556769.2719904,18147872.43406206
1483920000,10.523650713762722,923748369.4,8483903.665315015
1484006400,9.661693873756436,848391822.1686144,15650725.63529802
1484092800,9.667158942,849172695.9853683,10113120.406065958
1484179200,9.650805118856487,848042631.0951145,7919565.412407908
1484265600,9.695262751794939,852254946.1784115,4879177.658292587
1484352000,9.785923385543578,860534322.7461399,4332221.110583241
1484438400,9.521283917,837562733.6341596,5886593.4906641105
1484524800,10.258458296131915,902735897.6068891,14660002.940091308
1484611200,10.125537740945934,891354114.8712552,8053530.980182525
1484697600,10.385306173596472,914555495.2617246,6357101.908723087
1484784000,10.549960559535752,929384722.9448366,7935034.033635709
1484870400,10.872633993948424,958152131.9422481,8840650.535766678
1484956800,10.745356049118469,947279384.7763175,5158451.375139222
1485043200,10.751024402450716,948113651.4735702,5620391.166760423
1485129600,10.399087248402381,917408215.3892527,5709572.008183221
1485216000,10.471671231503688,924140034,5749423.917130453
1485302400,10.555255877288236,931851533.4501834,6557326.8506697165
1485388800,10.509979092454431,928178829.5799544,5497367.838993973
1485475200,10.554962953815345,932486646.1251798,5053699.381
1485561600,10.430442595335876,921810453.3952467,3291646.7339461427
1485648000,10.570411298387052,934513900.7,5394044.156
1485734400,10.677298023363218,944300621.5689718,8686038.921618612
1485820800,10.700989418222473,946733901.5,9511590.154111855
1485907200,10.81046108694813,956759156.4673628,6770261.660819854
1485993600,10.937685579154774,968360894.2,8348606.141529283
1486080000,11.33331586102519,1003747585.8791431,10294011.746300206
1486166400,11.242238837962214,996031546.0667974,3675287.6308482876
1486252800,11.294016130984236,1000976621.5619533,4068555.061902807
1486339200,11.433167440255266,1013517743.3509269,4749524.532223364
1486425600,11.335153011135779,1005343885.9063299,6195998.7672163835
1486512000,10.914963949831499,968413072.7002903,13014114.532155838
1486598400,11.275640644361795,1000774841.3196372,8465560.862563102
1486684800,11.399125371500645,1012095683.2413529,5365544.876506018
1486771200,11.354164564644952,1008457060.9062703,4159375.2547445847
1486857600,11.281947015245585,1002404862.0123965,4407682.629750895
1486944000,12.972145045966517,1152983307.7665765,31343305.129852153
1487030400,12.934716009243267,1150065646.2625835,12601119.248384409
1487116800,12.835968798993127,1141695360.3501627,10436344.691817228
1487203200,12.70348385,1130310857.329892,7412007.524208957
1487289600,12.816285332013342,1140747285.3365533,5979769.378102808
1487376000,12.775445603327524,1137511955.6917048,5083526.063930682
1487462400,12.750223774537398,1135537849.161545,6982638.937362893
1487548800,12.73614094049859,1134283628.7370799,12724890.253553009
1487635200,12.600296405431427,1122185283.3355997,6874100.081802634
1487721600,13.15516545737877,1171602048.167043,8909149.883
1487808000,13.071871231178674,1165941515.2567716,13610109.543739341
1487894400,13.546938608109645,1208749236.7164543,12468242.903672196
1487980800,14.547676188997867,1298504264.2843328,13782004.348183315
1488067200,15.358690360839047,1371373069.7338753,20501520.187154144
1488153600,15.702781231900772,1402597198.622161,43441932.36968612
1488240000,17.168029711638418,1534004366.1496954,26801192.633228768
1488326400,18.993581792674195,1697730102.3249254,63520413.50856188
1488412800,19.58574948053123,1751276476.8602574,63619640.043579124
1488499200,18.63867345258356,1667171877.3033454,17012295.23543211
1488585600,19.247364659986754,1722225376.4707189,16685230.67871547
1488672000,19.670705614004156,1760717955.0918417,19157704.333576992
1488758400,18.82733332066123,1685811625.6439984,22162502.616289888
1488844800,16.74974358,1500309874.2410994,25853719.80005299
1488931200,17.632128818481693,1579882452.1833007,19983777.62089817
1489017600,19.26359042821057,1726669640.058529,57671666.86
1489104000,21.396413225585537,1918511338.945731,49677899.622201264
1489190400,23.09884795827443,2071872695.7437222,49928738.77542156
1489276800,28.4460652,2552384188.382959,171741714.0352735
1489363200,28.53666459127697,2561402786.7498617,70373909.66103722
1489449600,34.19736420741617,3070584067.9730344,116848018.75719893
1489536000,39.86185607085268,3580085215.1633782,278693085.2513411
1489622400,44.06729598863206,3959577512.5822687,334923528.91465944
1489708800,32.26798526618718,2900403757.617106,151727339.68589038
1489795200,44.08879749579081,3964282980.887029,151889492.84525648
1489881600,41.86369288259116,3765537571.6064487,100344408.21407366
1489968000,42.47845801399063,3822148614.067184,59182511.95934919
1490054400,41.262612537182946,3714048002.0475125,66568697.13198635
1490140800,43.274929979555615,3896515676.7178783,64280704.82629739
1490227200,50.894791438930966,4584161758.556292,186199954.72870487
1490313600,50.678966487888445,4566322356.351229,161617494.53457117
1490400000,50.049454214237386,4511139438.293101,85306682.68239024
1490486400,49.017113803037155,4419631301.180356,72421320.02870055
1490572800,50.259542864330534,4533191634.755726,63445924.96171639
1490659200,52.84379426461343,4767901725.458708,94092094.51316193
1490745600,52.313175209019796,4721666246.305043,51703487.39219208
1490832000,49.96466728,4511239008.808598,93559373.29078574
1490918400,50.42578760723248,4554446900.250353,57319943.03719086
1491004800,48.37846727683558,4371028141.496852,86493796.36
1491091200,43.57923995912754,3938736158.3307056,107658222.89744815
1491177600,41.79779504583054,3779040762.106836,94009509.91013359
1491264000,45.590295052351756,4123329711.6029277,77394936.33704934
1491350400,42.978525212227865,3888436554.318116,83596063.24955817
1491436800,42.40137665621101,3837553639.6237936,45710556.43334019
1491523200,44.501284387189116,4028965746.7053437,47830509.431582466
1491609600,44.19076107,4001279550.297905,23843828.235415436
1491696000,43.90534128958704,3977660680.7776713,30011146.706036303
1491782400,43.85889483882994,3974803439.6935434,24362779.834156487
1491868800,46.197883489516954,4188162262.675274,64060330.38766039
1491955200,49.75033757,4511719460.307157,105834573.1245954
1492041600,47.56205172159332,4314764267.296191,57312861.70789763
1492128000,49.122793411699824,4457826105.639198,44031479.42837937
1492214400,48.70871927867354,4421737497.550737,18940687.571405288
1492300800,48.34641781155764,4390331578.008309,29334200.22162203
1492387200,50.759170818800456,4610962772.624808,46490458.14501291
1492473600,48.15949632,4376229928.945044,49801919.05302366
1492560000,50.065253649182445,4550946376.025764,51865276.227512024
1492646400,48.80173571247641,4437559543.365543,29790338.033409435
1492732800,49.07987065,4464325598.471732,25473890.075759377
1492819200,50.60871348408776,4604950657.5048485,29345869.98540767
1492905600,51.09741863901202,4650945908.7491455,41775081.579924054
1492992000,50.97375547481341,4641256266.642054,29265025.365697548
1493078400,54.87817856677162,4998350382.018841,90529456.77094631
1493164800,63.95735376256868,5827188142.875711,186806133.1
1493251200,73.01096292,6654236244.652257,270510184.7218242
1493337600,70.45153824766224,6423030318.594092,126594019.26335718
1493424000,79.80255394,7277893964.101945,173218958.1717786
1493510400,76.84617780144701,7010408300.280772,290126273.0476898
1493596800,77.34604386935915,7058413636.898035,138794895.4622068
1493683200,80.92949158,7387794149.972096,115183975.0640192
1493769600,94.11226519917764,8594013017.409878,269928948.78367954
1493856000,91.16038713753753,8327157234.5526085,233798440.24945286
1493942400,96.42767965195394,8811175463.021584,95042529.83
1494028800,89.73967947914684,8202729258.547628,109489063.89598095
1494115200,87.94812005196805,8041549109.429107,166178760.5428186
1494201600,87.50244390780135,8003377431,258922158.28469768
1494288000,88.41058886851773,8089058133.497479,109313275.86282022
1494374400,88.45664874349296,8095903577.443339,94641972.77458185
1494460800,88.18109149325619,8073353519.484268,90420897.82119603
1494547200,89.13893167771396,8163626646.569916,59897616.43618652
1494633600,90.05504056395782,8250106526.458163,48280690.88076472
1494720000,90.50413159922428,8293823327.380839,118176219.01917155
1494806400,87.09148558444505,7983587476.027811,96955301.31501137
1494892800,88.21316751381906,8088870648.097549,116563051.53420986
1494979200,96.62584622982801,8862576243.544483,148398962.68830538
1495065600,122.16278299258484,11208881844.541496,380753404.2666354
1495152000,123.02820305804211,11291783022.019232,211606740.98925158
1495238400,148.65732047983943,13648265757.584177,362117265.2049605
1495324800,153.99006380727735,14142415430.127079,733476989.0001667
1495411200,171.08002832171815,15715507206.448889,314107904.8358022
1495497600,190.42581317146121,17498667475.10237,465231566.9
1495584000,176.81781507886726,16254143683.05323,455310601.9269435
1495670400,162.94448638549966,14983523257.18021,320845434.46142286
1495756800,159.05524764233746,14630471573.094501,524489553.9146857
1495843200,172.3406699356334,15857470558.37399,275566686.9159719
1495929600,196.0785933386944,18047458437.093563,317142762.9142854
1496016000,230.79837139121355,21249999565.212254,820279582.1697654
1496102400,231.37212671271118,21309492258.258083,649753307.2629591
1496188800,221.82807122254022,20436692118.01529,438784642.5121543
1496275200,224.31670548594502,20671991234.40535,226780300.74337018
1496361600,225.39759443485244,20777803231.835773,199543169.93195236
1496448000,247.4275410848339,22815254964.736126,405540899.41456276
1496534400,248.93012523209245,22960811912.55524,233840017.29033926
1496620800,266.13970806704395,24555497266.27736,421823672.7720283
1496707200,256.21892337063565,23647279711.566154,231988781.8625898
1496793600,260.3415097477362,24034963008,181079369.60149828
1496880000,280.333548,25888383498.268276,268066729.96297646
1496966400,337.7921754587072,31204109902.87976,801852630.5281926
1497052800,341.0796489185503,31517336371.290997,636143278.2379793
1497139200,398.4307850845948,36827986612.086975,1421483466.375218
1497225600,389.9448221775502,36054646089.31767,735420495.2051558
1497312000,347.78135772227546,32166013290.582638,564686366.7
1497398400,346.36906994261665,32045187612.760445,1019438927.4375795
1497484800,358.2845168676378,33157744080.501328,404203523.11443627
1497571200,372.3570110185702,34470617407.87629,299739757.59496593
1497657600,359.4387121135216,33285012839,315402069.35223436
1497744000,362.0442891370599,33536649090.290455,255793325.43759757
1497830400,358.0532310647092,33172832683.333572,517663237.25955987
1497916800,327.8909356942679,30390293651.200687,719062539.4411728
1498003200,326.9598139741636,30312664724.45932,373363641.5631702
1498089600,331.9138051489657,30780636114.235588,217363813.30567747
1498176000,310.05462840596994,28761584162.47397,216259454.09568173
1498262400,288.04702626534885,26727797729.147892,492617160.2802557
1498348800,258.91946273454556,24031469340.43858,892409899.1
1498435200,280.8130146788337,26071528057.27424,739337521.9
1498521600,317.2936774724324,29466974350.047752,735209015.2786213
1498608000,300.18215256198584,27885580759.15084,467820573.9428333
1498694400,284.69108328848546,26454457715.02758,359285362.4912947
1498780800,262.47807335859795,24397386527.037548,364629591.9530462
1498867200,286.1336070099866,26603794019.452686,352969409.70496273
1498953600,278.5971953381099,25910676121.598396,244798911.4174002
1499040000,269.7366305781692,25093983117.385654,239212708.08591032
1499126400,265.9369454655199,24747605746.348026,269182917.9
1499212800,267.4697236476019,24892807780.231613,182999371.28307688
1499299200,241.4766205298395,22473685750.315968,257098223.16767168
1499385600,246.21497097327446,22932342735.97489,237052454.07736254
1499472000,238.75431849081662,22243889410.906918,126590931.37364098
1499558400,210.52819727984127,19619308390.378407,411832452.5
1499644800,194.33493649003975,18114890100.247456,628400853.3093524
1499731200,222.13885617231483,20711938391.132465,480090644.3759754
1499817600,206.41325042813503,19250616800.120193,311100836.3
1499904000,197.96945236247697,18467839703.61626,282809496.9510771
1499990400,171.77744094493255,16028622412.657797,245487302.92215428
1500076800,156.46899162898947,14603949935.719194,594995539.9
1500163200,188.3527773486568,17584242919.82978,527360935.2359769
1500249600,228.50328003667275,21338075701.63201,979531260.0237657
1500336000,199.59051553264698,18643050491.147614,769335320.3
1500422400,223.4613483872583,20878190202.346775,731711069.5424181
1500508800,217.08647395834424,20287767362.233944,390393974.2217934
1500595200,231.14352894295098,21607085358.114548,229970082.7943966
1500681600,226.7185992848529,21198900249.379704,204467773.72653127
1500768000,224.91340709342114,21035610498.530434,144284203.8135455
1500854400,206.81050478775018,19347591148.68737,358021108.5784135
1500940800,200.3285558009793,18746083965.650166,291270680.5567596
1501027200,203.18932178158303,19018740572.79166,155763232.69062254
1501113600,192.58568390577597,18030982561.483517,312701503.6657654
1501200000,205.51111919711502,19246182898.41244,420378363.7250074
1501286400,197.19896347978235,18472631835.069103,278403491.47329795
1501372800,203.28719634179097,19047827949,256040954.6827099
1501459200,227.08056705038587,21282137210.92791,794803694.1987914
1501545600,219.05792926762416,20534872983.74952,310747315.8
1501632000,224.86795657659746,21084238670.106236,229219665.9
1501718400,221.67495953018923,20789568173.053577,203505640.27122915
1501804800,253.15566612330053,23747316372.895435,615120367.3016751
1501891200,263.2220861638244,24697194959.234104,640103600.4602818
1501977600,268.49662903477497,25197894463.869026,435385633.8349678
1502064000,295.14709831672786,27705377543.833405,678573131.3986272
1502150400,297.0696048197405,27892280499.832973,1197172634.0328116
1502236800,296.7767240757822,27871169339.54446,448574816.64381045
1502323200,306.8264332,28821677184.531666,411643039.51414186
1502409600,308.6255313,28997352513.86263,485474525.24875605
1502496000,297.15980274719976,27926704137.990173,689079789.7596157
1502582400,296.3972895244633,27861579961.952854,384478726.7916482
1502668800,288.4507671723357,27120920524,526951176.2194243
1502755200,300.0393294082391,28217360455.396397,640592816.9629201
1502841600,300.5703437604035,28267299986.362434,641280744.7518665
1502928000,296.1146354,27861556924.972927,590470398.7743214
1503014400,296.6220895183796,27916001533.15132,553702157.2699106
1503100800,295.17157732771335,27786029857.799793,342822961.8711704
1503187200,322.2012201364436,30337762878.381535,1743909692.665895
1503273600,312.1744705574116,29400686226,898344262.6106703
1503360000,316.7889202107443,29842462532.356785,466474643.49241275
1503446400,321.7852984049241,30320399298.400482,397752658.9354108
1503532800,329.0252809929819,31008765515.118908,451950699.05019414
1503619200,329.86578262442157,31031409011.107296,333839327.8
1503705600,343.34133712814116,32370755160.220387,370052131.98739076
1503792000,344.2011314209417,32458167725.598194,519874393.4238931
1503878400,366.8095899,34597128016.55826,767166476.1357825
1503964800,378.90633073469184,35745271112.44432,852991842.1703743
1504051200,382.9344507545728,36132449087.43318,414360266.00919527
1504137600,386.3430570009356,36461379831.851746,505643412.8
1504224000,346.3987754868897,32698140251.89353,958653961.8
1504310400,349.92924044114534,33037915918.358833,671189521.5578377
1504396800,299.7173318855491,28302865423.90704,1278523027.0732577
1504483200,318.9728041158723,30127332537.80147,1099567125.3565156
1504569600,333.20632999273016,31478005326.47652,672471698.8217244
1504656000,329.4156625176296,31126200677.32708,431394249.7466129
1504742400,304.47510826802426,28775477244.445538,660392679.7301207
1504828800,299.6944444705654,28329354911.608036,315515992.3564483
1504915200,292.7796567856866,27681278352.42371,456818455.0948669
1505001600,296.4753988432914,28036287702.51409,363007787.84414524
1505088000,290.58653195906925,27485022514.19706,583871859.8283461
1505174400,277.33365793127047,26236732489.431683,721738885.8360373
1505260800,214.3117136334975,20278768201.760014,929861557.1062983
1505347200,246.9218572871298,23369190516.539547,1617179859.467345
1505433600,244.80561175288247,23173710726.76121,586258300.9
1505520000,249.66654597502836,23638636295.481937,336444511.1569665
1505606400,287.96109568877347,27269907986.777264,935880977.9429078
1505692800,280.4456323420793,26563613422.607845,518505103.8522604
1505779200,279.4176492108516,26471592194.703312,322301352.00916153
1505865600,257.4650745,24396830727.284477,470196974.05520844
1505952000,263.46977368373445,24969981050.950962,343728639.3
1506038400,283.22215899335055,26846246384.287216,365565238.54476005
1506124800,280.68104473460187,26609714675,473679365.7914858
1506211200,288.0857009417575,27316005855.910435,367147869.49683565
1506297600,283.9294530726591,26926232192.184574,240690671.2951268
1506384000,302.1518453516756,28658972908.46477,394839374.31574607
1506470400,294.3138380117381,27919976584.315685,344032408.65444744
1506556800,288.11459689868053,27336170625.13594,401420308.2527799
1506643200,297.2689355700251,28209139740.688995,234494285.9120729
1506729600,299.6748890236153,28442001971.008823,208656622.10220405
1506816000,295.8400297394862,28082506249.729813,228753338.77109602
1506902400,292.2107206992577,27742435562.94357,213674545.2
1506988800,293.0357027858311,27825239443.20582,167895948.31847614
1507075200,293.71934612048636,27894664349.155266,166289551.89366713
1507161600,307.7089805559562,29227935375,223872523.77550793
1507248000,309.5982491240284,29412044193.592102,259031771.53758535
1507334400,307.05813687389934,29175396936.827038,195574551.40328008
1507420800,295.9010451,28119791744.856277,422803467.0821769
1507507200,299.9170113647283,28506074217.358105,262661724.03535348
1507593600,303.2474665353709,28827311270.280365,179994094.52122995
1507680000,302.0199976805083,28715264952.728848,389123581.4
1507766400,337.9526134340301,32136884949.300323,1062936136.5475445
1507852800,335.33824482981413,31893398413.31946,384671082.3691576
1507939200,335.3913549863649,31903683068.492874,513925811.79312485
1508025600,331.9672147,31583306698.85391,536987705.5520873
1508112000,317.8982125,30251186909.138367,368660409.98234016
1508198400,314.4565542,29930081747.853603,459286354.2531358
1508284800,308.4746839282341,29366946306.63264,251750069.63289016
1508371200,302.35649692557024,28790749976.831596,270984512.97597694
1508457600,300.69384596228315,28638437008.879925,291385148.2978586
1508544000,295.4882479105146,28148745034.196087,227830530.53531405
1508630400,289.4140251237576,27575920805.165585,357572834.9115806
1508716800,298.75573430773346,28472255904.29292,522634263.28484994
1508803200,298.4839668215046,28452391049.617855,224745395.63136017
1508889600,295.7078546189935,28192911056.673782,175211825.16558704
1508976000,297.9291296930045,28411617292.93479,165062612.7639997
1509062400,296.4649529071602,28278036785.292797,178675171.42583302
1509148800,303.74113040048763,28978234226.357674,400151389.4858402
1509235200,306.2494615338919,29223725935.84833,245646777.54787138
1509321600,303.54211702851427,28971625622.98315,275058601.9442181
1509408000,292.33053872865435,27907457658.55725,343876003.8559511
1509494400,287.0696687458828,27411044537.063046,727168619.8327091
1509580800,305.8432726789198,29209850779.092915,493531953.8114265
1509667200,299.9549103522952,28653533860.136066,317726072.07408786
1509753600,297.5173231052644,28426818646.719738,250477635.77464697
1509840000,301.3707946,28801102723.032696,472946830.30819535
1509926400,295.23511338265723,28220768686.35795,415882643.8192555
1510012800,308.9339866357258,29536454012.04308,755752328.1239891
1510099200,322.32952048358885,30823742534,691815366.2495632
1510185600,301.3549333527746,28824163917.314198,650505791.3247348
1510272000,316.2583419604271,30256030132.159668,618676053.5502169
1510358400,314.1661277072687,30062176933.46014,1172943695.0944433
1510444800,315.34395637188766,30181430682.324654,783366133.9
1510531200,338.9376274,32446360785,507718197.4
1510617600,334.2869325,32007998529,518053273.6
1510704000,330.0213156,31606240406,540577805.5
1510790400,333.351255,31931961400,408873409.2
1510876800,348.7472155,33413835154,437969175.2
1510963200,353.4357296,33870265876,892315491.4
1511049600,365.786816,35061352162,511630930.9
1511136000,361.0558226,34615252499,667087478.4
1511222400,379.4090573,36382569909,502690893.8
1511308800,412.5576115,39569679448,1357607759
1511395200,475.002015,45568623854,1710984792
1511481600,467.44639,44853255084,1062451149
1511568000,468.9980994,45011721610,848847109.5
1511654400,484.3626242,46496118378,982703878
1511740800,474.1828947,45528555887,640921145.7
1511827200,428.3454433,41136242462,1864835258
1511913600,454.1609815,43624717839,1302713009
1512000000,469.8634796,45142640782,731926955.7
1512086400,469.8570505,45151510929,571377802.8
1512172800,461.8804819,44394413397,513723192.5
1512259200,472.2527355,45400977761,559902818.6
1512345600,467.016663,44907252844,590010796.4
1512432000,448.3282222,43118585011,5911434.142
1512518400,451.8255819,43465282558,968306459.9
1512604800,467.8816626,45019411222,1578944198
1512691200,482.0355189,46391200044,1109058209
1512777600,446.6910581,42998769813,900203443.3
1512864000,509.0008762,49007073663,1035160071
1512950400,661.8413323,63736319680,3691983512
1513036800,709.8831936,68377310761,2717113880
1513123200,704.6218437,67885165268,2551109083
1513209600,693.0970641,66789398252,1942292720
1513296000,702.2446128,67685238861,1323743951
1513382400,728.7004712,70249967413,1297439773
1513468800,798.115404,76958112624,2104028876
1513555200,829.9892018,80048859677,2383800980
1513641600,813.4036023,78466047306,2174389927
1513728000,812.8851591,78432622739,1886649146
1513814400,669.2764923,64585322054,2635463382
1513900800,715.7190683,69087031854,1292257944
1513987200,686.2083089,66252429576,1224218822
1514073600,733.9025459,70871970751,1242520658
1514160000,774.1101981,74770905370,1046697072
1514246400,764.967062,73903417373,910830156.6
1514332800,736.840047,71200955427,1012380621
1514419200,755.3436413,73004412363,1172554374
1514505600,736.9091915,71238101433,1306193222
1514592000,774.6962555,74906560028,1127368142
1514678400,776.0803304,75056629369,1101627636
1514764800,876.8902588,84822222589,2720973272
1514851200,963.0557506903511,93178531120.43204,2308657205.9772067
1514937600,978.4161042,94681149308.52457,2756635496.077742
1515024000,1004.8949722625625,97269228886.25314,2894788528.9368753
1515110400,1052.02336,101852997666.87328,1824841952.503006
1515196800,1137.6549188901813,110167827718.61086,2286423001.2638764
1515283200,1184.92393,114769005376.76157,4813539670.332469
1515369600,1361.4396682787146,1.31895E+11,4248463430
1515456000,1345.5876017375906,130387621608.28636,5901388488.269492
1515542400,1181.6514100305303,114526940296.8931,3701485302.9898286
1515628800,1315.6187580839762,127538307119.98058,2569674473.5809693
1515715200,1448.1800861342022,140419500475.92773,3149029707.9682436
1515801600,1410.0002145085193,136747164703.8492,2771837301.4899707
1515888000,1329.6713965043375,128980953671.9811,2438212396.6501827
1515974400,1068.6004106894156,103677753320.31013,5197858118.489889
1516060800,1022.3652131699663,99216267384.45854,5505023202.5208645
1516147200,1036.072312788025,100567876886.70789,3220457431.1306267
1516233600,1046.8985973958734,101640355096.62448,2067139497.7426836
1516320000,1172.9172062239459,113899479853.58607,1927757662.931302
1516406400,1053.6332024800395,102337202453.45827,1834167990.4392762
1516492800,1000.3871327788332,97186332455,2128266201.553245
1516579200,991.6653206,96359326865.87158,2162095341.3385787
1516665600,1056.8792325682198,102717867498.02875,1871168506.347743
1516752000,1059.3154960264808,102976145173.28937,2098100041.2531192
1516838400,1048.7989058434846,101975238868.2182,2126139932.407397
1516924800,1095.7825142892807,106559849459.01985,1592501816.2673755
1517011200,1237.3241758467964,120356395893.4201,3105991887.223209
1517097600,1169.6342569193446,1.13796E+11,2005499364.9335327
1517184000,1161.9086430994253,113043826616.74722,2006770995.7220535
1517270400,1058.0960529662955,102965815556.0668,2570454739.6687236
1517356800,1106.1381723552724,107663538775.87933,2148302756.922482
1517443200,1021.2693786534147,99423764457.44884,3414246407.713859
1517529600,914.6388425021536,89061856063.48083,4640850229.358906
1517616000,941.8032295185238,91725607014,1878004123.5207362
1517702400,834.8891703333355,81329819334,1882681773.9790668
1517788800,684.3133397266745,66675677460.41152,2941430688.7490797
1517875200,785.7389155049871,76574516020.88303,5021975963.611412
1517961600,751.8878893661607,73290929917.86972,2635662719.4442654
1518048000,807.8227505154956,78759712266.80615,2256661883.3019075
1518134400,871.3268829432668,84968804616.78447,1609823406.4155498
1518220800,854.3498784217315,83330877020.24867,1811750053.1438994
1518307200,817.2905243571003,79732678121.41658,1606757570.924482
1518393600,862.7487725902944,84185155652.77072,1342080234.6450908
1518480000,833.7791837295838,81375375877.96892,1215799275.6549883
1518566400,915.0765430188819,89328231140.60481,1659598861.037234
1518652800,928.2935214045194,90637629785.66489,1674187629.7427762
1518739200,934.6767104527537,91279135809.19406,1274489447.9994729
1518825600,964.2765079107337,94190008583,1331103327.3327596
1518912000,915.0920469360246,89404389580,1443742228.731157
1518998400,928.2902425457683,90713108252.71552,1113969168.9102838
1519084800,902.9690554385094,88256609941.35635,1376504168
1519171200,809.1296597083212,79118626282.25874,1249190216.7073753
1519257600,812.4468626177468,79442544254.30933,1255677307.494043
1519344000,864.6697536212578,84567348658.27484,1553348119.733452
1519430400,828.7233989886703,81068136131.60957,1133793473.7387242
1519516800,842.6280247519165,82445384433,971919367.4852569
1519603200,863.6502752378826,84519903484.51317,1273600054.5671887
1519689600,869.2632438249697,85086932065.08655,1185779363.0730155
1519776000,846.3652117960792,82862945951,1088578648.6068828
1519862400,855.6787797305122,83792455743.35178,1046744161.7080027
1519948800,850.4429895810156,83297136123.66147,1065182064.2918291
1520035200,844.2552535175925,82708301723.55193,968839520.3151623
1520121600,843.7565763098702,82676499793.85762,921438207.1
1520208000,840.1509954642488,82340571913.28821,996644678.1014967
1520294400,808.4491332246333,79250313700.00667,1163651036.9598706
1520380800,752.5931712474129,73790376421.96692,1517892303
1520467200,699.1898984866136,68568491974,1253573581.5186775
1520553600,710.8916532666208,69730146644.19576,1559125766.2324708
1520640000,684.9343401,67198010840.67886,1019304765.7600274
1520726400,713.1953300017516,69985307146.27713,1044019470.3085319
1520812800,695.3142030222126,68245214878.500916,1041451579.0783635
1520899200,684.6415843660401,67211282137.89535,914239003.1825721
1520985600,608.3931488499501,59738408622,1222860953.9396286
1521072000,612.4435397197692,60148621435.96764,1314501765.2298925
1521158400,607.8794875,59712695037.709236,939394446.6
1521244800,560.1094330840288,55031620530.236534,922526847.9439002
1521331200,538.6905900543026,52938616457.57076,2515158736.529607
1521417600,555.0775482373977,54560292401.575806,1668238269.8238573
1521504000,554.2098259834895,54486305509.98849,1363997499.3256834
1521590400,561.1465342247278,55179662649.949524,1242490235
1521676800,537.7059724380829,52885690223.31916,1029637021.1311402
1521763200,538.1090292,52936241666.49759,1024506177.6381531
1521849600,519.4855998398031,51114768972.69823,722258331.0537022
1521936000,519.3780445915389,51114766847.01147,654302263.8
1522022400,487.5396120553992,47991343456.18946,1130010306.3489618
1522108800,449.05225249207564,44211929435.11478,1205007525.3029315
1522195200,443.9491009578748,43718505250.02615,899161524.3411528
1522281600,385.32709566886405,37953505528.35885,1501135895.8124254
1522368000,395.32626329061816,38946452754.23128,1552652584.610018
1522454400,395.79638095782116,39000868214.27854,970454263.2346877
1522540800,379.1235134110076,37365640069.82155,928418706.5875922
1522627200,384.8259822881638,37935548084.04267,725811930.9112238
1522713600,415.7162339703384,40989129292.88682,938277656
1522800000,380.28195959120734,37503095784.24193,888566484.4804863
1522886400,384.46448544618835,37923466118.640205,767721856.0504649
1522972800,369.9138976693199,36495759521.398056,590720199.8519591
1523059200,383.44636088273523,37838661360.00252,549082514.9320759
1523145600,396.98175550697044,39182417250.92415,565597670.5997823
1523232000,398.77335502107474,39367328706.210175,1095742137.015535
1523318400,412.6893456266917,40749602575.92843,687260482.4501439
1523404800,427.3849460078481,42209337332.354004,816313720.2347212
1523491200,488.60548934434905,48265439663.55072,1871680188.8730233
1523577600,488.99218126708564,48313044128.328636,1771917382.798235
1523664000,495.11291363236046,48928578121.79471,960941082.4787031
1523750400,525.5274445398754,51944970387.794846,1113471501.5870776
1523836800,507.11031309582995,50134949937.02363,952394918.7009709
1523923200,498.46700764950907,49290625426.76034,834810907.6434356
1524009600,517.3740431959737,51170694522.39032,827471474.5
1524096000,566.3920838512778,56030501148.69197,1223410365.7024539
1524182400,590.2719225,58403874540.99289,1477100076.3424082
1524268800,600.2596767733208,59405441433.091866,1412079787.2669172
1524355200,617.2024078855728,61094825885.43238,1226887273.8293471
1524441600,636.3671638965957,63004894796.41469,1175262573.641298
1524528000,705.0276448443027,69817174451.75433,2013232706.0861015
1524614400,613.7267252906634,60788471582.80268,2772144667.1931686
1524700800,657.0577934851548,65093958669.996185,1616604527.0569918
1524787200,641.9936056225328,63614677083.81106,1327872538.0128767
1524873600,672.5969368274542,66660769651.39336,1170961463.496074
1524960000,680.1204953886593,67420561666.31582,1180427164.5645165
1525046400,662.7327358,65710538602.21053,1271088003.6155422
1525132800,665.2257861413076,65971279396.12401,1342793449.0474029
1525219200,676.5525639388837,67108704082,1153897333.4141612
1525305600,781.4257804747286,77526578541.87308,1005515083.8603067
1525392000,777.9076470179848,77194381804.21214,1967182623.5957444
1525478400,807.0673291637275,80104681672.56717,1617671981.240539
1525564800,785.8927435,78019321356.67586,1742487117.419987
1525651200,748.8131413938073,74353698902.32837,2808727749.1170845
1525737600,744.3248257193555,73923190963.45912,1562833107.5547128
1525824000,743.6398157399032,73870430059.20319,1517875906.0296729
1525910400,717.4128743633592,71279821648.68193,1329169267.9922028
1525996800,675.2917525022057,67108755487,1867453050.653334
1526083200,683.1702676131072,67905759626.548164,1574237121.080983
1526169600,726.8719105255797,72264507767.86824,1358354339.8603525
1526256000,727.8026816427881,72371889345.97685,1747256249.2920547
1526342400,703.1556814584169,69935482264,1318045201.5495617
1526428800,702.4531187046043,69879914021.89139,1283393781.5952938
1526515200,665.6275313370153,66230317444.47082,1148132528.5857544
1526601600,686.2132687257347,68292780311.34642,1140013811.1318896
1526688000,685.8467539789947,68270520548.85238,955540974.5773942
1526774400,703.8146666492306,70073661062.42535,964430375.9997903
1526860800,688.9132212295281,68604235449.74915,914750523.9094018
1526947200,641.1003511423173,63856048464.81863,1134342772.6066892
1527033600,581.2411880572671,57906139337.23845,1636502158.2149532
1527120000,597.8487719,59572815257.15423,1578836653.594426
1527206400,582.2793862832264,58033414970.12175,1130488777.7931898
1527292800,580.4834597869499,57866488201.56909,793211715.4555622
1527379200,565.9260648024518,56426783298.552086,936703218.9329598
1527465600,511.61588041076885,51022311776.744835,1349222685.5995286
1527552000,561.7406614509548,56032720818.86429,1304128810.668677
1527638400,555.3491509790109,55406697681.99651,1076970536.7091825
1527724800,571.7271134994469,57052511798.36029,1016848280.1956758
1527811200,573.8335504842785,57274516594.26361,988913896.7405567
1527897600,583.1316392150303,58214660996.41215,917573393.7371987
1527984000,609.2946747342367,60839012156.67801,960786811.8699535
1528070400,586.5759760467295,58582699275.82673,998788030.4591345
1528156800,600.6782790386933,60003382388.410774,981693246.7757119
1528243200,598.2160984640701,59769818240.26592,883508366.7942146
1528329600,595.1261406729993,59473431631.17932,987621968.4491141
1528416000,590.4981451663734,59023188216.61767,774931924.1
1528502400,581.1212496803587,58097979895.17439,704024660.4544114
1528588800,522.9980386707371,52297773130.593605,1323637042.9511685
1528675200,529.1308297528115,52922017100.80877,1163129332.5094237
1528761600,495.0763558611063,49526210494.67609,1183551767.9992313
1528848000,474.85911303649493,47513487722.27301,1330197064.145758
1528934400,516.6441703707438,51705041671.85295,1634517037.5387144
1529020800,485.4328365159148,48591417578.37274,1129671619.800608
1529107200,493.0678580653148,49365820389,732126705.7704039
1529193600,491.40027597923427,49208886719.57955,675191594.9936471
1529280000,512.4288524669856,51325180407.15406,861532499.7213074
1529366400,532.0039133610575,53296770078.92655,1047558826.1450363
1529452800,529.7630465685196,53083203703.900185,983081480.6999408
1529539200,520.6671645141439,52182383816.74685,901042405.2653681
1529625600,463.94082865220423,46506729655,1473054828.325441
1529712000,472.9772647615346,47422371814.92663,1088716168.438927
1529798400,455.71843063066746,45701228403.58992,1813906376.293752
1529884800,458.9258012406738,46032293630.19799,3935188498.9796495
1529971200,430.60178441047594,43200150825.554535,3145279252.081028
1530057600,437.8765374730084,43938995892.49492,1459598903.6298532
1530144000,420.86212416397933,42240235077.69152,1247515217.4657764
1530230400,432.50722049091496,43417851340.14835,1274641927.2798553
1530316800,449.43004507185094,45125931776.53015,1242421813.7124994
1530403200,447.6805505735615,44959418543,1389903375.1050892
1530489600,472.31165843777023,47442809332.14308,1756088768.4057357
1530576000,459.6987235407423,46185301814.019936,1747988600.5163236
1530662400,463.22220830490755,46548745985.99023,1569050880.151065
1530748800,466.87948010075564,46925838686.869354,1727252653.8580823
1530835200,467.5901144927255,47006819801.91246,1573448525.1336815
1530921600,481.5238235,48417457589.09996,1498055824.3153505
1531008000,483.8040307751051,48656609006,1475654563.4116213
1531094400,469.7022293732207,47248080178.500404,1637687610.915009
1531180800,431.76445446277353,43440645610,1785960365.2391424
1531267200,443.0254304264658,44582775234.01637,1290310142.3535857
1531353600,427.79224436391297,43058583252.44312,1431811643.4801674
1531440000,431.2669397,43417089532.37335,1446717925.4764767
1531526400,431.78456841825795,43478040808.58002,1123965513.5737858
1531612800,446.60952086822346,44980010137.45454,1144805112.5639584
1531699200,478.20850696097756,48172237051.237144,2202047226.057058
1531785600,497.1775460849197,50093375646.64564,1948063360.783312
1531872000,475.9901579076109,47968300051.31038,1914258994.0043561
1531958400,464.78994267592014,46849108851.47914,1540257887.5019171
1532044800,447.2032909319223,45085461873.32423,1657375888.3844986
1532131200,458.0790283587359,46191354520.09791,1274976611.9245467
1532217600,455.5332019326154,45944085755.28768,1171779230.1386185
1532304000,447.92137912561867,45185546979.493904,1376984398.4663281
1532390400,477.2092716797165,48149869331.10582,1761639225.2861466
1532476800,468.73749232171497,47304793330.43528,1567839914.2626874
1532563200,460.8693339260698,46520159725.86072,1425778759.9011617
1532649600,467.9579265520383,47245239452.64461,1318960361.3308747
1532736000,465.8991552657435,47046915978.43651,15896613818.38507
1532822400,466.41922911559277,47108994325.494484,8096703017
1532908800,458.0809212,46276223652.12072,1658111274.2681992
1532995200,432.3501179219696,43685748084.88833,1576813468.9990995
1533081600,417.27540676628155,42171077988.81626,5779965392.271022
1533168000,410.9251331069581,41537743616.40968,2616667154.5040126
1533254400,417.35539322792266,42196294616.106125,2104388036.4109633
1533340800,406.8839911959127,41145986285.06191,1809713052.7134383
1533427200,409.16493540460897,41385054072.208534,2106705188.799999
1533513600,404.81719789129863,40953537749.75725,2315454592.965536
1533600000,377.75090114785144,38223074883.08225,1851482817.3237607
1533686400,353.6461229266765,35791291191.22547,1935897432.9447079
1533772800,363.6851798621928,36814735141.44988,2317855524.1517854
1533859200,332.49243311549486,33664024161.54582,2027472927.1744547
1533945600,317.3144774285816,32133841450.27239,2371854614.6728854
1534032000,317.9561130787788,32205233601.695885,2055561310.2074306
1534118400,284.9586646577589,28868747042.36861,2305624514.7211037
1534204800,277.7460166184284,28143782821.250084,3134794913.6870646
1534291200,281.1411931356025,28457713331.487896,2818580241.5689964
1534377600,286.3202214369417,29013771356.624912,2409323174.6488853
1534464000,314.79325272659554,31900584937.308926,2930409554.8592534
1534550400,293.17699177790365,29731648689.35023,2806352498.6709337
1534636800,299.4351225630472,30373462667.100254,2503896967.514467
1534723200,271.06155217805997,27502092651.06376,2209797060.591189
1534809600,280.3747171450871,28451639052.689304,2099627671.6781328
1534896000,269.2483994291051,27322879481.120026,2312267790.5229416
1534982400,275.80838507029057,27993194187.78576,2099144009.1521382
1535068800,281.7346420014112,28606495007.326126,2215723321.9649477
1535155200,277.96671056981506,28227624888.171623,1727946125.1412983
1535241600,273.50341418810274,27764964383.52451,1905358200.9155493
1535328000,286.9611037603499,29048911774.353527,2157563439.765662
1535414400,296.29612763685776,30108250592.80309,2548394710.003952
1535500800,288.5053605724647,29316888089.791355,2536785879.3731794
1535587200,285.1028726269231,28983027590.772324,2491159403.542024
1535673600,282.22317870221497,28697700432.171036,2200676475.6614757
1535760000,295.6461617616964,30072245775.768417,2591135538.1810236
1535846400,294.5856884801363,29960438166.83158,2297225428.9853034
1535932800,288.85282563770716,29383711204.563396,2057722570.6458614
1536019200,285.4857566471215,29050036562.782276,2979570499.016402
1536105600,232.59576871683151,23699297868.898872,4099897499.876869
1536192000,229.37495804862965,23333059272.415604,2701061396.205367
1536278400,215.43223745188737,21937448595.359604,2789431368.228549
1536364800,196.8653868522827,20053781147.975986,2540332938.5796466
1536451200,195.87733831990175,19952064720.055923,3175761389.4267607
1536537600,196.3615326706261,19995395751.499054,2491788678.425953
1536624000,184.08223182704117,18758112117.52692,2596452765.8883944
1536710400,182.94557625329006,18646346738.68822,2604494814.9428654
1536796800,211.82672748652598,21593950253.338764,3501498582.9411836
1536883200,211.3835617204549,21564238470.858032,3131560545.2123165
1536969600,223.05308230390335,22752839429.228737,2852106466.4745975
1537056000,220.1415794346937,22455303413.059746,2369163812.379939
1537142400,196.5766097002653,20051344766.00986,2973745225.343125
1537228800,210.15069647518163,21444053203.54171,2669510295.5159802
1537315200,209.1425267776257,21345953864.748203,2532964971.008765
1537401600,224.38097767293752,22905841034.88813,2506415802.825286
1537488000,247.41001789452824,25265891712.53375,3224898332.902585
1537574400,241.8437317592413,24698456681.437977,2253360127.7800627
1537660800,244.7847954629194,25008142946.45999,2228170858.2763815
1537747200,228.34091150907454,23326983438.531864,2153893196.3090963
1537833600,219.50434375691938,22430430093.888412,4690848657.831447
1537920000,214.9793802543281,21996083267.123955,2266901693.2743306
1538006400,229.22195926025518,23427304227.532307,2324850663.3816543
1538092800,222.2292398,22728786275.759216,1941656837.4249225
1538179200,231.73587329828854,23704835590.94445,2157048771.9024014
1538265600,232.78138524562493,23810956054.875587,1696510081.8875268
1538352000,231.1436846227436,23660128684.62694,1380169412.0950716
1538438400,225.79485382934473,23102075847.08329,1289588248.9376829
1538524800,220.47446029228064,22578266460.225845,1484341832.0366879
1538611200,222.19584779064576,22746296668.385403,1299403541.2219515
1538697600,228.03607024893918,23346587563.266563,1343329878.055222
1538784000,225.06880731767052,23047878586.785908,1289880374.6702132
1538870400,225.65834864130284,23108155611.30217,1219257804.378523
1538956800,229.52461502629828,23515310563.890266,1307100279.2014499
1539043200,227.9689077917784,23360773268.500908,1144035692.1601665
1539129600,225.66201617746165,23136932206.46423,1221609498.330973
1539216000,192.0010841477226,19696329362.922806,1985897938.5728974
1539302400,197.06801594741614,20205253420.305264,1432531941.2853491
1539388800,201.05349968429928,20618468437.571827,1075912682.4856188
1539475200,196.3186984116144,20154043106.326366,1120326805.1559036
1539561600,212.2030694387269,21758441436.75235,3003242430
1539648000,212.4442865474299,21797843239.523815,1278234751.758753
1539734400,211.08269302502703,21665771379.758472,1230898825.0612144
1539820800,204.31304892929978,20978898040.00994,1267340948.4957962
1539907200,203.97626253061992,20944981899.996338,1230724742.5840461
1539993600,206.88209866230514,21245961049.679523,1154390188.6976511
1540080000,206.30982679591034,21194118735.35679,1070945888.3231828
1540166400,205.03775490876436,21065455939.758324,1242296100.6213374
1540252800,204.08394558056767,20971271070.992756,1232758658
1540339200,203.52219877380867,20915202600.824116,1220612744.1480913
1540425600,202.35302275695466,20806627800.42047,1165395713.6574717
1540512000,203.38496856526396,20912618603.71542,1294283606.8483193
1540598400,203.18739632422128,20895701368.92201,1055337328.7702934
1540684800,204.7223407022085,21050011679.152504,1039726472.1950811
1540771200,195.7514045211852,20141044164.60023,1525796041.9084504
1540857600,197.4484496,20319037427.370758,977416380.6935779
1540944000,198.6390488336609,20443374890.788353,1270047763.0015414
1541030400,199.1226070207313,20504797883.626476,1320296639.6714208
1541116800,202.28275716666218,20827898393.480133,1261558842.1750631
1541203200,200.13622776255878,20607885132.10309,1031402141.4720232
1541289600,206.8144295995958,21305283379.90364,1796786475.6827538
1541376000,209.10887661978714,21542826214.062332,1497004600.6516602
1541462400,219.16088708430863,22564364808.51298,1767914756.9357538
1541548800,219.0157747507676,22526589761.074043,1482170343.362153
1541635200,213.40763439234544,22014228200.633472,1330922735.7940972
1541721600,210.79061959752252,21743426341,1088745373.4360032
1541808000,212.9658278769949,21899054776.88674,1068409319.3349147
1541894400,212.4733247441558,21915333222.812687,1300514887.7948813
1541980800,211.65690924875202,21835416808.274967,1282532597.6221092
1542067200,208.58229647385883,21526572966.38387,1395382434.391138
1542153600,184.02255937246562,18991988237.013927,2658768934.172415
1542240000,182.4482426,18833157524.209366,2461869578.310328
1542326400,176.02240566453227,18173414086,1724796640.6795118
1542412800,175.6674163561008,18140877471.665012,1412767953.2110136
1542499200,177.72868960741215,18355720231.296604,1419370369.0170794
1542585600,150.39116276572497,15568477359.93989,2804845847.3432374
1542672000,131.4766797,13480873430.564436,3210253186.2157793
1542758400,137.1730431934016,14199281075,2864570364.233047
1542844800,126.06638760845392,13145643371.545767,1749233437.3121877
1542931200,124.15029635415753,12835445196.81356,1739142608.9564946
1543017600,114.28793125942474,11817983686.122585,1678866535.7412324
1543104000,117.52527750634898,12164898237.895905,2438195895.932367
1543190400,109.43098854688948,11351812370.701126,1897018311.0723217
1543276800,110.43494358866081,11441393467.752829,1997220602.5212777
1543363200,122.44642499081692,12659773332.697258,2140930653.1883004
1543449600,117.70538590366436,12182154959.33421,1607356549.8743916
1543536000,113.4028831522645,11708062196.90978,1719140725.5823185
1543622400,118.10075903673732,12257640966.96176,1471310196.1165853
1543708800,115.94428273243844,11998542053.561508,1311180616.0078957
1543795200,108.67684762425776,11252886409.15223,1272979823.5054636
1543881600,109.85191500097886,11368927707.526571,1334764925.9641466
1543968000,102.51104175852288,10626501697.030668,1338392608.1239889
1544054400,91.10115845588969,9411545128.787203,1619374013.0384092
1544140800,92.96795017189604,9610584223.413237,2504222326.1841803
1544227200,90.67825609691094,9437707619.370005,1807021801.6527622
1544313600,93.53012682199429,9708220957,1591278001.7639914
1544400000,89.85371730794834,9323959135.591385,1295907311.516668
1544486400,87.85041070425926,9111391456.283594,1392270657.2968814
1544572800,89.37790161622951,9261188929,1232429721.5102735
1544659200,85.95872706359158,8913719805.958307,1269694470.9247181
1544745600,83.78596235654511,8696897486,1325123179.3098264
1544832000,83.83358213,8697750641.337017,1109693017.2554052
1544918400,84.46584639727314,8803144022,1198587935.4117327
1545004800,94.07306838255042,9769901072.309902,1696264039.588314
1545091200,100.05002539321067,10392925527.200373,1751770011.1099293
1545177600,99.49155365807758,10336785710.638008,1971206305.0304084
1545264000,114.42918370038834,11865192793.01515,2413040598.1809735
1545350400,107.85318110517642,11228235724.642712,2146527658.029341
1545436800,115.04582181530175,11930676648.438414,1843031240.6757457
1545523200,129.20650341412852,13420144843.953455,3038557582.0165663
1545609600,138.95781833191495,14528137553.21583,4190149358.5431848
1545696000,127.63707252348217,13232839336.104912,2981293112.474187
1545782400,129.51137399263007,13473635804.054379,2263075668.319348
1545868800,114.1013635506553,11924339225.89629,1964406471.6911712
1545955200,134.01993952035144,13935614204.209122,2611941307.2773275
1546041600,138.75426661197633,14676638050.826061,2754610335.045736
1546128000,137.6316929791457,14310166049.405546,2326472259.1586623
1546214400,131.45872465603802,13677300455.463268,1822123555.3749323
1546300800,138.14480220535194,14392313036.760887,1831181165.2598188
1546387200,152.86045271321305,15922214147.12651,2970382678.100767
1546473600,146.7305994341217,15277722818.958939,2147721864.232185
1546560000,153.0565669307744,15940848169.781616,2802750465.265354
1546646400,153.6518715,16018302447.242657,2751810037.277045
1546732800,154.69930839905126,16115376656.500986,2604841786.5535765
1546819200,149.89869762072908,15614190928.600574,2288173707.0961676
1546905600,148.14786553107623,15452130779.24307,2024950462.4209144
1546992000,148.7388798515161,15516781022.69595,1895694764.7753518
1547078400,126.62475249770274,13229569871.910849,2728309575
1547164800,124.6267970725248,12975985683.226751,2081742756.9099514
1547251200,123.75936261029351,12909473758.745958,1504750867.1261935
1547337600,114.76604584662175,11970884149.01689,1642681383.2372842
1547424000,127.40527329081972,13312835355.826275,2141032095.0550327
1547510400,119.81437324652917,12511274618.87375,2179445232.6582036
1547596800,122.24553850486993,12790017531.356869,2113608536.6644716
1547683200,121.92726666997898,12732832650.46048,1953391667.2246928
1547769600,119.1707391686563,12441677743.686483,1689783955.342064
1547856000,122.92817578942176,12841756778.277468,1843518995.3753238
1547942400,117.6078729013454,12288060353.539341,1968418396.7324762
1548028800,115.82686433322588,12103985769.178844,1719454581.2400157
1548115200,117.81718880676009,12313725371.510918,1765861558.4971473
1548201600,116.41601969858114,12169120160.834082,1599707091.7203567
1548288000,116.24543567436463,12153158417.51909,1605735349.503223
1548374400,115.14990605895021,12040473330.175814,1612015659
1548460800,115.33716687142687,12061900817.036028,1433112570.853001
1548547200,112.51348924314217,11774157608.884583,1753825291.7971783
1548633600,105.35239189764611,11010938397.321363,2332780149.277323
1548720000,104.59784628074063,10955187408.251522,2555950268.3740425
1548806400,108.27309466982854,11329885765.71566,2493952726.425111
1548892800,106.33599581366398,11125649845.205639,1980504563.8608692
1548979200,107.00955827242754,11200980015.417768,2189489172.098924
1549065600,108.77817692653159,11387807226.075611,1859087081.855614
1549152000,107.19999697185268,11229439070.409464,1970373516.398768
1549238400,107.61824539435413,11267355154.846409,1910734433.7085884
1549324800,107.31703853339418,11245947689.319769,1850805735.245364
1549411200,104.62362623241391,10959290841.797949,2028390258.2091599
1549497600,104.26536439234141,10923364917.939417,1809028295.0201623
1549584000,119.33360463375858,12490351594.278725,3337030323.848282
1549670400,119.48955517293045,12520670865.692413,2281124257.2366414
1549756800,124.88963479029995,13087985837.282696,2720772395.722468
1549843200,120.97026174727318,12680390197.310715,2802017940.5234113
1549929600,122.54208894762355,12845310573.797472,2573128709.502421
1550016000,122.09412965721424,12793730452.297075,2635011194.1226845
1550102400,120.59217399552682,12668201016.366795,2745287445.7246704
1550188800,121.57227847601175,12742765419.399738,2374950565.9874945
1550275200,122.93860835926709,12903776985.469166,2286482856.840245
1550361600,133.88146961685993,14098327882.16335,4003447879.040646
1550448000,145.32602670603126,15243928177.166456,5528376735.104817
1550534400,143.65523417640586,15072819715.874296,4958547530.735177
1550620800,148.8684346762975,15611440200.106087,4674193073.576877
1550707200,145.2958232437471,15225793598.680445,4028897436.931248
1550793600,148.04165031619752,15537602228.061953,3866449781.9766116
1550880000,157.67559560191677,16550258314.845478,5041062545.201769
1550966400,134.31602869596247,14284713525.163023,6907323014.255601
1551052800,137.8218665264574,14472468022.306929,5199003327.451232
1551139200,135.99783785109707,14307393197.668602,4013821729.4520674
1551225600,134.84981713392082,14178777736.552544,4639489690.788092
1551312000,135.4906837644075,14233212113.400938,4363574713.481887
1551398400,134.95470877409352,14187938674.158926,3152662372.3438797
1551484800,132.40742658761687,13922485507.386408,3386932026.236029
1551571200,130.5403477406027,13708633834.78851,3658774171.8825684
1551657600,125.6240824924571,13206850625.680403,4360833026.630624
1551744000,136.5502476885833,14358338788.931305,5188731980.705806
1551830400,137.32665152792868,14452766138.766956,4644218449.362553
1551916800,136.78614228385894,14369621725.628769,4578357693.783855
1552003200,133.5416931933968,14031460882.113087,4522056070.475344
1552089600,137.1960003042231,14428962251.829548,4296123041.029174
1552176000,135.62080210154824,14309692872.294827,4499641386.635785
1552262400,132.38753404384025,13919712301.577475,3785480350.370964
1552348800,133.28742563523164,14031839989.199167,4188517679.4991765
1552435200,131.6683444532404,13852442749.06418,3621660451.668175
1552521600,132.14623792639355,13903058196.646849,3916095404.0189743
1552608000,136.4478648131974,14361253091.20203,4756481151.442661
1552694400,141.08804416286097,14864545411.806246,4786242985.088408
1552780800,138.55063028189403,14586546977.699165,3163231174.800602
1552867200,137.65794893090973,14504816696.08246,4436947538
1552953600,138.5225166550466,14588139258.964716,4016707231.683015
1553040000,139.0759731796369,14646332154.545843,4301026829.020336
1553126400,135.05601072736965,14226418657.384989,5329540237.069148
1553212800,136.0995360201361,14349872413.090286,4676895061.111653
1553299200,137.19806866408575,14458951512.820686,4329648785.084198
1553385600,136.05748300079634,14349083379.676003,4828779391.134742
1553472000,133.8175199792062,14114508110.83552,5128191497.587813
1553558400,134.02990438257248,14127347666.266151,6365187624.764251
1553644800,139.63660664431762,14728909325.816017,6058290711.3394575
1553731200,137.81198852309657,14528588960.681654,6421741403.9849205
1553817600,143.14644309796884,15091573435.250275,6309182468.745683
1553904000,142.28965262894044,15005382590.00451,6431145135.476545
1553990400,141.586389,14930496588.280657,5681255417.619743
1554076800,141.51455520152766,14928001079.066639,5806385520.250954
1554163200,164.05054289558294,17376379496.109585,11972928895.801353
1554249600,160.43283831978377,17073994347.06151,14345018962.49493
1554336000,157.41222580794496,16631238666.397068,18960578265.68538
1554422400,165.1385234713877,17415767438.96335,8154465149.927939
1554508800,165.32515186458005,17431813826.27367,8041146224.6182995
1554595200,174.09052297795662,18330615695.15078,8774486908.148108
1554681600,180.01192355336678,19005528101.207676,9174797057.457947
1554768000,175.2941224274854,18514941900.58221,7853653932.961174
1554854400,177.3253178087243,18738487751,8535409687.957658
1554940800,165.03710682659573,17442825237.19966,9492297742.469435
1555027200,164.57194837218958,17386399385.122326,6864550131.632152
1555113600,163.97160033492332,17327865226.321712,4895342267.034281
1555200000,167.61800117879454,17700075886.552334,5453899413.191777
1555286400,160.53249078494966,16995977336.81406,6208683988.248793
1555372800,166.4845378681717,17609171351.003345,5341068833.609714
1555459200,166.3272646030099,17588516336.63911,5326967582.034817
1555545600,173.41362781077277,18314771488.822433,7052905652.127466
1555632000,173.2282621688014,18342659764.36273,7221388008.444495
1555718400,173.16628767058037,18306343766.281067,6156525100.7694435
1555804800,169.98788930945395,17972610400.17828,6664047714.540679
1555891200,171.0434707895899,18087557354.45475,6402115847.390519
1555977600,170.91296418483168,18058590378.524723,7113521465.307921
1556064000,165.66966005027155,17513743539.566673,8048012710.936328
1556150400,153.9304406219976,16278218288.123909,7178205516.338611
1556236800,157.3757012457437,16557928986.13092,7692660385.390277
1556323200,158.28919434200932,16729345051.253407,5979883531
1556409600,156.5951891487867,16559733009.547436,5768664295.690624
1556496000,154.08028243009934,16314567668.36402,6411778889.018952
1556582400,160.74469184721738,17017994744.389439,7295538037.156365
1556668800,159.48931440238658,16881275146.405905,5827474260.897809
1556755200,160.95718796104512,17057211134.916904,6382424498.642877
1556841600,166.63211526803485,17632782365.111347,7370814310.015348
1556928000,162.83631690744346,17251245248.674953,7462922637.386197
1557014400,162.37013497277283,17213549032.231903,6585100748.204202
1557100800,172.8283284518378,18328559385.30721,8296752441.893426
1557187200,170.09589748059332,18164993797.052807,9534335324.779873
1557273600,170.11063311538186,18006362667.522446,6667762034.758085
1557360000,170.57549417946805,18116042476.197884,6902719143.315466
1557446400,172.68209089135948,18289505929.628407,8161017266.9209385
1557532800,196.6901677286205,21127886686.212933,15122302157.846966
1557619200,187.2720183708742,19825564759.39219,11582482850.21803
1557705600,196.0761130134244,20785018542.369095,11346705276.931213
1557792000,218.28460968764938,23191421813.968952,13905655019.126186
1557878400,248.74500426984366,26321593931.32679,13672541332.505766
1557964800,264.90012138907406,27977152978.337208,18005081606.855213
1558051200,243.57049917993308,25882741084.84837,16370442950.862896
1558137600,235.32720134101993,24992104363.05817,9809558171.875607
1558224000,260.59698403060327,27696392705.66153,10660302136
1558310400,251.9614994995826,26710731424.55328,11264583865.095984
1558396800,256.0830401834705,27208222408.161823,10173591139.714605
1558483200,244.54946301361036,25986179169.035725,9779773115.360765
1558569600,244.6460957973966,26015066752.046535,11366080280.52015
1558656000,248.54526290535333,26403380130.094868,9874907867.701994
1558742400,250.82036469745617,26638407046.872597,9323604229.835455
1558828800,266.12218207843597,28248518480.178585,11071430353.366852
1558915200,273.40508817754096,29061104048.029087,12655030646.34605
1559001600,271.2278672,28849462681.914993,9175086732.606298
1559088000,268.7857564563058,28545915354.884007,10947486779.437864
1559174400,255.37736314606394,27163085813.469257,13789629797.840866
1559260800,268.12603920482644,28499454382.30483,13065602415.97646
1559347200,264.72732428744166,28173804952.878986,9939944521.868128
1559433600,269.9388294795906,28695353819.42512,9394858671.397644
1559520000,251.75257532903564,26744262117.273018,9490495448.140297
1559606400,240.23943365820054,25505094563.584915,9485736882.825798
1559692800,246.82656909017393,26217390413.075325,9425766068
1559779200,249.9679117723965,26581663259.716743,8404331947
1559865600,250.63689323005363,26701545587.49556,8150833842.114468
1559952000,244.62980571926562,26034305601.98276,7354875776.242826
1560038400,232.04158416760484,24672828577.74306,8029562832.321171
1560124800,247.25227622797598,26297325019.25777,8199127073.858642
1560211200,245.08937853941526,26090193634.664776,8182713237.348147
1560297600,260.5666340627198,27568882097.168007,12143678886.284647
1560384000,255.1204266417473,27144233034.692554,8992183283.907227
1560470400,263.92853843827874,28177766390.07106,9249836453.371191
1560556800,268.1121928964469,28555069614.98048,8326314916.480807
1560643200,269.0716935274996,28730739929.02647,11214016847.926468
1560729600,273.12368845247914,29075955330.534096,10113175117.058073
1560816000,264.78793107969506,28216787936.482452,9119385783
1560902400,269.1527997781388,28662304286.474934,8141550514.028044
1560988800,272.334691,29062957235.75888,9013711196.951782
1561075200,294.47562296593696,31419443062.588604,13984421402.12714
1561161600,310.65499867231955,33084459417.56612,14958216407.156822
1561248000,307.9472102635873,32863219243.396492,11379261835.846235
1561334400,311.06822902414945,33154422291.905163,10801735316.460266
1561420800,318.6359447,33909642984.874393,11894108469.494308
1561507200,337.3409578098138,36033928259.050896,20783128904.669895
1561593600,295.8416528876357,31578278682.118446,17565136833.06944
1561680000,309.9490315,33044592666.437965,13481294400.562168
1561766400,321.43279903776084,34306768610.59132,15410762009.028484
1561852800,292.83887601724456,31176379854.59102,14452227264.203045
1561939200,295.2558980709613,31498970007.217487,14541502314.74893
1562025600,290.9596721071729,30959350149.490692,13634093714.668394
1562112000,304.1705424011823,32463482348.950417,13852646285.058842
1562198400,285.2194708797813,30439535096.682316,11865088600.655111
1562284800,287.98591058443674,30740130568.29118,12482686164.985281
1562371200,289.57713834106636,30937887121.98499,11073979598.076387
1562457600,305.33625290070216,32585483973.188705,9431071377.576225
1562544000,312.4663688290414,33325496553.950596,11412190952.131702
1562630400,307.7796837520068,32850299631.681156,12539512334.617245
1562716800,290.0099672,30956973577.480614,14363666681.915071
1562803200,268.6352130477999,28636795382.556053,11259727245.112816
1562889600,275.80920843487644,29477046976.610035,9759415139.820307
1562976000,270.3147612,28810921295.770554,8942739616.455101
1563062400,227.12207268042678,24246464997.184734,10112411751.87944
1563148800,230.18019411198864,24761194859.108467,12728221879.918568
1563235200,199.94052185387875,21404242629.096542,11546792446.85422
1563321600,210.83853712737297,22555777896.46238,11495306974.325901
1563408000,226.3035342868679,24469199432.985012,12224826620.798044
1563494400,221.11374095039795,23638366539.887043,9394172336.260527
1563580800,228.96480408491627,24370718738.349724,9443236308.126741
1563667200,226.15340772656594,24197616725.96213,8668234008.782793
1563753600,217.65256165832335,23300408113.461063,9159417328.812357
1563840000,213.5021516080946,22833250656.49764,8343544802.577731
1563926400,217.19777774847861,23289112074.867935,8036309077
1564012800,219.48779097276912,23512755315.51417,8431628740.248658
1564099200,219.58243262777626,23510568057.420704,6261416237.370375
1564185600,206.5317729,22113111388.41074,6935857584.275074
1564272000,211.2297537,22676505895.192112,6820635279.878914
1564358400,210.82351650905207,22532332968.39789,7155796188.164937
1564444800,209.64626074112806,22459680355.763912,6861118022.849301
1564531200,218.61308553620958,23395542240.652126,7854507842.961148
1564617600,216.6304207,23212512549.342392,7106350020.545052
1564704000,217.79546207706508,23340842011.61525,7476612908.300348
1564790400,221.41611875255478,23728815859.720734,7118505874.499466
1564876800,221.98815294300547,23801827044.905396,7801234062.836402
1564963200,232.82368350463972,24942936105.273483,10565615079.886549
1565049600,227.0207111,24246876267.774906,9971872218.817013
1565136000,226.4011931773696,24246033283.292213,9705696057.326073
1565222400,221.99588620712112,23748361769.302696,8972857706.734287
1565308800,210.15361895773407,22496236375.06767,9017297468.618519
1565395200,206.50462546838185,22164896130.494186,7866305403.719613
1565481600,216.4855805517722,23199201016.471577,8817555226.301624
1565568000,211.11314126304725,22642683362.924953,6858803450.515639
1565654400,209.26573714761406,22436740682.994324,7468627796.213287
1565740800,185.65530058955875,19905411203.78774,9066370572.253965
1565827200,188.15278116773473,20166571469.133984,9569868633.162851
1565913600,185.15324355177958,19875538705.637814,9104078192
1566000000,185.76004109383433,19947175522.901073,7074381392.731569
1566086400,194.35736761658467,20870523158.477386,7608103574.120334
1566172800,202.95975075968417,21805354686.68139,7984979710.387964
1566259200,196.27274728566928,21099092813.884506,7427661565.776037
1566345600,187.01618910896025,20090814029.40346,7533577003.439183
1566432000,191.52119596772542,20579733353.237606,8373678956.808694
1566518400,194.2093873568753,20886288389.848602,8310335766.427433
1566604800,190.55575089343063,20497351303.834663,6816227733.539867
1566691200,186.32236897942659,20024597154.008755,6925363690.298179
1566777600,188.37725745413954,20251623745.88952,7808973221.715419
1566864000,186.97068487781738,20099329728.45356,6715792817.800851
1566950400,173.02703573027782,18598885730.967613,6630138918.5056305
1567036800,168.79916502828434,18182244936.177788,7553876741.007874
1567123200,168.6708883739598,18137815999.552658,6149887965.938229
1567209600,172.07296929356409,18507223778.142094,6422265680.054329
1567296000,170.72754514461607,18351207184.536457,5582323205.083545
1567382400,177.71647895327314,19113080684.062847,6929999813
1567468800,178.82647784328285,19324838795.229195,6839270834.390837
1567555200,174.77627554812665,18790062457.39357,6753228074.432234
1567641600,174.1938100520476,18756294626,6972203243.611649
1567728000,169.42286694793444,18244685096.248436,7990465595.274032
1567814400,177.85258889110943,19145726416.543644,7289035615.537996
1567900800,181.4839320522675,19532846873.76019,7427353150.500337
1567987200,181.01465623196765,19501252636.159073,8230569258.881535
1568073600,180.1493915298145,19398770840.28421,6808322892.822258
1568160000,178.08294980618456,19174005533.27935,7572468713.673471
1568246400,181.0108361,19496200878.17006,6514468640.712693
1568332800,181.2119450035023,19522068957.29138,6577694623.403602
1568419200,188.30568158376607,20297648872.897217,7236471987.494058
1568505600,189.25504633546134,20389680178.128475,6872781110.7933855
1568592000,197.60691638393752,21223483200.061485,8404868032.960358
1568678400,209.21116304181604,22573128316.388668,10534577182.03602
1568764800,210.24907372866744,22689784462.139828,10026926701.837385
1568851200,221.74292599489385,23838258551.56916,11660216013.817453
1568937600,217.95344382394939,23468933218.644382,8563835819.843909
1569024000,215.34523960456264,23241002834.289497,8291876955.773469
1569110400,211.61753840452246,22812625864.180454,8770978542.694231
1569196800,201.00337752581868,21659224040.642677,8336808955.502666
1569283200,168.67357964603033,18418924820.330776,11738404290.834139
1569369600,170.28886769224317,18387961477.667904,10971536373.46625
1569456000,166.21680322909975,18012013650.053577,8887474208.578917
1569542400,173.90494900595044,18764435751.517056,7741411781.909645
1569628800,174.07970541243265,18778305331.488625,8420640752.534281
1569715200,169.6894747522977,18340364798.35873,6622811335.857158
1569801600,179.75716197925505,19371744530.934284,8531793896.531498
1569888000,180.63244082835516,19506079956.197968,7030264696.061253
1569974400,180.57893058773016,19515449012.870743,7011073715.725833
1570060800,176.85852555342686,19083597997.072533,6571609557.977975
1570147200,175.86315365350248,19013321261.257965,6788268823.555099
1570233600,176.2772565733896,19009613625.563313,6878002599.189638
1570320000,170.44710628243018,18414715905.660275,6183872973.064911
1570406400,180.14424760253544,19492030354.883118,8651483187.380627
1570492800,180.78979326727546,19537703569.993225,7965287586.524669
1570579200,193.33993781390976,20896473661.552616,9901588880.945726
1570665600,191.04108656991255,20655168597,8489850464.079381
1570752000,180.55244905183102,19490975562.25558,9464732027
1570838400,179.94653567610214,19456204702.653095,7092415247.875073
1570924800,181.2872472944888,19636637034.909355,7218077682.306935
1571011200,186.61606753146776,20182332549.589005,6948746949.167441
1571097600,180.74563079187547,19551821811.16607,7255387196.496509
1571184000,175.05406935469742,18931847830.822693,7574783773.934067
1571270400,177.4769186344818,19185722528.28324,6589528029.318176
1571356800,172.88626058117322,18701016660.84209,8019508916.141182
1571443200,171.85241043187662,18584020382.348053,6653033262.426412
1571529600,175.21210857661558,18941808902.195774,7186266521.867684
1571616000,174.35449608806442,18867384241.158245,6738537534.893596
1571702400,171.4265472158501,18558740241.107227,6863039381.640138
1571788800,161.5840435929357,17459645841.196804,8423014823.046386
1571875200,160.67839136074096,17399743469.054173,7385746457.861195
1571961600,181.45319156222183,19637705780.19648,11568719162.372278
1572048000,179.53527008259897,19404848951.545723,13413299279.150604
1572134400,183.58089983827585,19901421621.580063,11927463512.844177
1572220800,181.86179987269554,19665873705.505238,10802432065.022448
1572307200,190.50596091786502,20630859876.73889,10858105798.943794
1572393600,183.13375148673262,19844553056.696297,10475563029.033878
1572480000,182.75570124695298,19802989402.16403,10677408737.976376
1572566400,183.0641915,19841838289.17925,8966993687.026836
1572652800,183.21568174708486,19859708138,17556115439.989822
1572739200,181.8244399622803,19716789940.491096,15978664590.342894
1572825600,185.76433086001398,20141787853.298763,10711288571.709585
1572912000,189.16575518025138,20492280668.62314,10976995833.162132
1572998400,191.3004004540056,20737428494.66662,10229062756.046371
1573084800,186.81653195658674,20266199492.292927,8952840250.325546
1573171200,183.6736227613274,19922829399.444794,9317711239.968254
1573257600,184.95814543107952,20084569101.090305,7371484625.797002
1573344000,189.04498222352015,20498434183.96548,9145731474.140394
1573430400,184.8398737,20053149255.624203,8436450179.250551
1573516800,186.8659398462863,20253767836.417084,7224692515.135974
1573603200,187.84288849379362,20432066850.22492,7174004374
1573689600,184.78830689468228,20069162255.474976,8007041886.640145
1573776000,180.16871140792335,19545090767.174282,9104427564.529264
1573862400,182.63065416042576,19844844655.043144,7196313424.600481
1573948800,183.9879638750186,19958777557.908268,6738152838.897733
1574035200,178.3855993731378,19368856364.95644,8026165759.571411
1574121600,175.8204845763924,19065767350.091602,7790094393.890497
1574208000,174.80445727797053,18988847253.54836,6713792276.519455
1574294400,161.15147727923085,17491549308.65305,8718872247.235916
1574380800,149.92569206419535,16287556192.270582,12883154422.38589
1574467200,151.96608493452732,16542855738.706274,7399048990.785586
1574553600,140.24681084120735,15475834863.359888,7849310718.476399
1574640000,146.34618694453036,15886464708.930641,9382188064.705387
1574726400,147.57506848968612,16079208209.774965,7520914600
1574812800,152.6150683,16624532572.655481,8634745624.644365
1574899200,150.91034572010813,16410189698.68012,6528542635.067198
1574985600,154.25530586508248,16758887510.141882,7145810322.087986
1575072000,151.73585404476006,16526371128.750948,5436245310.980454
1575158400,151.02315688624967,16406763648.56546,6544172474.357911
1575244800,148.86726798663648,16190436587.112755,5011809194.132204
1575331200,147.12795176955626,16020038545.991947,5245524511.511721
1575417600,145.40170953026762,15854160155.08143,7074240395.510329
1575504000,147.79749210977155,16080828336.473515,6421963684.296958
1575590400,148.60569815279229,16139573040.723936,5806189343.207808
1575676800,147.1457864691915,16002334420.498518,4749924969.069943
1575763200,150.2924488050236,16377855974.169815,6027777721.176993
1575849600,147.42926132729735,16043706474.69232,5789441263.561269
1575936000,145.56867918491014,15849875150.02611,6047605226.725084
1576022400,143.12297867633916,15578842749.139772,5883082276.821148
1576108800,145.02592545573296,15788957248.11528,6766489317
1576195200,144.6187808332106,15750794124.489826,5946736085.342134
1576281600,141.84486515951662,15443355857.400137,6322939248.375952
1576368000,142.21086918955265,15508762801.226492,6837194965.911324
1576454400,132.72274321129302,14450939875.930876,8956132139.815428
1576540800,121.7701073,13287532088.063696,9871891691.072153
1576627200,132.74136111736684,14431239759.79371,11532439096.28435
1576713600,128.0791538700726,13910360785.04459,7865020994.018279
1576800000,128.2701941791178,13960011409.004557,5979828257.7039175
1576886400,126.93287325611249,13835225941.813122,4862554351
1576972800,132.17746965077103,14364983064.322144,7466406124
1577059200,128.16997170630987,13932981482.574308,8703094374
1577145600,127.72559890360142,13937886620.894697,7694981359.909612
1577232000,125.01870585042732,13638505587.030851,6446543347.919613
1577318400,125.61458431453704,13697038140.554945,7594710628.052688
1577404800,126.32718018933488,13773176348.366127,7290590722.529487
1577491200,128.0669874384903,13985982758.17354,6709535782.463888
1577577600,134.3236471998861,14666626034.39065,6514129764.108342
1577664000,131.4621363838881,14330460495.39055,8424570388.279623
1577750400,129.18638529253852,14097451631.783957,7103187150.687103
1577836800,130.4846850311141,14230588104.281237,6623732040.964472
1577923200,127.04525801179804,13859793329.814827,6497297884
1578009600,133.70264861844188,14613194775.854177,9655245099.720835
1578096000,134.1368826978575,14636213160.069315,6958393690.018681
1578182400,135.00571364233375,14738834254.266087,7260645128.406949
1578268800,143.80639795566535,15692578635.119993,9514201882.396584
1578355200,143.0194323,15656491188.064734,9440938787.519835
1578441600,140.27393527388705,15364547561.67077,10095847759.294762
1578528000,137.86055928182662,14998595868.023438,7280640218.292043
1578614400,144.6047743464792,15647071448.436348,10273370788.312328
1578700800,142.18233327497873,15564837467.520994,9737605323.282524
1578787200,145.42287633530452,15859031094.44091,8488793477.5950365
1578873600,143.58796905036286,15715287657.358463,8019794567.486078
1578960000,165.99143854583525,18075462340.568443,18970204899.197784
1579046400,166.2530969048888,18104742352.015366,17862385531.73745
1579132800,163.80590111423027,17869543294.566414,14605493158.53319
1579219200,171.15621787671842,18727969032.79025,15915322019.78247
1579305600,174.23837318258896,19138755594.52358,15808136411.02366
1579392000,166.6271059505621,18220366702.244606,14003433869.000366
1579478400,166.93852805776982,18243871991,10983216126.222286
1579564800,169.27993585839258,18460475135.804626,8267420452.9121065
1579651200,167.8265296405669,18358377435.95901,8809189828.884594
1579737600,162.51937110634034,17722969842.693172,9017537604
1579824000,162.40947975163584,17777723072.283943,11043498594.604164
1579910400,160.6736108617405,17587666193.195988,8673816085.484137
1579996800,167.6474095857562,18279197138.315884,10518901915.39258
1580083200,169.7364357354222,18576520021.386745,12435457692.695446
1580169600,175.19000305345378,19212409346.36024,14300512538.139254
1580256000,173.70688823620796,19140249467.28951,15565369994.796808
1580342400,184.72621843141044,20090242968.224346,18170945326.39071
1580428800,179.22910385240368,19751392940.997242,18506953476.934044
1580515200,183.33693755210257,20079997942.89275,19083817630.29935
1580601600,188.55064179431113,20619310835.276108,21543158277.49522
1580688000,189.86176346298166,20791014743.301926,23519056716.26084
1580774400,188.84220736948276,20665245888.10715,21734656893.64477
1580860800,203.8593183747095,22414850796.683693,27708721578.171207
1580947200,212.73341421352782,23314707733.86607,30730370695.67516
1581033600,223.27631974791998,24407934017.312393,34073387341
1581120000,223.30077697426225,24478412143.01876,35852075948.97941
1581206400,228.29226083217347,25011126326.73704,37065973224.819984
1581292800,224.14699652028605,24577280465.17777,40180881296.506096
1581379200,236.78534852972567,25966283262.662064,17260236147.946793
1581465600,264.03276824299627,29001954205.996136,25083848405.774593
1581552000,267.6704445042514,29312880235.867893,31919298278.23887
1581638400,284.2318914741183,31059453816.69378,32486783383.59592
1581724800,263.8999463915962,28909877146.05339,31021139510.840595
1581811200,262.1562443168135,28746450516.039288,26307305450.095947
1581897600,267.9356656159883,29075052114.63163,28621805406.267815
1581984000,281.9457403055278,31034929114.66128,33038477053.26572
1582070400,259.1838037480287,28662558273.135616,24634102799.07547
1582156800,257.9883953048601,28258309183.25315,34355959852.746918
1582243200,265.1644591338591,29114570356.366127,18672669187.760765
1582329600,260.99654013152536,28657670954.134422,14860160863.37393
1582416000,274.6312157785517,30135977087.940575,15734092874.96997
1582502400,265.2421912203732,28974292556.854683,21019871769.54907
1582588800,248.31738139395102,27274600634.783813,15216321566.877127
1582675200,224.81050829744677,24823014146.598347,20470479538.054836
1582761600,225.42971511683754,24879553838.25944,23994578699.806026
1582848000,227.70528448376498,25137364865.97101,19715536659.914295
1582934400,218.34835692985286,24105658618.96741,13967572974.821035
1583020800,218.93979697447656,24049874527.90718,16557363028.554333
1583107200,231.67944604592213,25392608994.495888,18301098060.91034
1583193600,223.96011601810258,24709361638.74632,19133763158.937866
1583280000,224.13487737180202,24635535324.34428,14844945103.395332
1583366400,228.0809351016884,25072941968.371387,16056678004.768778
1583452800,244.23846951978683,26861442576.626507,16938887970.316448
1583539200,237.38079020191347,26199142579.509506,15033855133.023136
1583625600,198.81964228768578,22145350491.45419,18839637103.648037
1583712000,200.84687148188746,22001125399.41239,17900321700.644154
1583798400,200.74903854851766,22178131746.591427,10622282127.512653
1583884800,194.21794124025206,21375073649.951973,14699687559.439268
1583971200,110.5978978308351,11956631650.303354,17357843633.111378
1584057600,132.57285770180832,14567054564.19822,24412190319.85676
1584144000,123.0308441,13505998666.239887,8678897518.712492
1584230400,124.60342553062202,13756072458.523424,10971643911.795376
1584316800,110.99159845334059,12178760413.015514,11161656313.89003
1584403200,117.21704138518466,12991193734.51619,10514054745.732649
1584489600,117.7004246469663,12900856057.87349,9829287702
1584576000,136.81187578973578,15068113354.89011,13910341816.437582
1584662400,131.96469397290025,14451395504.502293,16267979993.668526
1584748800,131.94321845316688,14575207631.098148,12633534610.010733
1584835200,122.5205987665882,13499834314.773163,10177508398.873247
1584921600,135.58865798037067,14944699607.313162,11596650460.730272
1585008000,138.77657127268222,15385255695.77982,12119249137.978954
1585094400,136.23392142176775,15020580578.564753,10616935307.838089
1585180800,138.76693759902926,15277363230.972204,7749490793.658535
1585267200,130.2865618875773,14958737456.74538,10183491264.54011
1585353600,131.42405214081145,14468066254.835968,11067855577.856102
1585440000,125.31887451568916,13819843925.360764,7718875104.828544
1585526400,132.36373895414985,14615131244.892355,8469234427.790874
1585612800,133.2364468438201,14699970260.177477,7869741296.803818
1585699200,136.21638557312852,14896572551.520117,7848601147.336895
1585785600,141.4537053523866,15522802609.007648,13645052823.766476
1585872000,141.26154326644877,15597757554.270603,11621521038.709623
1585958400,144.2008027,15898519073.894499,9863619646
1586044800,142.8508834648482,15770466064.128725,8271697078
1586131200,169.85504979336824,18679968361.111393,15337221519.354977
1586217600,164.5160197107307,18166748814.85624,16711178690.848326
1586304000,172.80356826747519,19089126835.76443,12116309211.63937
1586390400,170.09510352387568,18787453383.948494,11971791025.372421
1586476800,157.74015800780134,17375118634.991734,14135915530.589357
1586563200,158.32787794181905,17489565908.771362,11128989594.360977
1586649600,158.8638257195104,17790409219.818943,13002801329.50846
1586736000,156.70135879140688,17316641314.145325,13286483792.048328
1586822400,158.26715118298955,17559917949.258163,11468431211.774742
1586908800,153.2228636800284,16933905371.155535,8578826590.313573
1586995200,171.7759907508837,18989526634.23506,17430629608
1587081600,170.4458905,18844786940.26037,15220772945.895311
1587168000,187.14354411560592,20686869606.075146,14284812698.801844
1587254400,180.05859654051866,19894212517.443478,13763176713.456295
1587340800,170.70405868653958,18894679854.84961,15901061387.704433
1587427200,170.45154288047368,18883297426.60788,12178214643.078756
1587513600,182.2767576620704,20165266729.19022,14853382137.991045
1587600000,184.59370248021838,20371607313.859978,6903118239.477871
1587686400,187.34336861419638,20756708748.58927,13419651870.125168
1587772800,194.11423682570447,21449928671.504494,14452583265.899439
1587859200,197.22990444623989,21798344583.464844,13530756223.951258
1587945600,196.46262535084685,21715118585.744934,17659706480.60195
1588032000,197.15473156634306,21824818237.698734,14644384537.090769
1588118400,215.54817266567386,23796586177.48911,20966892392.04868
1588204800,205.55600541063674,22894189506.373463,23630952297
1588291200,211.96829534904975,23540629181.114624,17137878522.355497
1588377600,213.94301121407548,23700169401.049606,14287655444.044804
1588464000,210.02470947464775,23254687127.813503,16158461349.767452
1588550400,206.8325342346069,22819858077.111965,17901489283.101368
1588636800,205.22517973985205,22740460359.466698,14345915703.711891
1588723200,200.25479450009442,22529347281.111214,18128961143.16994
1588809600,212.29247620086525,23678773321.927563,15142506242.294548
1588896000,211.68904835113835,23476076684.66088,18337241719.88773
1588982400,210.4318181376063,23328821609.133904,15514402336.324596
1589068800,188.13722615896586,20859785783.852856,19756507796.247448
1589155200,185.67471809740294,20616754314.258286,18768379406.38769
1589241600,189.30578181851274,20993946147.950317,13706747451.019007
1589328000,199.36937254304945,22169692741,13403589148.76194
1589414400,203.21124699378416,22562017222.46954,18153298514.018234
1589500800,194.27309778153102,21656663418.09443,13130818660.241241
1589587200,200.58339090310048,22256509489.004852,11676763398.063229
1589673600,206.76889403683904,22938430779,13449821514.26736
1589760000,214.35764164526782,23793534838.638046,13342260442.297512
1589846400,213.68672021176667,23656360817.218487,10220660537.90651
1589932800,209.9207882888633,23303624068.60854,10429639020.80288
1590019200,198.9175157507187,22089212414.442772,8110302356.370864
1590105600,206.22772963994552,22960218146.427925,10636959193.321962
1590192000,206.4112069583191,22943289960.014706,8524288901.148943
1590278400,200.69072858230618,22417907964.48714,10782742329.00735
1590364800,203.81011834234977,22639118588.39778,9317131818.625378
1590451200,200.96361540675866,22325672542.330963,8593529312.403248
1590537600,207.84589389085414,23085068545.910442,8773050350.183073
1590624000,219.59156405880168,24328143646.44253,12329460719.291054
1590710400,220.49116734603788,24504031642.684784,10335270102.499737
1590796800,242.70977026782677,27012940828.466957,13546265992.193748
1590883200,232.33100303896677,25671662155.409367,10887047331.601736
1590969600,248.04456658448655,27559451838.43636,12532381844.259752
1591056000,237.26532012867918,26414164713.757725,11228877888.97363
1591142400,244.1253366100756,27137533088,9023955445
1591228800,243.70782131595863,27105225698,10063518956.568722
1591315200,240.24696898765103,26722521046.76495,8222827212.494165
1591401600,242.02164036721499,26923196533.750423,7581565794.828065
1591488000,244.22674439497985,27129407338.340355,9398819027.550787
1591574400,246.21278326044262,27441367803.298782,8129322897.065843
1591660800,243.8495266518988,27188436885.46926,8592468949.874516
1591747200,247.5419715295243,27480866985.686268,7584308101.602023
1591833600,232.00078536182022,25655172292.438347,12109538778.82486
1591920000,237.59341087744238,26414947184.76374,9191505535.416174
1592006400,238.29362910089247,26503078976.085632,6588386730.111501
1592092800,232.11252047744935,25856836267.17579,6517043494.317247
1592179200,231.0170115525279,25743924409.197376,9539612843.334753
1592265600,235.28847948297147,26206196967.82947,6857067974.879582
1592352000,233.8636184621818,26079437153.80169,6079869078.290233
1592438400,231.68485732135008,25847377552.221436,6063250096
1592524800,228.9592128032193,25534271650.26011,6840801770.229276
1592611200,228.8691487972198,25501270877.342506,5400222130.457475
1592697600,227.79190590968685,25381090910.620564,4995955268
1592784000,243.36470999245498,27083046206.889904,5973345536.2072935
1592870400,243.07948223903702,27097142032.576195,6291513184.395153
1592956800,234.5649846444734,26239099771.426495,8149316604.925404
1593043200,232.64870349961575,25963410301.573772,6321009243.432307
1593129600,229.6365260272679,25643178437.809326,6513998360.988546
1593216000,221.0260852973422,24650756780.212147,6164981016.058191
1593302400,225.12294616525017,25059706534.523754,5641785424.366106
1593388800,228.20576377381224,25465535919.172665,5792207632.621344
1593475200,225.59281496891896,25169333234.47631,5282884955.518924
1593561600,230.66194359094902,25738012877.807854,5307320170.136238
1593648000,226.57442434030435,25284990219.958416,4427853855.208807
1593734400,225.1764054804081,25132071680.625286,4553181088.144414
1593820800,229.09471646218861,25572481115.808292,4910504255.511211
1593907200,227.8993750381917,25442148685.628662,5250547694.457692
1593993600,241.52685187431663,26966777214.595856,7214622724.058187
1594080000,238.96448054067793,26667827703.348965,6390063707.992301
1594166400,246.85900786802029,27538955079.081337,6855809513.431496
1594252800,241.97512857897888,27017961197.637337,5454877568.354481
1594339200,240.95495378293265,26917385878.316235,4948468762.536561
1594425600,239.10202554671358,26712364780.153114,4350900774
1594512000,241.7715226007061,26889793823.339703,5293860444.738397
1594598400,239.63878681174097,26757968884.421734,5773853723.2969055
1594684800,240.25147066847245,26870705032.694412,4794731175.010703
1594771200,238.66359720631723,26686755678.99533,4622070139.084404
1594857600,233.8370746,26142878196.66504,4836661397.807636
1594944000,232.78147743826054,26015174195.367386,4344879745.807146
1595030400,235.6811447764246,26352655621.666836,4349365185.3359585
1595116800,238.89523167867932,26715274452.48371,4452847140.177009
1595203200,236.06009844538684,26401433618.61543,5152984578.126705
1595289600,245.23373502634252,27404691587.94453,5121955556.196016
1595376000,263.7624639660021,29528105819.948067,6556501920.467992
1595462400,274.7236202591814,30714049723.16856,7634745874.600546
1595548800,279.42705624758224,31236557399.18939,7547527176.1284075
1595635200,305.0381394111965,34136825749.960796,10358352414.143063
1595721600,310.51799095173624,34754323492.16516,10227817625.90999
1595808000,320.47619130968184,35873239729.40686,15060479190.224041
1595894400,316.4067660520556,35422047874.02414,12462060871.173037
1595980800,317.5390729161191,35553131948.946304,10343143710.27412
1596067200,334.7419220365616,37564052087.124535,10534706857.54779
1596153600,346.00350607288686,38794882275.39032,11638423647.390888
1596240000,387.94242117124685,43411673380.48453,15379516252
1596326400,370.7323024312388,41469942047.79405,15202899455.056835
1596412800,386.24744771780877,43272376856.193855,11174150665.410692
1596499200,389.3830083498991,43787281284.318275,12113993540.45853
1596585600,400.18436250317995,44844619093.01642,10578439440.459143
1596672000,394.5417454611831,44217734699.095276,11175559421.02824
1596758400,379.1351558498163,42541561650.30221,12469778424.949451
1596844800,391.47843864211467,43821378072.89572,7446547697.815684
1596931200,389.62293111291143,43682388560,5940323179.041791
1597017600,395.20991365718925,44298575284.664795,12717549263.402819
1597104000,379.17476395275435,42639702440.41078,13124713653.81531
1597190400,387.50053082397886,43436076387.69582,12808587803.77308
1597276800,427.49026536796873,47693538253,17422050835.673008
1597363200,438.7625874702974,49022330904.64755,15546677422.815374
1597449600,432.6546652389318,48462771178.61529,10265309385.857273
1597536000,433.43186093211244,48635333662.57019,12680404379.026093
1597622400,430.03250508972275,48259667903.08671,11697848304
1597708800,422.10665286599425,47400903599.29812,12062999738.137259
1597795200,406.5744691821068,45642757811.590775,12854733824.945929
1597881600,416.46977582279794,46754739209.41609,10564357237.821798
1597968000,386.8238914189483,43434501400.18814,12518435194.162006
1598054400,395.88501828908585,44454504740.72998,10612983427.483643
1598140800,390.7891350477376,44021875258.788315,9775318835.217514
1598227200,408.2691456317229,45914782850.88361,11007565809.594412
1598313600,383.66214311829924,43097616381.47341,12857413913.19107
1598400000,385.75249987492117,43337732292.52325,10454041361.377256
1598486400,381.8376513210842,42903096293.90094,10466849103.532475
1598572800,395.1382132386204,44402928843,10196208352.394411
1598659200,399.3745438,44884412904.61814,9631959320.390598
1598745600,428.2956791635218,48092923343,12945668314.960146
1598832000,435.6930232991007,49098776608.15353,14228693735.746506
1598918400,475.6846642626859,54146717970.58548,18804560687.28111
1599004800,439.35376021531494,49401551509.00041,19315593282.634296
1599091200,383.6915311779978,43135808902.68998,17364384113.17322
1599177600,387.9040290939166,43627087090.328964,10260946593.268202
1599264000,334.46859301354317,37655618254.050865,22254663654.420143
1599350400,352.99300214607035,39710363028,21920007828.96099
1599436800,351.8778602923998,39639961273.34071,14769191933.857542
1599523200,337.84505193506857,37835807856.34224,14799132842.838894
1599609600,351.2322670832359,39580368571.35996,13120851004.434223
1599696000,367.63892881000675,41300327191.463684,74747424441
1599782400,373.9149059897517,42135842526.32081,12937594458.734825
1599868800,387.72351629002264,43393172173.54062,11465259432.878637
1599955200,365.6955063,41170490544.06533,13172306578.937866
1600041600,376.3945611,42353184458.585205,14124838468.354868
1600128000,364.6900450860686,41019180031.929504,12209389923.086823
1600214400,365.13055081164816,41136175614.140686,13298202038.469078
1600300800,388.7974562319938,43828530075.491394,16748693289.537083
1600387200,383.17286599152135,43009572687.415535,9883257470.927006
1600473600,385.4721234936851,43455110863.06883,11046298234.18736
1600560000,370.9678951624775,41929980576.65271,11369621273.059267
1600646400,341.27713087183076,38695806846.97656,14837815989.716738
1600732800,343.9175471009491,38679912764,11967106210.545612
1600819200,321.0774351739628,36239170986.342445,9839917613.109154
1600905600,348.8210199785493,39314719146.84341,12209550797.233208
1600992000,351.3315670221176,39598389061.56603,10740036294.329079
1601078400,354.2615819143104,39946698187.61045,10859942552.210592
1601164800,357.0664364067552,40273903426.08249,9973839924.612421
1601251200,354.4295835375506,39794887269.461235,9818467156.628036
1601337600,359.4260895383702,40574256067.82458,9708794839
1601424000,359.59898475085777,40586538615.954575,8037484324.980594
1601510400,353.1978481381707,39782583382.89109,11835729247.851833
1601596800,345.9125682279143,39005631807.605095,12194440257.52427
1601683200,345.99246319342933,39098719406.98244,8933121301
1601769600,352.4588065039611,39758373727.61445,8905022839.294907
1601856000,353.6044273109067,39890007481,9285381015
1601942400,340.6160218128092,38419834420.75508,10280978397.300406
1602028800,341.4437964782809,38556379197.91778,8044228155.819704
1602115200,350.0556765681245,39539898845.29083,9330978624.154116
1602201600,365.33944481939363,41261693685.49925,11301702589.430536
1602288000,370.4718109734285,41919449520.12781,10673988207.878847
1602374400,374.4970150925736,42273071872.950066,8000631027.644073
1602460800,387.25555835657167,43787622889.79302,12458841248.929943
1602547200,381.16877389892255,43068111158.10915,9741612768
1602633600,379.21025376092774,42827891085.95138,10673398919.618017
1602720000,377.15868107868175,42625398559.363594,10155629419.116392
1602806400,365.9906423831468,41424753265.12099,9375570544.203642
1602892800,368.6504703636898,41654901940.043465,8087278469.473757
1602979200,378.0493653237596,42730815492.78595,7527761590.194419
1603065600,379.6394773321801,42919073937.74135,8995049005
1603152000,368.2270142350454,41623179886.79757,7492023938.775781
1603238400,391.16674217757225,44137912522.42472,12728437763.916903
1603324800,413.2018903361906,46776265907.292244,12229478488.701916
1603411200,408.88948864371923,46233128841.054825,11171063368.78023
1603497600,411.95921775305027,46625376044.79527,9333976948.222593
1603584000,406.1570941,45985592948.88831,8489563012.362298
1603670400,393.38290839224464,44537523611.830605,14982520071.004465
1603756800,403.5298378,45687568527.06391,10384433736.852089
1603843200,388.87733988207765,43943405500.51123,11312414332.858248
1603929600,386.4460129872924,43798925859,10294153382.842941
1604016000,382.9007710380906,43341298725.501526,10598788554.534933
1604102400,385.8445887975079,43692767478,9009356073.612816
1604188800,394.9363420491719,44687833549.98935,8655139278.000864
1604275200,383.8498034220404,43437224863.28803,8492071098
1604361600,387.6163737,43903834507.362854,9513314551
1604448000,401.7330968324722,45360338717.11154,11648560618.489246
1604534400,415.9277704309719,47077208350.069885,13606373470.76514
1604620800,454.6515430984697,51546745852.677986,16264349016.82086
1604707200,435.4183540833094,49463138492.48698,15146746571.79792
1604793600,455.3583669721691,51682115129,11155033976.455217
1604880000,445.0512933420698,50377035452.20988,12036099592.129189
1604966400,449.8161845012962,51000796202.07293,7873172432.585956
1605052800,463.18087172032307,52569790942.69943,11456937853.526192
1605139200,462.2056195794902,52548309254.49251,11096201853.108873
1605225600,475.9690936576015,53963588841.127716,10814357418.247974
1605312000,462.7183970607933,52476765553.11609,9774490045.968235
1605398400,449.2068016397434,50978678612.60896,8946780761.302334
1605484800,461.3711967052673,52356872782.26836,9874800384.414816
1605571200,482.1983847235396,54716609289.542305,12534266981.990389
1605657600,479.43766136247405,54435713128.05311,15390748756.847664
1605744000,471.31795839441156,53447508889.231575,10960245344.173328
1605830400,508.79221458524455,57875755337.83428,15567496836.779345
1605916800,548.8421162,62062910159.27977,17270632325.076218
1606003200,560.5088874583059,64219272617.02369,20803203330.719395
1606089600,608.2733109189421,68705033455.82259,22868894446.116894
1606176000,602.6662623938871,68461935305.63655,19964356486
1606262400,568.2751530404493,64369854808.743355,15178975818.650188
1606348800,518.4670452162002,58947811751.581924,25993581649.401203
1606435200,517.5530264056014,58773961397.899704,14714678172.404446
1606521600,537.3926120944484,61290956964.36442,9637463879.915295
1606608000,574.7511196548439,65121266717.863914,13623124682.204208
1606694400,612.2637856122055,69576210026.93625,18811269166.61186
1606780800,589.5818443540976,66950738084.67838,23557071520.39523
1606867200,598.7606101,68153602806.21818,14839044995.297548
1606953600,616.5066616,70109767422,12249197831.015257
1607040000,571.1904316349736,64944263291.91259,14326184164.36095
1607126400,595.9194139680376,67764042949,11764206188.844515
1607212800,601.9689349244918,68483582708.01654,11453823478.195438
1607299200,592.3865066820175,67474119685.86511,10010900862.848228
1607385600,554.3296743,63305670197.47529,13501656447.613894
1607472000,573.8953091099941,65276424697.152855,14024278560.088686
1607558400,560.4542654076048,63759073874.73225,11590043392.322668
1607644800,545.9828352633687,62124158560.85701,11334198380.977062
1607731200,568.3587534073821,64655118180,9511330147.764025
1607817600,590.3244403029342,67134794852,9082894202.250328
1607904000,585.5418949360015,66629545532.422066,7794572085.232029
1607990400,589.0668316450424,67041487308.61978,10160486192.82214
1608076800,635.9618893796135,72301103108,14781462845.092134
1608163200,644.0652701929779,72955533475,19729196033.853626
1608249600,654.4204162965752,74135277407.04251,16512361338.574877
1608336000,659.3188076372094,75092677592,14703775003.28234
1608422400,639.5154368778184,72618785346,12845420666.191206
1608508800,610.4270278980672,69545799024.42459,14563648896.243877
1608595200,634.9797234431858,72327947935.45154,11548425748.838194
1608681600,587.9588954992439,67468061368.13851,16795838161.84157
1608768000,612.8796570505974,69867514814.01097,15132872519.529186
1608854400,626.4567387784558,71422858091,13125875205.90394
1608940800,636.7423171944997,72391403991,14640527408.48169
1609027200,689.6598573269875,78833072066,24721301579.88044
1609113600,732.9570292975275,83575563402.66385,22707049400.143177
1609200000,735.5908981625738,83885243123.81543,17170428247.761232
1609286400,752.8559324490188,85790178023.44371,13293869466.928808
1609372800,738.6169381520413,84037694047.35515,18166112097.655663
1609459200,730.1473402196374,83294083323.20639,13843183079.15519
1609545600,777.6960653039432,88595346035.55156,20443662605.68775
1609632000,967.0005967288458,112525376104.65454,140906534190.58786
1609718400,1025.6547675669035,116693162132.74934,62285144708.39812
1609804800,1103.3582516225742,125112930227.72487,47148245967.40434
1609891200,1208.5750928728885,137306782958.13135,47886847354.00142
1609977600,1229.4713150147782,139084939665.71393,43042878463.81648
1610064000,1223.7296883535275,139145700786.27826,48132624602.86217
1610150400,1282.979575527323,147397891905.5662,34851118090.66404
1610236800,1267.7310031512136,1.44775E+11,44541377224.12463
1610323200,1092.9143378806064,124728988376.03725,67107873698.86543
1610409600,1045.406815230412,119330774034.78914,37495863245.02223
1610496000,1132.0155910164729,128582223216.03041,32166268470.073753
1610582400,1216.9147884634556,138240285220.32953,34339866026.50668
1610668800,1171.8600177046465,133962341262.37857,39499008134.408424
1610755200,1234.6318700828049,1.41369E+11,38277998837.56892
1610841600,1229.379698072007,1.42087E+11,35508914212.36928
1610928000,1255.976691513213,143378258827.21744,30802895108.229195
1611014400,1383.4840902277115,157929393133.71045,52274850962.437416
1611100800,1385.8529958752583,156457140894.28006,52021227614.32531
1611187200,1122.912432537305,130713677392.4996,49658518028.423325
1611273600,1236.6834427536564,140271927461.8329,48657448380.08583
1611360000,1231.176379704471,140773242456.76056,30774910632.149376
1611446400,1392.5397634449737,158167202909.14236,39913977039.25946
1611532800,1323.4295031020106,1.5194E+11,44124188232.248085
1611619200,1355.233724240999,155446593758.92108,40367492548.543144
1611705600,1253.141671558609,141774137750.6659,38752412145.036766
1611792000,1328.773619066556,152877389472.9714,32668893126.715786
1611878400,1380.2842591352105,158354114909.26474,49454503567.54182
1611964800,1372.427228964234,157410718624.21973,29581914651.14533
1612051200,1317.0474362291777,150322722005.1637,24723054987.874157
1612137600,1368.6644548123775,155894407853.50046,28544048877.677177
1612224000,1514.2251957516528,174557101587.54166,42952410181.632454
1612310400,1661.000824367477,189023794263.7008,42202356538.206825
1612396800,1587.8008991859367,183982328605.4526,42668487953.81155
1612483200,1724.8569083393102,196424150368.47876,39147540640.174576
1612569600,1683.941297865053,192164042318.95844,36776919163.51647
1612656000,1608.6405479857196,184109385158.1494,38849634841.44165
1612742400,1750.997553719215,198719063426.16904,45540524354.89187
1612828800,1769.053533934599,2.03103E+11,42127693213.60732
1612915200,1739.164209004836,199919369275.37125,40563120176.97226
1613001600,1782.5088691218523,203774834938.25632,33868453070.396435
1613088000,1841.1977507032907,210344318124.73236,36105354379.40371
1613174400,1810.8425457323726,207890872554.91016,33305061601.17683
1613260800,1804.9841464366498,207057026271.03055,30218599726.89195
1613347200,1775.758351701864,203972439068.60135,37652347195.44906
1613433600,1782.5753090505934,204528599567.24704,33252538989.620327
1613520000,1845.5739221567521,211713928319.03534,33582379213.069286
1613606400,1938.5694368074617,221863277318.4042,34799956643.698685
1613692800,1969.9797177628186,226038410300.14252,34796767875.96328
1613779200,1929.367692879665,221404545098.43417,44957939435.53464
1613865600,1941.4267676797988,223004310602.46854,33064349740.90669
1613952000,1788.6152102806425,204731064486.9056,53799590366.036766
1614038400,1563.9246059011416,179691686731.1511,62714754623.34122
1614124800,1628.391533792655,185843232352.39114,40313400449.155266
1614211200,1468.8601037286776,168658293547.98462,31736119376.25847
1614297600,1450.988746804119,167151176870.9801,36682073651.905846
1614384000,1480.1295768477528,167833687528.28204,28221473460.214203
1614470400,1416.661552837565,163289758568.53607,35420463945.47327
1614556800,1570.3996896340539,179885012253.05722,31604939381.863796
1614643200,1497.0891042633873,172017777678.2973,29049758216
1614729600,1579.4271687603093,182133382817.63593,30352405292.089714
1614816000,1546.4996211167372,177647949967.0106,29848246930.850037
1614902400,1539.0484290947375,176268279969.45792,28537887161.018692
1614988800,1661.9279698998157,191505024384.2956,31094969328.98433
1615075200,1727.463096224567,198695961501.5439,29416647567.957836
1615161600,1837.5330305439452,211132676701.59906,35353973627.380775
1615248000,1869.331102,214412034435.93906,31147565432.965343
1615334400,1802.3110916881178,207916309215.61444,31746963272.74199
1615420800,1826.0574768119818,210018342198.09778,31257932436.53519
1615507200,1770.9361793697751,203771682506.1516,28436574756.548508
1615593600,1927.7207203999014,222405459430.76758,32785949401.529545
1615680000,1866.0715447008808,2.15368E+11,26379565439.25233
1615766400,1791.047851830107,207264868908.9888,32950345872.852455
1615852800,1808.5512173614395,207059072434.72623,30686971237.08834
1615939200,1828.7548332342565,210150824167.56415,30744899541.009495
1616025600,1780.1596459528505,205022936620.98633,29651777827.921936
1616112000,1817.1329628084297,209188785173.5874,27345983317.046707
1616198400,1817.8601431294944,209455699202.5177,29495472699.399334
1616284800,1790.3780747526928,206013222508.0891,29228757710
1616371200,1686.8911971580417,195434685366.63266,31376731220.175137
1616457600,1673.8591835627929,192388701720.41965,28758919428.479744
1616544000,1581.631055931366,183005042939.6772,38413713634.36278
1616630400,1587.2979641585232,182810172113.94278,26325124557.630264
1616716800,1700.3668693581185,195511706252.9431,24804294373.644676
1616803200,1713.8378756834459,197943394049.89084,21118379279.876865
1616889600,1689.0367982059097,194647792269.71985,19859272131.74501
1616976000,1817.626388088868,209088522651.80023,32618518752
1617062400,1840.294951985396,212080597430.12268,28496809577.711266
1617148800,1915.8325358462234,221210690537.73203,28955571443.672318
1617235200,1970.4711995232753,227187483748.8278,32076778812
1617321600,2134.101788297294,246446284273.69153,35467665330.67185
1617408000,2016.6672472930366,2.3352E+11,34872897876.651085
1617494400,2077.755212422407,239721240194.1402,26817722961.480415
1617580800,2097.7963827792596,242118495324.83636,30867393925.630993
1617667200,2115.0554517461082,2.44306E+11,33391498272.783157
1617753600,1989.1480619041722,229324263726.26553,39604003543.54452
1617840000,2081.3540625398964,240116470865.16214,27145394978.191498
1617926400,2069.6677960855295,238825167325.68292,25076796421.07279
1618012800,2142.7960653929085,246336623343.47812,32243242817.777157
1618099200,2150.2651427927744,247431817683.18906,25369863410.044476
1618185600,2142.476275865736,247289165411.20078,29096213677.73583
1618272000,2304.3435163110134,265314823430.1463,35760747636.05728
1618358400,2429.6615277515734,281118122172.12756,43351853140.30176
1618444800,2514.1684155812304,290591950682.4659,37106765660.11614
1618531200,2424.5538447081194,280617563098.8275,43982805217.511246
1618617600,2345.266962776132,271060261616.9552,35627176091.57985
1618704000,2245.7607533508544,259329079995.44214,61890227351.97623
1618790400,2168.032726735651,251090482814.8267,40335730705.29044
1618876800,2324.2846872281943,269456185695.19864,44737302423.76558
1618963200,2373.501344298211,274296843910.20834,43726884251.94589
1619049600,2426.0711497906045,280712855517.3182,63343308067
1619136000,2364.2312036020908,273323480799.64493,69126869461.51704
1619222400,2212.8437976342047,258340689899.58817,35640594314.43296
1619308800,2307.355321,266776799157.93356,36744402576.60037
1619395200,2532.3868028851084,292829223558.3116,42791797037.03227
1619481600,2647.158189660288,306136280873.3804,37611597877.629944
1619568000,2748.7845851218613,317353332381.2044,42878743228
1619654400,2757.497552304977,318971242360.58826,38536865198.32878
1619740800,2776.703712,321155845972.33514,35477884578.62226
1619827200,2944.9169473185057,340730211563.77893,36721647718.00421
1619913600,2953.2973480804735,341953594507.36664,35727432415.51426
1620000000,3439.8550695192603,3.98258E+11,64192650586.42862
1620086400,3245.663148933579,3.80566E+11,78437235045.70189
1620172800,3524.562728476055,409191426695.66266,63552342594.19045
1620259200,3495.0758690360576,405355930465.5294,50430169753
1620345600,3493.534500000208,404284565609.95483,44980768421
1620432000,3912.7429165968124,450716254202.56744,60174921874.24125
1620518400,3932.754068170969,455448294000.9345,61625657297.19764
1620604800,3979.6086519212827,461040789541.05756,80827215918
1620691200,4182.790285752286,481380994613.09344,67869198116.36811
1620777600,3906.108903329409,4.65647E+11,78772032254.80873
1620864000,3750.3415950592753,431105320829.47766,97383442023.26581
1620950400,4088.731708,473724804234.6842,63587729060.25979
1621036800,3659.9218442136184,425715131137.06134,58150860876.149025
1621123200,3602.0048969299023,414265118099.5364,67531308123.83328
1621209600,3288.2298872378637,381161976477.9278,75100584776
1621296000,3399.0492796569383,390227141901.1161,59160464538.280525
1621382400,2505.014945945662,295232973801.7795,117905041184.06494
1621468800,2778.279660560299,322162621074.79614,92538167827.51727
1621555200,2419.1032171150196,2.79623E+11,1.15001E+11
1621641600,2306.371266867117,268503273693.00333,102524751568.4531
1621728000,2120.0373745099428,244070264760.92874,77839858613.53922
1621814400,2640.1596323488234,306046123107.58295,73496058830.83229
1621900800,2695.4778071496326,3.12566E+11,92468701273.98392
1621987200,2882.483407624011,334435114557.1313,53115222704.62064
1622073600,2742.990862697615,319404492002.5219,44070236220.034096
1622160000,2433.328865728611,282228507934.91974,49493519120.23643
1622246400,2294.626285512794,268672927561.12476,47141249182.27268
1622332800,2395.8532280027384,278270782653.56213,37392021393.940125
1622419200,2708.429865793973,314463232386.7883,44445830387.932175
1622505600,2632.6565998696506,306488816882.1444,39898648753
1622592000,2717.1540367097723,315313344228.8267,39148856525.29615
1622678400,2858.276702,333964598115.05035,38104663185.40115
1622764800,2694.4976666790503,312991097366.8545,39996583175.266685
1622851200,2624.7689150594238,302743417251.8253,34731979704.601685
1622937600,2711.5479390111605,315044778229.29706,29050162248.93885
1623024000,2580.5355800598445,299857516850.1987,37385872210.25046
1623110400,2528.022300878691,294068580258.7281,48344195673.521126
1623196800,2620.6253893038547,304761367058.1624,43973432438.082634
1623283200,2486.600068788676,289444120869.42664,33075957436.760677
1623369600,2356.6347741896757,272748408238.43475,26751786966.47868
1623456000,2379.991747950219,2.78224E+11,28235882061.70689
1623542400,2517.771695525423,292767118262.08405,29382118964.283043
1623628800,2587.381610979154,300405113218.4146,28128172338.347244
1623715200,2561.1883309320033,298324322330.12646,26803957680.025055
1623801600,2365.872786190649,274666655404.67456,26150320394.527775
1623888000,2380.744519633922,275415199641.5411,25708624827.013702
1623974400,2231.554315497782,260039646334.19235,26204484920.993828
1624060800,2176.308536317709,253396709038.79898,20456963374.959637
1624147200,2251.5605593660407,261478202409.18997,26235850446.54907
1624233600,1900.1222998935382,223202708788.72086,39499960408
1624320000,1875.3576944712033,216876757208.59253,38755019936.85197
1624406400,1971.1059779809414,229518675836.76538,28098744044.509525
1624492800,1990.0761511910587,231644258719.40115,22447489241.67468
1624579200,1833.4631609981645,213871849531.6296,25981381067.41728
1624665600,1817.047665540675,209989265221.48502,24249510320.705112
1624752000,1973.9268648383472,229354016311.0035,24316408028.131123
1624838400,2087.5187237874175,243040539437.43396,30629329805.72042
1624924800,2169.400067865984,253607549372.41992,27149143846.958942
1625011200,2279.354161419647,265951575833.03497,29046221905.503418
1625097600,2121.657900633364,247210647940.18707,25874247678.48856
1625184000,2157.880584866453,250754468066.2188,22869223901
1625270400,2228.532398568573,259079167729.78622,19954299562.699074
1625356800,2329.004750998825,271472550895.4458,21119209512.99698
1625443200,2217.3018530598792,258719784082.81683,22592756940.415127
1625529600,2320.654929,270697947572.19247,24748897613.709663
1625616000,2317.236943,270116728160.1227,23352988376.91004
1625702400,2126.4424673902267,248124573571.6789,24133566100.864506
1625788800,2156.5809569525845,251611015863.3228,22262234450.01033
1625875200,2123.0585974934124,247860822594.06396,18091111748.440804
1625961600,2144.0142572722566,250027222000.60455,14249909363.131065
1626048000,2042.4991866143628,238086643137.17004,16403901753.797194
1626134400,1944.3950166372085,227135827760.92883,18210922217.703205
1626220800,1997.6633136705987,232939479730.00745,20007437043
1626307200,1910.7269516309964,223534356736.75906,17978198759.76909
1626393600,1874.2002496808186,218477848474.5608,17448403933.724445
1626480000,1899.8427500663568,221838551362.95905,14920352990.216908
1626566400,1905.723382843169,222305469349.28598,15355055465.803198
1626652800,1824.929392091902,214106247241.3399,15768554506.425838
1626739200,1794.973425186835,209392844466.0158,20634025154.91444
1626825600,2003.7239214521073,233005814487.5354,25849497421.028152
1626912000,2027.5334479167045,236554595198.76672,21655718476.41885
1626998400,2117.154607794504,247068794868.14566,20760571836.05241
1627084800,2183.627414557696,255023351844.8617,19333415460.111233
1627171200,2209.4993601030114,258067996305.1722,16557827418.503304
1627257600,2230.212067673471,261543645427.02673,35197538271.146904
1627344000,2292.579636803809,267339757878.51932,28862032737.553215
1627430400,2299.689405936291,268838784855.6686,23171592869.594303
1627516800,2383.443259961735,278785893426.22424,18266719970.961597
1627603200,2462.3999826480103,287344044145.01373,24040211451.365524
1627689600,2541.674599365905,297505707149.10004,21579519281.279892
1627776000,2555.408178513038,297290528238.90314,25689002090.279446
1627862400,2611.6730699481845,306483554365.1923,26664958251.58228
1627948800,2521.268474889094,294760000421.45154,26304380467.43418
1628035200,2724.5322427136302,319613239659.44226,29356647318.25012
1628121600,2821.649692746136,330223699956.3277,37970347683.56547
1628208000,2888.7322742752317,337961452767.8669,30876444992.275696
1628294400,3151.2175169176753,368235028077.73975,38870720439.186905
1628380800,3012.3085592702105,352872000029.7298,34209269717.32262
1628467200,3163.0646551948857,363242219000.13837,38510599666.551865
1628553600,3147.842995401753,368146417310.3951,30456934757.02111
1628640000,3166.6472179679286,371120421692.36896,28540625893.874588
1628726400,3048.4126816864195,356667351344.9034,28111908833.730755
1628812800,3323.197991,387650495386.42346,25989682659
1628899200,3268.5481770314927,383333523376.4307,21723717067.76398
1628985600,3309.7549104132368,3.87075E+11,24412292890.901497
1629072000,3153.583683763619,369733082268.3038,25922917846.046463
1629158400,3007.1440271712713,354390048289.18036,28303010380.704197
1629244800,3037.230251196439,357527359807.9584,23192419118.647858
1629331200,3144.8184367851927,360685430760.7975,20590444717.44903
1629417600,3276.9698366433354,383483277312.2806,22079051284.799744
1629504000,3224.0004601521537,378500212583.48236,19339185909.36738
1629590400,3243.4863583537394,380718215752.5816,17023426890.400778
1629676800,3320.4091697810586,389578100858.59686,22119621924.56181
1629763200,3177.6637963046905,3.73455E+11,23531754575.679913
1629849600,3231.4414517287996,378980836224.52765,20438475652.044525
1629936000,3122.971797237849,367860898491.3749,18755498273.80065
1630022400,3267.539434750998,383644799228.1656,18470749435.075993
1630108800,3245.430222387629,380750077080.94684,13957284069.585827
1630195200,3233.383151693551,378786220548.79956,14110206249.483368
1630281600,3232.7338632854617,378977088509.6317,21741061738.593838
1630368000,3440.5623358869034,403657783560.1046,32201644522.644287
1630454400,3790.6139962215557,4.44243E+11,34465100677.998825
1630540800,3793.3007433464186,444936758974.6008,28115776510.367878
1630627200,3936.1633916244464,4.6202E+11,30463347266.426533
1630713600,3894.937511605067,456929768632.2518,24002848309
1630800000,3950.270344526561,463973074693.0737,19760598542.300426
1630886400,3943.256785301908,463012228435.44434,20190616165.855145
1630972800,3440.3417568365676,404516339491.4938,42541561062.44531
1631059200,3496.859022996073,413866162089.43915,34175479497.51584
1631145600,3435.979933,403936419964.8866,25796050344.025276
1631232000,3209.915696090501,376789025177.2447,24111446202.204918
1631318400,3268.1041621348804,383321475836.21576,19742335705.039883
1631404800,3417.839366766938,4.02835E+11,18149841767.144417
1631491200,3301.186776828727,387934440817.1596,25897933725.98018
1631577600,3425.2508733748823,402557959131.82196,21080767347.82575
1631664000,3595.9625714292315,421477522819.9356,18985547836.191357
1631750400,3573.3075160249905,419510540250.7301,22391476966.877094
1631836800,3412.177182421673,401297385415.4547,19039612529.444134
1631923200,3427.584262,403306688199.6298,16278153590.132133
1632009600,3335.884886514119,392513622186.47833,14500103698.494116
1632096000,2977.3226793404747,348966852277.93604,28477674119.56528
1632182400,2744.111,322261202754.7664,32062935710.168865
1632268800,3074.119761245824,359840797180.9415,27084409011.05875
1632355200,3159.269865581771,371681653192.37537,19536554032.084408
1632441600,2930.7427060738946,349627373001.0197,28504692815.75815
1632528000,2946.9708461401983,347010586155.9232,22533679023.57236
1632614400,3063.316345,359680654321.7558,24916718280.69273
1632700800,2939.742282853775,346015184170.8788,20890327693.72457
1632787200,2798.9844172601042,330646942649.06793,18975426962.499523
1632873600,2855.6117305265157,335476370747.3378,17522543131.581055
1632960000,3013.4932320320772,355017980604.5097,19400423828.622337
1633046400,3305.107041443724,388950236002.1381,24368105704.246353
1633132800,3393.9242492696653,399455864987.66345,21335051735.331825
1633219200,3426.387080851377,403971441903.55585,18130363405.685154
1633305600,3390.310407759615,400955543856.1877,19898468513.475533
1633392000,3520.3422566393974,415494260964.53455,19024921944.49268
1633478400,3592.1761295000256,423560000564.3804,24709364134.235626
1633564800,3594.918357967647,423610266229.8694,21186801824.571068
1633651200,3558.549577083409,419918377734.5956,18144469093.779636
1633737600,3588.0809215501645,421836191767.0316,13815631715.44782
1633824000,3431.0193069150096,404765054558.19244,18106607784.26291
1633910400,3537.840087124068,415159189478.8265,20424407322.58066
1633996800,3498.1052921206597,412579624206.76843,20207646949.24054
1634083200,3605.6503342981764,425077639326.6074,18300885349.637314
1634169600,3794.516888224821,447060207235.15424,21679175672.91577
1634256000,3885.641764529699,457796523350.2234,23144188055
1634342400,3854.498461449342,453064999520.12646,18154520779.65643
1634428800,3854.223686940845,453191180361.09015,17263171427.44574
1634515200,3752.618727,443346920004.58325,18931081929.44796
1634601600,3884.5872952429017,4.57654E+11,17449609317.97657
1634688000,4170.107932886265,491589810670.4509,21926381355.419468
1634774400,4074.8601575202883,481528471021.37964,50122173541
1634860800,3990.711976433473,471642481174.71185,21674013294.746418
1634947200,4179.442298,493125402509.4343,16499701301.345774
1635033600,4094.9389934187225,482164548780.28937,16494229912.456104
1635120000,4230.208371594039,499491060520.2567,17031857290.344103
1635206400,4152.570288731245,489450382752.54156,18925943956.175625
1635292800,3944.090861781322,466683206492.3765,28770879596.15931
1635379200,4288.097219,505970778337.4693,29989860066.02069
1635465600,4422.940535593754,521746545883.6817,25462638679.97447
1635552000,4324.6099257118785,511066583044.32874,15937401968.575453
1635638400,4292.040472,507889381626.9908,18516249996.186913
1635724800,4330.553151595248,511441678721.3504,19235929520.306248
1635811200,4596.593091,5.39885E+11,22135519614.732147
1635897600,4607.699273078144,543311992233.9774,22744538221.14315
1635984000,4550.014435142697,534623910067.6353,19583405367
1636070400,4494.802761,531116824617.7209,16182205113.440348
1636156800,4527.104154150622,534139628777.6332,17697965751.156593
1636243200,4626.6292884486975,546469946549.37506,14665949273.051767
1636329600,4815.004634322234,571665766496.0859,21226347241.356174
1636416000,4742.080911,560964266378.8303,20669583046.287785
1636502400,4641.528764849704,548699344220.5352,25152889711.576366
1636588800,4732.9244503493555,560226056358.6504,19048319256.420074
1636675200,4685.106356,552938385233.9376,20883749031.792934
1636761600,4666.498498194288,551228905630.0963,13954188613.807226
1636848000,4652.947394238871,546963335748.59625,13927559432.546179
1636934400,4583.211418759011,541673876615.1028,17939105212.670113
1637020800,4243.352906802173,501391963927.7868,30162258591
1637107200,4302.804958962834,507387229348.5558,23532734478.929985
1637193600,3993.846595161859,472465696561.25507,23825764061.571724
1637280000,4317.603195646166,509116804761.8423,21398451638.777546
1637366400,4436.192766930451,524536655944.9339,16407598047.996004
1637452800,4319.361566856902,514388218179.73724,15090104727.278082
1637539200,4101.062876490145,485391988431.9048,21563803786.49851
1637625600,4355.420957796475,515843824526.39667,23393688031.318764
1637712000,4269.437219728043,505609296276.3257,19881953842.36485
1637798400,4515.843300142739,5.35082E+11,20241529505.687588
1637884800,4048.3128440761725,479414339295.46326,29276733766.839596
1637971200,4084.0884856959556,483997326749.38934,16500509901.66011
1638057600,4290.091862536401,508385171334.4435,17408610005.868984
1638144000,4444.528279821561,527331112023.3339,20150915710.995937
1638230400,4637.121616831405,549758919636.0618,31531135168.773865
1638316800,4589.610617539151,544051345075.8544,27957934803.559887
1638403200,4519.441028028784,537814995667.8384,22586539837.216267
1638489600,4240.155516808957,502863051143.01685,27620915094.003757
1638576000,4101.656791810778,485429065737.4593,40547950440.47308
1638662400,4198.572874562462,497049834886.77576,25848780907.958004
1638748800,4347.615630598069,515778007028.56696,30676805365.753136
1638835200,4310.566646424531,511409310852.7245,21808603058
1638921600,4431.540647139759,525850414062.19104,19661953642.45195
1639008000,4153.333310724186,494841071220.93524,22680202938.506203
1639094400,3918.200743402953,467266449092.32294,26799083668.888447
1639180800,4079.814930569866,484278596802.5053,19796149221.596004
1639267200,4135.841510137412,490316653455.3707,14046344322.674688
1639353600,3782.8952622347147,449137302105.9432,24089144863.40074
1639440000,3858.1644681806974,457658155854.8058,20766055169.54314
1639526400,4015.722543,476630620294.2814,26881290260.577652
1639612800,3971.5597663421136,471365651341.3005,19166579837.021267
1639699200,3886.7473617182886,462267569583.3989,23209497898.091805
1639785600,3966.4253516705508,471195598700.43604,18728700443.97014
1639872000,3928.8417238716206,467396185408.52454,15960000522.484169
1639958400,3950.4823919860964,471319155562.1543,21439121593
1640044800,4036.549717813428,4.8057E+11,16630181836.72027
1640131200,3992.5945766373156,475334762859.67194,14022344430.178228
1640217600,4113.529931874606,488290658809.1535,18571462177.267685
1640304000,4055.1173669313243,482498690510.26416,13351470832.627863
1640390400,4110.571870853741,488792890035.21063,11869342790.219467
1640476800,4075.031619,484795501758.7465,11815773894.02084
1640563200,4045.051350119327,481030381194.1921,11725230819.88359
1640649600,3807.3603674991996,453976220406.2239,18009599978.903225
1640736000,3644.405516878227,432082393736.3374,15528813680.462475
1640822400,3714.945456115339,4.41654E+11,13445245167.227766
1640908800,3686.4025423019352,439790867552.76666,14298378834.359474
1640995200,3780.315874327848,449804685410.7303,9948120591.378103
1641081600,3835.3959914939574,456852400304.9327,10069690529.898535
1641168000,3769.4049401148714,448609586227.47644,12462872357.255108
1641254400,3794.908130100449,454574318762.6068,13853786397.222265
1641340800,3556.9062274078738,424088794962.4891,18782873941.21831
1641427200,3416.8260086159135,407652437129.1328,24467182063.00624
1641513600,3201.794574,381283293110.7904,24359369448.53183
1641600000,3101.0409016141402,3.69734E+11,15966769090.792395
1641686400,3156.967262159481,375219467789.3698,11906478540.265388
1641772800,3086.7290024387257,367654760059.0176,19655314714.55994
1641859200,3246.413723028553,387505881839.82996,14922195360.075489
1641945600,3378.0358951715943,402763358249.81146,15285972614.67417
1642032000,3256.7588661330324,388039946028.0792,13999771252.160748
1642118400,3311.986061274383,394664610644.99524,12316286854.849726
1642204800,3331.246655159985,396899234936.6389,8659658467.059889
1642291200,3356.2954438590405,400232172277.67896,9002833937.226437
1642377600,3216.592980619574,383428420242.12994,11938682376.103683
1642464000,3166.4539115046164,377918294939.4783,12700158860.46528
1642550400,3097.0214660626802,371296193085.12195,12762451059.939085
1642636800,3015.588777543836,3.6058E+11,13389582889.566511
1642723200,2564.3433423740635,306644499897.7337,29314647992.596836
1642809600,2407.377851608285,286799916366.57184,28250265353.796116
1642896000,2537.836727861043,302626363351.5348,17123741957.54585
1642982400,2447.831512095295,292022326101.0083,28735520619.97796
1643068800,2465.21923,293702336549.67474,16139625164.237488
1643155200,2470.4304120157067,295723346868.75024,21415081805.12725
1643241600,2411.863855325421,287829476402.6202,16482912982.01206
1643328000,2551.1110735194716,304305302571.33734,14326314172.126577
1643414400,2603.603872339056,310059710546.2545,10742621684.922014
1643500800,2610.1824055910874,311602914058.75037,8937393969.826124
1643587200,2689.2208672204492,320354563857.1168,13818587053.759966
1643673600,2797.434855273681,334032944115.64844,13176431108.286674
1643760000,2690.319739476765,321296521004.9529,13860391591.281128
1643846400,2667.256728215686,317503695895.34064,21844552552.403343
1643932800,2993.0994395135976,354558118293.0548,18766789788.28106
1644019200,3018.6733981571506,361600442694.43896,13036212065.007109
1644105600,3062.8058084507857,366038313761.43805,9025772577.382162
1644192000,3149.953285509783,3.76351E+11,14427983727.88122
1644278400,3127.438106740214,3.74044E+11,16856365272.811357
1644364800,3240.9210444877285,387321193246.79065,14005361496.44425
1644451200,3081.911501840844,368377710139.77985,18990367974.117947
1644537600,2930.5631692063735,350133590835.08734,16560032290.708168
1644624000,2918.0853674291184,347517755313.83966,11367427285.455873
1644710400,2889.235678281073,345252969326.4971,9020562479.291342
1644796800,2935.6454998606846,351368910987.00305,12117644856.003006
1644883200,3179.3002065350443,381791121976.2447,14189484930.460047
1644969600,3128.640780542462,376071884044.5087,13120593628.157278
1645056000,2881.613122162859,345252572787.0988,16242836366.095669
1645142400,2792.3038477186237,333997569707.84204,16064045339.56507
1645228800,2768.9716520348597,330814655802.00714,9956229564.570753
1645315200,2632.491399,315015971538.73315,12215462928.563446
1645401600,2574.513383778016,308836894427.69006,19206327576.145523
1645488000,2644.153655546016,317004525462.3889,16856627508.447924
1645574400,2594.700959110155,310997586955.65283,13713218952.651205
1645660800,2599.9335696870216,3.11534E+11,30992409365.835472
1645747200,2771.890509646429,333625150661.6757,17751279835.572117
1645833600,2785.3389569017427,3.32645E+11,11984293384.913609
1645920000,2629.483121,314566178973.5596,17309819254.70233
1646006400,2919.294962425658,349056335389.1799,19832961026.345818
1646092800,2977.276039756805,355855644056.71844,19012291817.365406
1646179200,2953.315776286441,353807222059.12616,17023997910.606855
1646265600,2836.9063366005576,340585349633.38696,13786702924.254955
1646352000,2619.356137634489,314336377085.58026,15538211354.189482
1646438400,2668.705979,319334318240.9434,8652610729.437431
1646524800,2558.359874049847,306675297178.70435,9377488374.702219
1646611200,2498.658864965217,299834957580.4126,15295190068.57191
1646697600,2576.6271539947625,309291567872.3395,14681251925.804962
1646784000,2731.037685293996,327144318378.6509,15208159162.669767
1646870400,2611.4647225047097,313054369877.37134,13843643777.451271
1646956800,2562.8323535359655,307992205234.7309,12313723771.430836
1647043200,2579.4581356883637,309539252974.5316,6288630630.865574
1647129600,2518.492845270615,302103577555.32056,8570037700.961715
1647216000,2591.5420409591425,310467033555.37006,10951215810.637651
1647302400,2620.363852420936,314931220494.93384,12439580087.508198
1647388800,2771.759457292368,333204590005.1927,19785262485.166782
1647475200,2817.401074966818,338097336083.8262,12593189074.637096
1647561600,2945.7459101862714,353539105454.5327,14540256794.800894
1647648000,2947.226158224087,353770129278.67426,10359721811.614828
1647734400,2860.641960901919,343170506313.24133,11304953073.460001
1647820800,2896.5869324317464,347666776668.2674,13890729058.80007
1647907200,2969.784984,356813271188.88025,15671928047.784338
1647993600,3028.8352577107285,3.63716E+11,14257143986.39263
1648080000,3106.657023584939,373177111114.7027,16202188701.767122
1648166400,3106.072054158695,373074920726.7511,15532463157.18736
1648252800,3140.8757105064406,377825418684.3759,7615867102.157496
1648339200,3285.1730967305425,394486853105.0086,11980084883.788645
1648425600,3328.9341246867148,399977979554.21063,18514225350.60662
1648512000,3401.184431040135,408153998267.8274,17936369661.586555
1648598400,3383.7887617814154,407460530687.7479,14183468638
1648684800,3283.3028425717257,394628513775.2061,16222256121.186861
1648771200,3451.1960908672754,414854897478.46454,19701116865.137077
1648857600,3440.3362384891684,413595262456.1556,22091140764.533768
1648944000,3521.5847247785246,423410516389.8548,14019828281.404171
1649030400,3520.9671175043636,423367935034.98956,16925919013.954468
1649116800,3422.9698837547116,412944890807.9602,15114055501.97898
1649203200,3171.371104498954,382808702033.7895,26109763334.73009
1649289600,3232.834988999582,388867320187.2107,16149775914.530878
1649376000,3192.0250912893603,382662893229.3914,17523939555.353264
1649462400,3265.938067729151,392551461530.81824,9316769844
1649548800,3219.159553453764,388982079663.2629,10005373137.102016
1649635200,2992.7021064252435,360149250762.0514,21142997359.75918
1649721600,3038.209421996366,365661388410.7189,18977679663.55036
1649808000,3121.399823462041,375767680796.0061,15452917855.24062
1649894400,3023.417211885316,363962080917.9128,15895586504.785799
1649980800,3045.428075,366695398817.36127,12543243551.278517
1650067200,3066.3580141449797,369787917596.8767,9063939048.316748
1650153600,2995.719421019825,360748880962.95123,9543306566
1650240000,3061.8905711469047,3.68758E+11,18188817400.079117
1650326400,3104.688447526111,373782979942.61957,13472639207.148006
1650412800,3079.6764776018495,370910549448.9755,15155965878.384497
1650499200,2987.4888760341605,3.59918E+11,20529419340.296413
1650585600,2967.085285238213,357702343019.6129,16155619718.968117
1650672000,2940.6879777714407,354358143094.8383,8633203958
1650758400,2922.901865199808,352895958715.2752,9196851418.265764
1650844800,3008.336347,362590296737.94165,22037549638.799118
1650931200,2806.748835957046,338098235743.8579,17750798288.906208
1651017600,2889.5922230230817,348355348857.35516,17036298768.907473
1651104000,2932.455083612903,353388170472.60077,18249410920.251778
1651190400,2817.4898821916195,340291788026.5969,17902735173.807156
1651276800,2738.1741359527714,330211251741.10095,12618462103.401344
1651363200,2832.513106895354,341626180826.6119,14489173444.820097
1651449600,2861.3723755560436,345080135066.0433,17701813870.710365
1651536000,2786.0472478011084,336655132684.7217,12836324477.777216
1651622400,2942.052313122658,355229761723.3485,17336934449.712643
1651708800,2753.936566546688,3.32104E+11,20868783132.923206
1651795200,2699.7072470893745,325971900416.40796,20516541977.493565
1651881600,2641.229106940243,319030900103.94275,12528069434.498928
1651968000,2517.8299224886478,304412453306.29724,20582973186.12796
1652054400,2249.8909622207443,271594796946.79037,34392685561.846504
1652140800,2344.797715643986,283082341315.2594,36844564808.016556
1652227200,2080.910243657776,250066823474.8895,46548009611.49195
1652313600,1966.6991711336661,238137944005.85858,41621733327.158905
1652400000,2010.214051125259,243391440608.9294,23979529161.232746
1652486400,2064.229357512243,249319115268.20465,14395772634.811949
1652572800,2147.047447880575,259350256988.01163,14395455889.043333
1652659200,2025.8886983912162,244741893933.73114,20068743681.95205
1652745600,2095.178884796724,253640825085.77072,17005002529.405003
1652832000,1915.1771232664505,232056327519.7834,15892119501.206236
1652918400,2023.8482593608173,244359004842.60373,17828306698.714794
1653004800,1963.9909395294865,237366807798.8157,14638100162.773735
1653091200,1978.1471325624789,239102942424.56775,7551508571.492984
1653177600,2046.6463496545232,247730054115.44598,9623174527.738039
1653264000,1974.5811944790914,238722810744.1854,14627311157.92938
1653350400,1979.770545006472,239375431792.86758,12880481567.942186
1653436800,1944.8428445072448,235347664835.4594,12554611854.439222
1653523200,1807.9694742881136,219247293980.15558,22669347246.961388
1653609600,1724.8757340323443,208622909553.50162,24344535948.91357
1653696000,1798.6948545788846,217791356992.8858,12004308559.066864
1653782400,1814.9831598025937,219535934457.98206,9767849361.351788
1653868800,1995.9364841552344,241204871683.00946,18803016950.09315
1653955200,1944.078766836179,235235428449.11987,17409076011.07384
1654041600,1828.8926546074292,221596716649.26758,19904831726.00975
1654128000,1833.089840845753,222487488380.58923,16444980823.786707
1654214400,1776.979907458187,214879733566.94196,15012416794.069233
1654300800,1804.2616695112486,217832477905.49496,8295912403
1654387200,1805.3313949894373,218561175507.6209,8385254999.857006
1654473600,1860.1813068416047,225224111085.68793,16623006597.793545
1654560000,1818.3877119829308,220727955347.00992,23647547692.445885
1654646400,1794.539625671828,217320792647.69748,17712874976.607395
1654732800,1788.4182866616045,216720355679.05618,10469080004.414614
1654819200,1663.844367412088,201384347491.6296,17639990086.322327
1654905600,1530.0386174317211,185302828001.8518,20409428648
1654992000,1454.6867601728409,176649606143.59042,22843765038.754616
1655078400,1205.5952855404787,146072737222.6309,47571733027.00858
1655164800,1214.8662649132034,146866764082.71503,32772246927.059067
1655251200,1230.3643353556051,148791271623.67947,39679810344.68712
1655337600,1068.6035748646073,129200159744.2964,18016510161.232018
1655424000,1087.8139244584365,132057112459.09528,14067259810.778109
1655510400,995.2525692707909,120148911164.20312,21112670623.39463
1655596800,1125.7540917942745,136214925416.2125,21676867429.837547
1655683200,1132.0543935828048,136360308696.36774,19817753726.316406
1655769600,1124.5613920165545,136466936749.80061,14838197887.543182
1655856000,1051.0740681589236,127762640725.99548,14331217471.338781
1655942400,1144.4807534808065,138845063633.00702,14247953151.150192
1656028800,1229.3040854466553,150370804175.61023,16288488163.424995
1656115200,1244.2862044953927,150822450290.39703,11692717741.724768
1656201600,1201.237790641909,145727702946.91232,11375746747.404722
1656288000,1194.2245084746116,144903396178.83267,12044359298.246725
1656374400,1143.5335357209958,138578887988.78128,13181896477.373173
1656460800,1098.9055176105344,133275228451.34706,14755440934.326208
1656547200,1057.6309990608017,125647331913.1351,15402670572.44401
1656633600,1068.8194401301964,128274306967.60861,17420131787.73736
1656720000,1068.5415025999594,127772810160.63632,9601263305.049065
1656806400,1074.6073175787587,128552380046.80464,7939419238.560307
1656892800,1153.3483147880897,137709680960.0187,13827342516.34925
1656979200,1134.017069659217,135655130079.77824,15393490017.737787
1657065600,1188.725643,142216914175.49112,14422132961.962864
1657152000,1240.3784056617153,148622605231.4957,13170522513.182203
1657238400,1233.5146792602989,148022842649.44733,15346600702
1657324800,1216.8497068484603,145667751203.8659,7870254817.813988
1657411200,1169.012707661018,139844141994.57858,10374466605.406368
1657497600,1097.4494380477286,131363492852.48433,11693162178.034164
1657584000,1040.7971455029597,124831295049.54146,11555798332.527388
1657670400,1112.9207827012565,132986401488.71631,17936886119.90067
1657756800,1191.1308371103116,142767764050.56015,16474223860.658737
1657843200,1234.0991389763224,147677565536.3019,16817194904
1657929600,1355.04564,161839496479.48514,19025831554.91271
1658016000,1344.7202840019017,1.61551E+11,15797648344.457474
1658102400,1570.6589588642053,187518878564.43118,26437290054.27533
1658188800,1542.6298214332235,184299116474.0005,27749085857.707005
1658275200,1527.4139307593093,183383314168.63928,21728126383.56131
1658361600,1576.8252394976823,188807814065.77225,19411405082.967407
1658448000,1536.124922238913,183933879174.97644,18084368731.242767
1658534400,1552.4964891908746,1.85767E+11,14901008279.154797
1658620800,1601.2079670127046,192833875418.8718,16058331978.02615
1658707200,1450.4822852139405,176371406952.78534,19852493229.276333
1658793600,1438.9880382230651,172489862867.98703,17711985937.250435
1658880000,1636.9491814677851,195761014376.11777,22792557484.269226
1658966400,1723.5485206790597,206347207632.4567,27508245872.984703
1659052800,1739.0421771356112,210767555013.8352,21792598232.364918
1659139200,1696.7850982136515,203433082401.51196,14236780342.012003
1659225600,1682.011373614746,201684547325.2247,12894604186.287697
1659312000,1636.0185563573557,195962280445.4563,15515408282.681604
1659398400,1638.3786826572205,197496591505.0525,19414686138.72405
1659484800,1621.3413236364065,194280005714.29996,15548536682.141968
1659571200,1612.4189067269824,192923352504.82288,14074560038.427649
1659657600,1725.3826270211505,206550599256.62897,17717475728.243652
1659744000,1693.2965918360276,203417937064.14215,11231103244.36643
1659830400,1699.0064178886953,203847481552.73074,9464715954.716835
1659916800,1775.7013555270828,213209087779.66412,15566998953.351175
1660003200,1698.9661290126492,204260348576.8655,24284375402.607098
1660089600,1852.8785552656473,222103417229.72577,21699442049.07331
1660176000,1881.4274054352998,225973452853.74725,21837068069.82725
1660262400,1959.3309247187408,235254593664.57745,15849264839.752771
1660348800,1982.4118280514233,237972056306.98938,14816745160.91679
1660435200,1936.7011636052605,232593263080.43414,12172210305.158232
1660521600,1908.2776419059185,229440415801.9887,18310871317.455875
1660608000,1880.6001012594395,225581585656.9299,14240230761.887741
1660694400,1834.8264526426372,220665870251.26813,18427553152.35174
1660780800,1850.1112910473696,222652366350.8803,13363780756.798216
1660867200,1618.5325042633535,194817731984.87317,22687362580.095345
1660953600,1579.4157230953704,189621068133.33334,16404512934.336613
1661040000,1624.149982884847,195324471844.68927,14174702673.113022
1661126400,1622.307035,193708156170.03223,16648637311.974203
1661212800,1665.7919073919315,199889229686.9934,17182337491.18613
1661299200,1657.7936424663385,199117634174.20898,15322907185.334568
1661385600,1697.0769719636442,204240810436.6186,12905826689.355816
1661472000,1510.1891114840514,181238520850.37888,23170035981.438354
1661558400,1496.0554659420902,179887478326.98642,15440053448.984152
1661644800,1438.7470503278116,173645963258.54285,10575504871.684057
1661731200,1555.1774560415913,187437853967.29883,16528644851.715965
1661817600,1525.400116232047,184447549243.54855,19704720195
1661904000,1552.5629662281337,186670000430.8127,18596055350.613735
1661990400,1588.9803510869067,191078487039.94174,15076286516.891344
1662076800,1575.1766307276075,189678877652.6803,15857654357.09863
1662163200,1555.6740772078124,187266246294.68723,8500114333.500416
1662249600,1578.9493013433012,190082046955.22556,7827505125.483585
1662336000,1617.9354554854337,194714097035.8242,11815125728.969868
1662422400,1564.5589540302462,188733785486.0839,20860201644.41259
1662508800,1629.8832311636493,196797197824.30237,18560005397.32841
1662595200,1635.9321760130483,196882691710.49237,16676188643.15121
1662681600,1717.0769569840472,206873029263.2678,19418675070.680107
1662768000,1779.5190288833046,214315849498.72748,12521808520.701172
1662854400,1761.317355880691,211895058510.3476,11692754175.395372
1662940800,1710.1642908515214,205793007270.87155,16770566236.30973
1663027200,1573.2052136951713,189778580452.97882,22286700927.338142
1663113600,1635.3682061921256,196550513818.88647,17198033718.180206
1663200000,1471.999592516298,177918273632.48117,24787864366.63655
1663286400,1432.215807478607,172471655154.62585,17892819034.618076
1663372800,1471.2039553630448,177299639477.4967,10309763882.142286
1663459200,1335.8525523850524,161378107849.57123,14696599277.019012
1663545600,1379.920704526258,166370229681.14825,17757533838
1663632000,1324.1905646155858,159844149938.74484,13605986462.228132
1663718400,1252.7745621685783,151084586604.48166,18732743241.62821
1663804800,1330.7927929218301,160415097114.1742,17517188721.084026
1663891200,1329.558806730321,160823914264.80762,17599766731.24086
1663977600,1318.099347021849,159030822515.26553,11251326609.48999
1664064000,1294.0750952797787,156146367767.27133,10552647869.67358
1664150400,1335.1212051991713,160767471777.8733,15270197375.846754
1664236800,1331.1501769338627,160800122124.8998,16685874856.004007
1664323200,1340.0230594816517,161716193676.29504,16571161476.253872
1664409600,1335.7389706335669,161267455734.36823,11834328252.392088
1664496000,1329.1460320707963,160462955554.32846,11849125783.759304
1664582400,1311.2633244162857,158410068981.48102,5052407840.714767
1664668800,1277.901345279672,154934842225.90906,6227268235.758528
1664755200,1323.5040179722914,159951067075.9052,8749663555
1664841600,1363.2371821945037,164781680358.15567,8587836597.469869
1664928000,1352.5865243024869,1.63476E+11,8502549881.905833
1665014400,1351.4273691979538,163307579801.84253,10653358724.953413
1665100800,1324.8947380290601,160084472602.33664,9123112355.727316
1665187200,1315.857799905668,159083423929.71472,4942603337.902456
1665273600,1322.2697552193713,159586330117.54977,4753165267.937541
1665360000,1291.0816596695552,156180434676.1384,7492362032.739503
1665446400,1279.8833075472612,154657511483.1829,8314705467.191551
1665532800,1294.2710513882173,156488571589.45505,7512521119.536691
1665619200,1288.1640147020812,155703285133.85605,15374968702.824959
1665705600,1297.6276053223842,156801885520.45496,11792024290.983032
1665792000,1275.6937773947975,154496140301.9263,5743906844.859241
1665878400,1306.943118828839,157219790372.87076,6318629608
1665964800,1333.4408776301655,160690333948.33112,8639535764
1666051200,1311.8067255158232,158082173402.60727,9536615488.397163
1666137600,1284.654933702257,154808369275.81442,8128527356
1666224000,1282.0426467759612,154512893268.0924,8816030159.087742
1666310400,1299.8019052506386,156673724237.28812,8731620089
1666396800,1313.767778723105,158365108378.3375,4996733236.216461
1666483200,1364.4868713063736,164218113409.75653,7794024007.581724
1666569600,1343.334491985092,161858058865.06808,10789079575.113602
1666656000,1462.0489375629863,176051206695.99817,19624530679.956947
1666742400,1568.7475855708392,189173389239.5451,24505395072.046234
1666828800,1514.8635252533977,182723289741.9848,17752430680.403706
1666915200,1555.0292135813938,187324850268.18915,15641652314.210123
1667001600,1619.4295836277443,195052502985.67032,17044927217.751923
1667088000,1591.0517734961002,191500820025.9781,10366405350.250761
1667174400,1572.979514885975,189478578997.59592,14900137160.396046
1667260800,1580.3787334402593,190428736966.3317,19199900507.15055
1667347200,1520.6383643789845,183368006193.10986,27498708818.133373
1667433600,1531.112630741574,184398997533.25903,22537458293.692245
1667520000,1644.1928578089398,198053929735.65234,36953923774.760704
1667606400,1626.8064304933644,196264485041.5907,21174006976.119827
1667692800,1572.9477769721586,189763621397.94974,22195586345.876583
1667779200,1569.9886360033397,188875473098.02014,30344896841.852493
1667865600,1334.2879331082395,160813058133.9897,32343101742.62143
1667952000,1095.1839771132936,131794377265.61275,29253284762.659542
1668038400,1301.5538803074423,156380990539.85645,24039423467.45047
1668124800,1293.9115948871518,155222424523.53937,17355612789.319725
1668211200,1255.6010507578437,151059842003.22357,8636739779.554464
1668297600,1223.0064433283683,147426038251.7689,7719000328.307081
1668384000,1241.997092728311,149987178583.21732,12056844339.739658
1668470400,1252.7067308366848,151062413577.56232,8940477028.374247
1668556800,1217.7020892163014,146462319554.31644,8870530650.446701
1668643200,1201.7898419641292,144894942760.29672,7075882101.619532
1668729600,1213.49631,146145817586.6032,5600678512.529781
1668816000,1218.8936571112463,146971097131.67468,3722348151.0022244
1668902400,1144.2531525085535,137964810712.74976,6826180056
1668988800,1110.2882130124592,133733639793.52232,10372965080.612862
1669075200,1135.175811894246,137050514642.06917,9220536958.839794
1669161600,1184.4617581029652,142854533237.69275,9189536303.575544
1669248000,1204.2078028331202,145091739838.44122,6955523718.221009
1669334400,1198.9755884889066,144810246844.91675,5823202533.487156
1669420800,1205.6579602157142,145222050633.46432,5271100859.564753
1669507200,1196.1962195659255,144507830172.60718,4150923882.274703
1669593600,1170.115741471507,141048501904.6694,6467273323.741678
1669680000,1216.936420693739,146749281622.5983,7132972094.453388
1669766400,1298.94077,156777674228.40683,9889408117.518559
1669852800,1276.6393714030964,153787135286.89285,6400063074.120894
1669939200,1293.9480231782143,155766037022.93884,5644934957.241694
1670025600,1243.0408423289737,150322759022.75156,5183647936.284697
1670112000,1282.4164481394064,154484879835.4558,4842789176.374092
1670198400,1259.7575748565346,151960138515.5798,5795682744.772271
1670284800,1271.9354761263946,153112232020.5009,4765089563.175744
1670371200,1233.6250483990402,148778387852.61035,5392077793.333963
1670457600,1281.210637067264,154438830699.8818,5929103713.4824705
1670544000,1264.4773467215684,152405570526.73016,5743935111.263781
1670630400,1264.7922793495136,152480155389.30975,3136321665.2746277
1670716800,1264.317985551174,152290250844.83786,3179021750.4472365
1670803200,1275.332421155143,153743004467.3702,5107100671.713232
1670889600,1319.413007743119,159205793114.4748,8667920250.973438
1670976000,1308.4001523403851,157633274799.26862,8063349707.439905
1671062400,1263.7464240856877,152444818382.92126,6014960880.483797
1671148800,1165.9737772823325,140289330990.1754,9306680537.671982
1671235200,1189.4275215641987,143321475845.90793,4893469369.238545
1671321600,1186.7779210362507,143142028259.18048,3175705524.420867
1671408000,1166.9895905156618,140848456817.4131,4281620919.9824796
1671494400,1217.8888916641765,146802833364.30045,6463130153.512681
1671580800,1213.3431612255224,146039250786.06482,4086534541.450752
1671667200,1217.8525497108176,146741009624.09518,5190165001.535945
1671753600,1220.701744919786,147069822795.65387,4777025972
1671840000,1221.3595303484499,147173116811.52798,2443348024.2152143
1671926400,1219.286343216304,146840669268.71204,3694243212.8174734
1672012800,1226.2534148310056,147697269147.94653,3071221733.631151
1672099200,1211.819562063861,146030514727.00162,4221450706.7612934
1672185600,1188.7286638821608,143241827136.73636,5177421363.012343
1672272000,1201.5431060594274,144831301452.10547,4174715683.6280565
1672358400,1199.1104971711857,144611517916.40677,4110733112.8102927
1672444800,1196.6130648084502,144188788703.97467,2891351007.4251895
1672531200,1200.659217,144712215098.15164,2179799161.0385365
1672617600,1214.3789459253508,146443084804.90094,3845095582.093461
1672704000,1214.760969419338,146422424046.4976,3385566691.456905
1672790400,1256.4366037834864,151322902029.0838,6727208484.546551
1672876800,1250.7922522355914,150805231900.39493,4052351544.8201857
1672963200,1270.028610178057,153115414332.1746,5222706873.557585
1673049600,1264.8369433837202,152351777734.96948,2439388823.0572276
1673136000,1284.5754041342987,154857941332.0086,3401917835.2694077
1673222400,1321.676571173056,159397504473.27673,8615288094.160769
1673308800,1336.017071771777,160999220384.61914,6390063040.044838
1673395200,1389.7716620941067,167839113151.03107,6779329581.863201
1673481600,1417.134908743914,170890542806.26074,13360962683.072271
1673568000,1453.3769102089225,174798760594.58777,8386970426.225097
1673654400,1549.111474081304,187276048380.94897,15505376250.712307
1673740800,1551.324517175301,186901700956.48312,7074931051.0836935
1673827200,1577.725890482971,190122961411.69482,9434570734.551754
1673913600,1569.5308332272923,188982728685.09735,8482482040.670269
1674000000,1516.555475473704,183517931282.58932,11809477723.65587
1674086400,1550.5088875585636,186967330908.32364,6871702648.394773
1674172800,1661.3349193405402,200011161010.51965,9228892411.460192
1674259200,1625.9093109886562,195908718395.08084,9663018503.707115
1674345600,1630.8448549407967,196512572594.40756,8233555835.053316
1674432000,1632.9617267135266,196541663696.43738,9037743837.862547
1674518400,1557.0597608721732,187270576772.9432,9078639809.982983
1674604800,1614.6771850629295,194402223992.62006,11946053798.490387
1674691200,1602.8469492523193,193276131177.59738,10076436860.255999
1674777600,1598.4701935450053,192677648328.43668,9593062923.130283
1674864000,1573.0634394330648,189301295262.2017,6523949724.808857
1674950400,1646.5159900930198,198339307428.10373,10037370816.308008
1675036800,1568.647713,188787565951.33054,10977781767.502348
1675123200,1586.5395765836909,191042852121.47128,7544090211.946499
1675209600,1642.857168158598,197724834027.55963,9295116916
1675296000,1648.6796840768716,198613736403.15057,12542560274.342657
1675382400,1665.4278712238624,200784153460.47113,9528083087.520357
1675468800,1667.2716925637008,201099652782.7474,6766208820
1675555200,1631.3725233636533,196817854756.22067,8211226952.330717
1675641600,1617.144163289206,194725338782.41467,7825100535.008893
1675728000,1672.8226777758136,201779050385.86017,9180247306
1675814400,1651.4083786023796,199107556553.15936,8766845417.320044
1675900800,1546.383768658398,186306817307.09564,12447757846.416866
1675987200,1515.5340268615535,182839491763.3784,9882779900
1676073600,1541.9688769412712,185826666441.3843,6070233326
1676160000,1515.3346311806397,182722050130.99646,6128794710.192691
1676246400,1506.9162010135053,181589830341.34802,11573812955.970678
1676332800,1556.963484345393,187619568130.73468,11723184974.304256
1676419200,1674.858207473528,201595282287.4858,11079231384.245422
1676505600,1646.143501886728,198370400841.4434,13388835215.08776
1676592000,1697.0848665737892,204534589183.7981,10807323083.841963
1676678400,1692.518962831222,203613145994.36063,5863446679.020431
1676764800,1680.3786857000732,202999098993.98264,7499517187.119554
1676851200,1700.1986814992663,204900256888.84143,8435810846.264387
1676937600,1656.582369571119,199387951962.05505,9728814194.484383
1677024000,1643.1733937453491,198153971276.35593,9836391621.850903
1677110400,1651.850006691427,198619189860.05594,9698749201.902168
1677196800,1608.1034936538365,193773223390.3348,9609840835.076471
1677283200,1593.9519737908456,192056375721.21072,6117521125.045025
1677369600,1640.5827101943062,197696596339.3676,6357994998.206232
1677456000,1633.9766289833817,197018105507.06073,7916573299
1677542400,1606.632639454843,193276888983.6779,6883711562
1677628800,1663.925777294461,200476156508.34192,8672222866.055677
1677715200,1647.6646669077718,198520753673.54544,7930395056.206914
1677801600,1570.668210599776,189178795460.26093,11179316252.20772
1677888000,1568.4956010562191,189002414068.6852,4800994312.370927
1677974400,1563.2256620056303,188337456156.2138,62172854406.22754
1678060800,1567.3501465252189,188803304807.84476,6627693313.532333
1678147200,1563.8131822475007,187945419858.86072,8523808476.527845
1678233600,1535.2602520971097,185138878803.2572,11881879818.725237
1678320000,1440.1676618801841,173232609854.28854,10861201441.135424
1678406400,1429.6031691041849,172474466355.71472,14696381616.840977
1678492800,1474.403244,176915178456.41873,18345198261.395977
1678579200,1588.1968020530471,190440681263.21286,13967891188.499998
1678665600,1678.915634393308,202294154847.0903,65211714924.508385
1678752000,1708.300897366666,205738833552.65433,19833762797.583607
1678838400,1658.0701085663115,199607487558.33243,17257648020.36215
1678924800,1679.7924762080895,202411234958.15692,30201930394.76128
1679011200,1793.2988017342332,215660560704.77524,14459727611.041805
1679097600,1769.4253269123851,213123927233.32803,11976182095.296051
1679184000,1801.3674190114587,217844457987.9951,10745813975.10349
1679270400,1744.4414599600184,209763828559.92316,12973595973.359987
1679356800,1811.4112436682735,218008486913.68356,10831022955.199936
1679443200,1747.6400281141143,210285658211.08432,13820716099.501862
1679529600,1824.9566578949327,219518418514.19247,10980967034.937744
1679616000,1751.2194078261725,2.12073E+11,11601017881.786583
1679702400,1753.982636507409,211355889911.33264,8023849174.389528
1679788800,1776.867690456723,214528709136.8291,8417258785.455161
1679875200,1719.1709726748606,206685090340.53693,9757415238.165146
1679961600,1776.0436393298319,213909228254.6471,9548011564
1680048000,1795.5369478273235,216268184816.82077,10395388838.768845
1680134400,1792.9085783080432,216024475834.15308,10958214915.427898
1680220800,1824.0200055528176,219903281108.44144,10329452627
1680307200,1823.0003798253083,219561711559.00998,6199278060.289369
1680393600,1797.7369883938552,216494189054.4792,6679784660
1680480000,1810.466255484756,218499091537.94772,11141583996.17221
1680566400,1871.333525898643,225257854355.94864,11580514457.961863
1680652800,1911.3386899517511,230370056366.2714,11586484696.705976
1680739200,1872.2466823679094,225549620778.91388,9208408844.045069
1680825600,1866.6575447874154,224884695655.05383,9298216041.371656
1680912000,1851.0506710706206,223169245107.38303,5970294474.952573
1680998400,1859.9403872878142,224219517643.81366,7405572879
1681084800,1909.8820609415914,230201702660.8635,9639736045.970774
1681171200,1892.938911069582,227988460702.9362,10245367683.712158
1681257600,1920.2230311931223,231476399968.9067,13152150835.227224
1681344000,2012.785415162006,242284529486.34308,13956404022.579199
1681430400,2102.9461882949076,252719453976.0147,17899705467.092876
1681516800,2093.166331331955,251586840869.99887,9272832786.084044
1681603200,2118.5987891538853,253507799906.4971,8879608634
1681689600,2077.5356646371833,247900016291.37604,10818847581.540735
1681776000,2103.2788135921514,2.511E+11,10121134598.143476
1681862400,1936.4259207983632,231458322403.79388,15695628542.024448
1681948800,1943.4355981925776,233965107542.7419,12422352272.165218
1682035200,1850.1497384242152,222536195564.3714,13427480065.767443
1682121600,1877.5413280611456,226130094815.9329,7809497062.825459
1682208000,1863.6391422142244,224130103074.64252,7375382210
1682294400,1842.6307920871575,221819334333.29037,9177916724
1682380800,1870.5652231230274,225096171581.73505,9669740943.905441
1682467200,1867.5893250124868,224807445929.1713,16137081936.11856
1682553600,1910.456779102895,229940294581.2185,17307261170.94721
1682640000,1894.4280839501073,228152292773.13092,8853391784
1682726400,1905.2738522732104,2.2943E+11,5262009753.405011
1682812800,1885.3919353369215,227186562478.89902,7328083478.977482
1682899200,1832.725799406749,220608989107.97202,9673378163.522745
1682985600,1870.828572787594,225192198744.26425,8338110887.912115
1683072000,1903.7282107352776,229058202737.14035,8855867548.894463
1683158400,1877.4011950525364,226033834100.12152,7156399181
1683244800,1993.6129657474344,239911504424.29404,10662067255.96863
1683331200,1900.410599025731,228369002903.6794,11135926723.297115
1683417600,1895.2301480548908,228246618295.44156,6233921635
1683504000,1849.2886295625283,222406833247.6045,11496171817.833504
1683590400,1846.0642640231483,222246427487.22958,6373057170
1683676800,1842.865558834664,221632027136.72604,10471130832.935846
1683763200,1798.0719455262627,216323022928.9258,9217787395.589426
1683849600,1808.6949999015692,217659652941.87607,10530874714.299137
1683936000,1797.1994701376498,216032102439.73022,5150212384.025403
1684022400,1799.0086586150053,216439514891.84528,4914907456.467633
1684108800,1820.0447595407188,218513683684.05072,7655256291.360313
1684195200,1823.6630183475188,219562064257.98773,6283428506.7716875
1684281600,1821.050634709663,219124262711.37402,6647945218
1684368000,1802.3909554834493,217078808863.77982,6170212643.307527
1684454400,1812.1317035605853,218083824882.0496,5092669091.509588
1684540800,1818.9695295035847,218770214155.48007,3117917206.1060295
1684627200,1804.9290671072804,217302257173.6874,3835867355.2177114
1684713600,1818.4014644980855,218746186925.56677,5183573151.892912
1684800000,1854.1931182731782,222906967413.9726,7537701078.994168
1684886400,1800.736010305837,216837950430.06705,8000139188.961748
1684972800,1805.8057604056937,217194191610.31747,7459269403.375004
1685059200,1828.9565366197276,219969209232.79053,6245753617.103617
1685145600,1830.3066513168976,220035586188.35385,4068177989.6274643
1685232000,1913.8162493165785,230041639357.48282,7227287065
1685318400,1893.7142740897043,227805314887.09955,6762040908.702834
1685404800,1901.078310164527,228588229006.90048,6019457141.148654
1685491200,1874.694885027078,225483513769.4682,5930556982
1685577600,1861.7253869476187,223850958023.0443,6237923582.653606
1685664000,1907.2123218510073,229335461597.8791,6910486182.970303
1685750400,1892.0781764647577,227515751048.97668,3798117031.9435754
1685836800,1893.178280382087,227418753400.94525,4274226592.3982744
1685923200,1813.6816549003997,218224817446.19363,10887461193.43077
1686009600,1883.2425846255821,226225955928.72498,9540379707.014326
1686096000,1832.3204025034538,220285044251.91275,8474108659.099132
1686182400,1846.0300017820573,222012641423.25446,4854817113.536453
1686268800,1839.2080126581927,221018802010.85452,5093666796.918479
1686355200,1754.6732284106363,210950148701.20724,41417850678.713905
1686441600,1751.7245965042496,210604043872.2481,5031836446.183817
1686528000,1742.5960525666158,209462687695.93982,6731496663.213711
1686614400,1736.7894371674618,208703993936.8153,6798862284.580931
1686700800,1650.6766675535464,198559274296.62064,8025571357.471881
1686787200,1664.9774623940225,200099209933.71683,8283225649.8762865
1686873600,1716.3772810928574,206321573355.89554,7008799576.1543255
1686960000,1726.3728097349979,207595972780.22693,4859690685.481605
1687046400,1719.2731615068672,206730774198.4613,4084738737.028457
1687132800,1734.7931034426633,208507638780.89432,5770983890.906085
1687219200,1790.1904407317654,215060967094.14032,7900259127.350303
1687305600,1892.899571916819,227581626984.15152,12294793429.600212
1687392000,1874.1779470167141,225381084937.87924,9842202529
1687478400,1891.3450080216778,227419416441.5965,9303341351
1687564800,1875.0599619284883,225448939889.35513,4889178964.702732
1687651200,1899.1473121046054,228332438014.13016,7363880089.050316
1687737600,1859.8024196427973,223061316934.54123,9893270861.839865
1687824000,1890.0129037837075,227143144300.65317,8806434878
1687910400,1828.4583364007253,219923192180.68494,6821723542.735137
1687996800,1853.4452458749938,222892015037.67108,6609358548.632103
1688083200,1934.0457142617754,232417040695.4234,11695335269.509533
1688169600,1924.5672408676514,231096044843.46228,5763533551.087498
1688256000,1933.9598813832074,232373535009.1871,7183593046
1688342400,1953.7811276489165,234942840998.13855,9155212793
1688428800,1937.0004255391354,233226523011.07104,6067277571.219523
1688515200,1910.5052605097412,230045605241.41965,8180984490.329683
1688601600,1855.4747836363103,223411633998.65668,13544056615.640347
1688688000,1869.317187141899,224666147793.60873,8877609275.171074
1688774400,1864.8685919146383,224139520023.71573,5224435476.270515
1688860800,1866.9167424803986,224416034755.06198,2772113286.210201
1688947200,1875.2742726720535,225295266243.27637,8878301263.054636
1689033600,1875.8658719294942,225467256388.71954,5503014510.733429
1689120000,1873.5068153773982,225081147081.1057,7979716345.7745495
1689206400,2003.253616074307,240656450975.35602,12253238016.103119
1689292800,1935.9402407442033,232297518076.90158,13163947666.120016
1689379200,1931.389384157173,232081207333.19733,4430406660.749946
1689465600,1923.0359898160434,230847045457.2026,4551682234.721218
1689552000,1912.1228355695634,229772643177.76273,7684722413.234391
1689638400,1897.199112644643,227853365302.58752,9120475118.907444
1689724800,1889.2238055517662,227127167868.42926,8894957096.351507
1689811200,1891.0145054589366,227484313829.40802,11204166583.061834
1689897600,1891.4724028266849,227467577018.69775,6309767940.447504
1689984000,1858.3111958083061,223308803225.0452,5837098870.775477
1690070400,1887.8269808569783,226861079166.83176,6531824636.513696
1690156800,1850.431150587501,222318417477.21103,9438614856.624678
1690243200,1857.5965927470297,223476900309.93112,4329972808
1690329600,1871.5331057115002,224855185617.9887,7307465774.976813
1690416000,1858.777021,223413249190.37912,6626220422.969731
1690502400,1874.6939950760675,225320465659.74567,4775263924.223373
1690588800,1880.9180765299413,226074318965.13022,2990426323.771476
1690675200,1861.8699097932104,223813641443.30435,5791342964.545562
1690761600,1857.2761957628516,223177200443.95282,6106091989.307732
1690848000,1869.7451086679923,225952018918.58215,8990773317.298777
1690934400,1838.0119518760303,220936460217.74472,8178850227.510264
1691020800,1835.7013026752861,220768212248.9121,5908647350.667135
1691107200,1828.4611937761101,219476177802.69766,6229669774.689679
1691193600,1835.0705778421902,220487019493.58868,2952349825.885361
1691280000,1826.7067792702178,219533986979.75125,2992818475.645687
1691366400,1826.9334855730522,219422824381.99362,7660232552.642202
1691452800,1856.8441445120409,223111331723.6391,7498117030.737751
1691539200,1855.8907273266504,222992437544.13272,6010104016.055266
1691625600,1850.8769886993493,222411268370.8958,3733537744.9027367
1691712000,1847.5418351143242,222019374228.76486,3694816570.962365
1691798400,1848.505238656101,222069758272.72742,2215986526.7016535
1691884800,1839.5128095422053,220948326523.33356,3642424563.740612
1691971200,1843.5133910053466,221564238004.30878,4495324729.871393
1692057600,1826.9131281594616,219472776850.51178,4416612452.1140585
1692144000,1809.4604742643007,217444475880.3843,6472231164.689248
1692230400,1675.8621709457839,201482976932.07773,20962774898.104233
1692316800,1660.6791095302815,199322878932.42487,11856910739.734947
1692403200,1669.233454808334,200676423059.4708,8226872103.119698
1692489600,1682.461825140931,202267391138.31247,6156816706.795544
1692576000,1666.8404654985097,200439393151.86392,6712093708.842867
1692662400,1635.191294137295,196541301460.12344,10108448994.686905
1692748800,1679.123993491918,201763902449.85114,10823959050.709232
1692835200,1658.3996538851384,199312028651.97314,6850697254.402818
1692921600,1653.4293196573105,198709215180.56833,7030468153.067507
1693008000,1645.9049996794286,197789939427.44342,2322940231.9234123
1693094400,1656.9310584772875,199214693241.65775,2572900593.8254514
1693180800,1653.198566161456,198642500829.7732,4779399186.377881
1693267200,1730.1902578762465,207724452339.73706,15798207852.361956
1693353600,1705.1081032258105,205067943948.6809,7523425414.671642
1693440000,1645.1815254166893,197803774139.33786,11279510278.983656
1693526400,1630.6058904999302,196004320566.4386,9227778945.887491
1693612800,1636.1621989563407,196740112479.6953,3262521603.9087152
1693699200,1635.4030431134638,196612298871.42145,4542394704.482584
1693785600,1630.6275466678564,195725018396.24792,5906286578.073623
1693872000,1633.077003857269,196210323898.26404,6218544481
1693958400,1632.9024163463462,196288430172.85562,7246472222.521928
1694044800,1646.3050827277937,197814700367.66592,6834398037.677842
1694131200,1636.354258593187,196733382406.69147,7077406725
1694217600,1634.4459462937054,196524550291.2688,2588492462.723674
1694304000,1617.486179584741,194563248123.99646,6682429116.848482
1694390400,1549.8934231592937,186283839916.62595,12284774715.493246
1694476800,1594.9745013935253,191687080858.3302,11290460280.977287
1694563200,1607.736697039678,193243620018.56186,7824745808.137917
1694649600,1626.436340686946,195463813946.39197,8399894536.861646
1694736000,1641.9347582842215,197321595722.87198,6794504241.698757
1694822400,1634.4198849990876,1.96489E+11,4301244951.269605
1694908800,1622.478777,194894815433.29318,4510503165.4192705
1694995200,1636.6346089914616,196866517080.99243,9941458718.149675
1695081600,1643.698418,1.97579E+11,7059055142.620994
1695168000,1621.5329552921687,195238284476.48944,8720556238
1695254400,1583.824247006604,190533550315.61185,8689409317.938787
1695340800,1593.470154,191671036661.16183,5032536233.345791
1695427200,1593.1799744357936,191463785607.09103,2737157669.674098
1695513600,1580.4777945863666,190012572341.59976,4019151198.2509913
1695600000,1588.4711834402021,190754565038.93527,5882822941
1695686400,1592.4861256187212,191614654068.4459,4739690827.753225
1695772800,1597.4168102614992,192175393181.7551,5727217120.031466
1695859200,1652.196396535431,198707180238.38522,13122144914.120922
1695945600,1667.9888487709648,2.00591E+11,11095088769.99322
1696032000,1670.9989557571496,200867042112.70465,5460542606.6502695
1696118400,1733.8180349156962,208616290407.59848,8645520966.513845
1696204800,1665.2764251106737,200172602294.2138,14431074410.00186
1696291200,1656.3220030722484,199352909263.54996,7250285380
1696377600,1648.1933725281149,198232748756.17667,8175156481.925116
1696464000,1612.9948892467298,193905617404.47992,8787267282.127947
1696550400,1646.393402292886,197904394911.01013,8345308634.790774
1696636800,1635.0828552489816,196552291634.25327,3685199369.8299108
1696723200,1634.2216551482747,196420396270.57187,5142739595.525261
1696809600,1580.1777604853462,190023356509.71805,10498003428.260439
1696896000,1567.4582264892952,188607402750.23563,8495369532.839566
1696982400,1564.9162030441025,188207961818.06888,8015939736
1697068800,1536.812804708381,184921581767.45752,9246820572
1697155200,1550.9668729956575,186499171781.44952,7362297687.284468
1697241600,1555.4562079337263,187282206956.7056,3481897793.4944234
1697328000,1557.7608092483292,187396158882.85187,4201310278.827138
1697414400,1601.2321896426622,192317986892.35892,14887178566.969343
1697500800,1565.060587724063,188245637231.07706,7529155375.240333
1697587200,1564.0711872017082,188182177984.6937,7161437899.834143
1697673600,1568.3746833451946,188300682203.6159,8131899029.010305
1697760000,1603.9099355967796,192964601205.1603,10739505720.057476
1697846400,1629.2955293417388,195866648537.69147,6818675335.582143
1697932800,1664.5706380939323,197491207720.22275,8470836764.501468
1698019200,1764.9303085804013,212527885674.17044,23272549997.825783
1698105600,1784.773410988584,214740097898.5592,28137390855.35382
1698192000,1785.555149097494,214935538924.01108,15647597829.544785
1698278400,1804.1617691384567,216879040348.27588,19864145386.364857
1698364800,1780.5704118622923,214351226094.45346,12329788100.96478
1698451200,1776.3535658345309,213698048381.15945,5385051173.590621
1698537600,1798.1654135455137,215950565096.1834,6733870972.011415
1698624000,1809.639301345049,217544224998.03268,12283936341.051819
1698710400,1816.803148929945,218052557576.0985,10712345069
1698796800,1846.482230513473,222024443887.90033,18025272109.670574
1698883200,1800.9071798806326,216775540617.1553,15441869609.99988
1698969600,1834.1730567056395,220418913057.4458,12992122083.558926
1699056000,1855.454385276214,223507407757.97437,8686638673
1699142400,1895.9380660074166,227772620755.0978,12950158459.808773
1699228800,1898.5182255844231,228021051988.98962,12499005108.482542
1699315200,1887.315321843377,226838264619.02618,16015418080.253283
1699401600,1891.491779137154,227339109898.11093,11363875212.379084
1699488000,2128.6095039438633,255606798758.6788,43401498655.145584
1699574400,2078.853466304058,250188481452.51233,25647329729.074715
1699660800,2052.994586063755,246828307403.76895,14070951950.662403
1699747200,2046.0870799735535,246086372437.43423,9202824690.861519
1699833600,2060.5328561356905,248110456054.52948,21731324925.731487
1699920000,1980.5154306252414,238322049371.81366,21308023194.014256
1700006400,2061.635532253063,247252247163.20584,22504704552.247604
1700092800,1962.243839589886,235765269163.39795,23688548271.260708
1700179200,1956.5174321166123,235552986140.5357,21074972017.71192
1700265600,1962.6305661102026,236086751710.85898,13274234821.204763
1700352000,2011.1267210635335,242034207822.1622,11281190664.855837
1700438400,2022.3881475372507,243006229904.03055,16799253254.276203
1700524800,1940.44481,233744228838.17505,20758981846.62923
1700611200,2065.9414413104028,248555178589.68716,25168416335.347775
1700697600,2062.269551857858,247876188093.7795,13614279337.488348
1700784000,2080.8517575183496,250091072371.2108,20665503027.73338
1700870400,2085.426621540017,250789193104.93494,6530490765.972065
1700956800,2064.0742181655314,248377596959.20486,12075707002.739227
1701043200,2030.000505811856,243720423942.89383,19226881871.14826
1701129600,2048.535256652576,246262800348.0733,16424574534.70982
1701216000,2025.937328,244001473817.2662,13099062740.857195
1701302400,2051.7567179446996,246848217845.14642,11625915810.902319
1701388800,2085.7123613209396,250640652575.93158,19913080652.27421
1701475200,2165.297880951399,260240551667.01883,14460351398.390474
1701561600,2190.7040403697074,263980793708.9081,13166580463
1701648000,2242.961542677477,269584983992.8464,30345337042.00411
1701734400,2294.0951698534136,275703016277.70374,28729334531.594917
1701820800,2232.0254402104606,268795534917.09488,21223942410.36482
1701907200,2354.386930946088,283213143190.7205,25387351572.192837
1701993600,2359.8890564833255,283054038646.35785,20568283522.94774
1702080000,2341.072481,281067496144.66614,15387242081.073635
1702166400,2352.0987284889175,282723216106.4694,10817893038.042538
1702252800,2222.3468384000316,267009290987.55844,18600214563.342213
1702339200,2200.3337161808727,264706953102.87967,11775411206.200737
1702425600,2260.8823525751127,271717710927.89438,17312498671.815353
1702512000,2317.4650743736975,278468385078.2856,18515638424
1702598400,2219.9516178764084,267126085639.7962,15188397489.44516
1702684800,2227.936447135476,267401843617.0704,8454757543.524233
1702771200,2199.5401211883855,264433892856.22266,8867828030
1702857600,2216.929013563485,266320508900.2563,14071140889.309969
1702944000,2176.8394126574362,261622480885.4028,15258004716.309359
1703030400,2198.421404460542,264119934496.6169,19155737312.564598
1703116800,2236.186961753279,268661930922.99802,19466743544.995804
1703203200,2327.048962711535,279870641392.9921,23783915985.976246
1703289600,2310.955662998272,278079278701.17706,9758407679
1703376000,2264.911143671657,272522653481.91702,12635088285.645493
1703462400,2273.6326121146535,273465660867.21106,11373112598.880953
1703548800,2230.8761843957795,268089393468.35114,15654849177.200323
1703635200,2376.771249284193,285529301721.8697,25167308054.85203
1703721600,2345.2607087446872,282759891474.44507,21940267876.989635
1703808000,2299.5262072752594,275996795853.5979,18135119123.505463
1703894400,2294.344006,275712397143.1602,13896242967.902512
1703980800,2279.9410085689606,274292310008.21802,6715146404.608721
1704067200,2350.0262860085095,282101525979.4972,9173151405.888998
1704153600,2360.7821195890947,282763246110.9591,20590257636.09842
1704240000,2211.1708278638766,265547288684.8233,34451776444.05685
1704326400,2270.977439333732,273109328387.3609,18341104523.019344
1704412800,2267.087035484658,271936377917.22253,18739484389.94619
1704499200,2241.5108270042424,269489631471.8874,8619189687.821476
1704585600,2220.151561688879,266240104433.8105,10135753412.671106
1704672000,2331.6603294356382,280315688401.5355,26223624729.10309
1704758400,2341.160624264102,281144258787.4874,21533561122.854744
1704844800,2588.769163919145,310821894359.1542,44008144956.97653
1704931200,2618.3298618964914,315246203688.67664,40605826834.77032
1705017600,2524.5016938912413,302053601477.7291,46082131081.854485
1705104000,2575.9247354333543,309464480794.1958,23318906536.949352
1705190400,2477.9374784307734,298600912656.6915,16820089427.876768
1705276800,2515.3199803936955,302747945005.6386,13348139613.156065
1705363200,2589.4826316304293,311194334965.7176,18488915209.86314
1705449600,2528.3287854519394,303773198603.9342,17068418335.998499
1705536000,2467.3289785137254,296559270703.1602,15098459635.774988
1705622400,2489.6180646533794,299282759814.2279,13514569417.235487
1705708800,2470.2636151036777,296860256191.2496,4996301224.731121
1705795200,2454.909543339834,295225509771.24744,4334792607.360363
1705881600,2307.5870034987734,277803770131.5404,15106296459.023476
1705968000,2241.942776155338,269197026588.32986,17683786156.38525
1706054400,2236.7393130974074,268773564276.82663,10625253854.769924
1706140800,2219.6145274459245,266831912453.99658,9966399827.608324
1706227200,2268.8707315074744,272427889718.48175,10737037817.034204
1706313600,2267.907851752534,272538684736.3818,4896940248.1532755
1706400000,2257.0544646456055,271358148811.48517,6994793950
1706486400,2314.594728,278333996261.6204,8669925102.933998
1706572800,2344.001400019654,281132447253.58405,11126446197.799234
1706659200,2282.4858670158414,274484617898.52283,11853310774.419685
1706745600,2301.737299308667,276594158634.78186,9678169140
1706832000,2307.4329984830933,277280144884.45764,7666446064.332116
1706918400,2294.7159248044077,275659236415.4575,4685406125.507428
1707004800,2290.084492877089,275036393714.7881,5694619447
1707091200,2298.669906674278,276235426059.15094,7987582984.0210085
1707177600,2372.7608787345252,285135262492.3447,10525807971.402327
1707264000,2424.0730404652095,291577099200.45905,10632263734.878746
1707350400,2420.9685614791365,291262614487.10425,11000404082.586426
1707436800,2487.8508971967804,299195541764.75714,15268873489.395958
1707523200,2499.4921841564314,300386801746.03735,6350552320.643601
1707609600,2505.076808453919,300920593632.2626,7498249910.857773
1707696000,2657.990407976775,318954602301.2163,15004272817.756506
1707782400,2641.5360974921623,317202178157.9689,20206467469.25591
1707868800,2780.372974906562,334517950729.3397,23414613028.17406
1707955200,2826.821475855177,339786694521.5841,25584981558.624416
1708041600,2807.3717030539606,337473828365.6669,16920199808.887981
1708128000,2788.561332499608,335189522076.6866,18359069390.21388
1708214400,2874.945276040071,345342293610.9262,24082010034.68869
1708300800,2943.723084777655,353799552082.8669,16450190201.022865
1708387200,3015.438952062055,362259530911.22736,22509955315.753277
1708473600,2977.0820166829903,358396919523.1304,20964306604.965725
1708560000,2974.1315861319913,357231363983.11096,20347103477.61334
1708646400,2926.2859129063513,351923786349.8605,14754511206.054205
1708732800,2988.317384063568,358958857165.6327,11389585546.195946
1708819200,3113.4082982877167,374096903874.8583,15776617346.687586
1708905600,3173.629947,381265474877.3842,20165329047.545662
1708992000,3242.0476538223666,389432101336.1533,23696521431.113922
1709078400,3380.8039555421246,404949329424.75433,36665804472.19711
1709164800,3347.6904724233455,403025040377.09424,31202875938.140316
1709251200,3431.751998,413003335539.6049,18691101659.270218
1709337600,3421.892147,411127183431.9037,13440796396.989847
1709424000,3487.190931866777,418233465071.6696,15521857774.32606
1709510400,3634.311067557102,436264151585.7691,30343202732.344658
1709596800,3581.5348849085663,430091528234.3316,48669816283.38956
1709683200,3822.365818156151,458288266056.32635,39700333919.056915
1709769600,3861.9009990137733,464203366204.0903,25205795146.622765
1709856000,3893.6138841967036,467263068859.23145,27874421858.85126
1709942400,3916.041187699099,470299637817.79364,12069974984.534363
1710028800,3887.473104733291,466687383451.4314,17287014475.12306
1710115200,4070.6040749869985,488931556413.2426,32017734619.898235
1710201600,3978.685771378112,477282030875.49994,29816123516.352203
1710288000,4007.9121260756656,480989408310.4244,24518272534.97694
1710374400,3879.038366642958,465517630856.3542,27637220056.20402
1710460800,3738.381184462065,449221029692.6131,38514576896.82427
1710547200,3514.222472178163,422006707853.2583,20314832749.48201
1710633600,3643.280347379834,437397993876.3647,22282396647.176846
1710720000,3525.8936406700236,423582810891.4091,24255010456.17668
1710806400,3171.293836639821,381561860658.1416,37133280151
1710892800,3515.6884318548646,4.227E+11,42295137774.34776
1710979200,3493.4304387798707,419250201097.8779,24617005638.07842
1711065600,3322.891277320318,398004903397.5174,22143063329.60288
1711152000,3353.371241538487,402787267255.35004,13554704159.635406
1711238400,3454.257071389558,4.15227E+11,12747604656.722906
1711324800,3588.493402189288,429834400084.37524,19900586068.611336
1711411200,3591.5485279028403,430639202176.35944,20094722140.101074
1711497600,3505.2181161826984,419542828392.99164,20203376602.227142
1711584000,3560.261511,427723174069.21906,17254415551.733036
1711670400,3516.096057627979,422181197071.7956,13632549894.688292
1711756800,3507.6606559474685,420903294887.95514,10414010868.767834
1711843200,3644.767598784896,437709753307.89496,10412761139.068478
1711929600,3508.2477201085417,421860021837.67065,17482844811.257694
1712016000,3274.901203544406,393781420276.9656,23868370966.893692
1712102400,3316.6829546775257,398415781571.0026,16747190219.448904
1712188800,3332.089836615912,399925086690.5432,14937774084.622332
1712275200,3320.2815889834437,399471237820.5192,16263669860.819765
1712361600,3362.838907503287,403433979836.3418,8771021396
1712448000,3453.4361261792887,414896585077.9774,9023927898.393978
1712534400,3695.239391141908,443574943819.1214,17999535003.639297
1712620800,3503.6535996841044,421250062703.58765,18894649449.12416
1712707200,3539.7630640649413,425100745638.6984,18116500905.294914
1712793600,3508.5784984486436,421184318805.19366,14665003517.99341
1712880000,3245.5005926983195,389342347417.11646,20300936214.359665
1712966400,3022.0057852476043,363676686678.5162,30855880984.660038
1713052800,3157.683765827796,379419782687.94165,26426482425.143723
1713139200,3101.190735674771,372249695864.17804,23408068977.225063
1713225600,3083.7060147660673,370234131392.0656,19716139064.53935
1713312000,2982.6157347097997,358157898515.81726,18555883608.901867
1713398400,3064.9115922294277,3.68395E+11,15776619346.387112
1713484800,3065.682561565907,368924952677.7875,21398170387
1713571200,3152.1915066519473,378601475454.5042,9245604715.543312
1713657600,3147.137754,377835271557.1954,9264213264.253492
1713744000,3199.769589894069,384466906716.16833,12101339610.34102
1713830400,3218.9672686428075,392775107740.5133,11111254140.889095
1713916800,3138.814357009402,383068563917.3423,14931662515.529316
1714003200,3157.6193174815944,385360500023.0152,14827151368.90256
1714089600,3131.4192197400516,381832436730.7926,11150981612.611172
1714176000,3259.2522227654413,3.97163E+11,12739849720.355131
1714262400,3259.503404256033,3.98638E+11,10786187404.455635
1714348800,3213.6890004948136,392350038771.61163,15480798749.513744
1714435200,3018.549635877818,368786372970.94403,19251155949.751816
1714521600,2976.0902075157046,364276973974.7534,22064350438.409042
1714608000,2988.5486490452654,358796765165.93835,14175880226.413488
1714694400,3102.1512923656555,373187731785.70636,13929437694.673725
1714780800,3115.0233215730136,3.74188E+11,8430889402.258022
1714867200,3136.57511,376477227799.9195,8027546635.921553
1714953600,3064.5913995603364,368312963227.33984,13196102657.36935
1715040000,3015.1597696166846,3.62687E+11,11727252097.462042
1715126400,2975.726966,357038251698.12964,10555086522.407984
1715212800,3038.3447046668207,364426702625.02203,10961137747.243969
1715299200,2910.684500017475,349622946794.7746,12185177562.18238
1715385600,2908.9827849031903,349391330491.6799,6479337783.261837
1715472000,2931.3106669139133,3.5212E+11,5237992152.442184
1715558400,2948.3034552659406,354155572145.7024,13930280821.074911
1715644800,2881.7959916152945,346305956691.41315,11258734172.441973
1715731200,3035.758955126304,365225903815.16327,13809709402.13564
1715817600,2943.5851283842208,3.53501E+11,11039599517.596857
1715904000,3095.9968442929658,371220670629.6318,13846325669.567377
1715990400,3120.5493782541066,375206332441.6955,8357435200.282594
1716076800,3071.324418093757,3.68598E+11,6983633593.912785
1716163200,3656.390090299324,439830728213.1206,27159496889.816044
1716249600,3792.486220211773,455765526085.79254,37370060267.60153
1716336000,3741.897740560911,449694006822.5555,24114510372.012993
1716422400,3766.398091341944,451934122188.91656,46761576029.509094
1716508800,3727.065981583209,447600344544.24176,20715688665.955757
1716595200,3750.077159389676,450038598582.0329,8464533427.424917
1716681600,3825.277957577714,459504483187.0394,10540798421.159782
1716768000,3893.3921058941055,467614044547.03687,15290249260.872213
1716854400,3840.68886,462070810453.6889,18146426007.646515
1716940800,3765.3025567780796,452762636814.4171,15290595277.792278
1717027200,3748.6391523334596,450215609802.7726,13659082592.12581
1717113600,3761.0692456476336,452758719430.44403,12068376838.694778
1717200000,3813.452441559934,457995091024.9556,7216291113.118156
1717286400,3780.7119847349145,454304865087.93256,9915137834.269558
1717372800,3766.6376499412618,452084974218.36816,12609351903.623407
1717459200,3814.932030146498,458132490211.60803,11652766019.496792
1717545600,3871.0820906216727,464211497547.6711,12871943841.967451
1717632000,3812.701856549199,458058824868.5632,11650774701.467743
1717718400,3679.3766523741783,442056588562.9977,16199024684.298843
1717804800,3683.0253801346485,442391279529.5943,7575768941.686513
1717891200,3705.8998844045504,445276601430.4424,6301031436.913941
1717977600,3666.8276647258203,440506095151.8904,8786880927
1718064000,3498.5559542215797,420251663393.7583,19621933421.92237
1718150400,3559.4475336257624,427834174694.1308,16798065224.846418
1718236800,3465.316584199481,417151499335.3688,14257587847.282923
1718323200,3478.7748349889234,418279823088.9498,14164619768.518377
1718409600,3565.1232591862595,428318893969.5867,12060524631.965353
1718496000,3618.508652976102,434773902047.7907,8663362158.145231
1718582400,3510.3586935289036,421162133590.23956,17226962124.000225
1718668800,3480.4713384276088,424951660073.25385,21649791273.213665
1718755200,3555.9658395535403,434492651441.09186,15091044746.84232
1718841600,3511.284828,429570574514.96106,15933137676.283852
1718928000,3516.88098,4.3007E+11,16100418805.143234
1719014400,3494.7985621731755,427271533995.02954,6342881010.269747
1719100800,3417.7971372978254,418002114768.76056,8947881396.036127
1719187200,3357.1006400727606,402843439308.6059,23589084207.47341
1719273600,3395.304687339692,407935619100.4282,11981602845.529747
1719360000,3365.9446697083863,404420889593.2137,10009281218.932026
1719446400,3442.910158110125,413911406152.8098,11076955211.879559
1719532800,3374.6051303067916,405590219265.00946,10962843305.829046
1719619200,3371.278227967461,4.05187E+11,5551997885
1719705600,3435.3183276337395,412683392973.9106,7498532249.327012
1719792000,3438.009078999906,413087026853.55963,11834316021.632442
1719878400,3417.8984255478363,410850514007.59125,8478511086.945243
1719964800,3295.808464429979,395971730267.60034,15473856746.245096
1720051200,3069.0434008340803,369571668593.03217,19209988737.688694
1720137600,2984.398102498264,3.58878E+11,31755421068.593773
1720224000,3066.247437954064,368279414918.9943,9871087552.273798
1720310400,2928.6012310061665,350977454882.58325,10243406181.924892
1720396800,3016.0833537946064,362836336467.41907,20819810746.374283
1720483200,3064.0923605197886,368733224976.19775,14902982165.592142
1720569600,3099.7101861313545,372867773189.40076,14523237728.597153
1720656000,3102.0902302291074,372384838887.21234,14058546522.739754
1720742400,3132.980838609695,376300269815.6458,12435435678.409641
1720828800,3173.5042341380185,381711250543.1549,7830621980.637015
1720915200,3252.654184707363,391583812600.5758,9867236520.521011
1721001600,3488.5387580277174,419316550609.62476,18368344859.430637
1721088000,3446.7658893041003,414703698412.0949,21040427365.588116
1721174400,3389.441287038116,407908628077.67224,16978839263.794697
1721260800,3428.5520187667257,412233122047.3164,14884776298.264118
1721347200,3505.222536388452,421392010127.0308,17784761899.551624
1721433600,3522.8013028122487,423550664963.50604,9427844290
1721520000,3533.118349531153,424780865928.9678,13378492000.408422
1721606400,3443.073350817144,413961610216.08093,18304154013.687572
1721692800,3482.9837705931927,418879212976.89734,25079221799.230476
1721779200,3336.3802530382436,401152738546.72644,15765758234.562634
1721865600,3173.7633983274727,381782355331.5728,25890826733.28285
1721952000,3278.1869575279507,394189879099.2592,15169277359.834238
1722038400,3254.611672582785,391424161950.5181,14496971021.239912
1722124800,3272.8501306701373,393579006059.7797,7818233563.235541
1722211200,3316.942188773212,399239444647.5382,18452148650.905613
1722297600,3276.981779516743,393942961780.88654,13805865977.524105
1722384000,3233.076804863122,388633791826.8701,16143420325.47769
1722470400,3204.2465237463616,385340171208.75555,17786413332.129932
1722556800,2983.300976694291,358543505038.73834,18785849199.903355
1722643200,2906.7150241765007,349395441871.30615,17701956694.58319
1722729600,2682.4373928187924,323403607818.7498,22171247833.139385
1722816000,2415.6311394312143,291245061884.5607,73571034926.63428
1722902400,2455.511377,295168597349.07764,27613148149.796356
1722988800,2341.590346028249,282098261495.40393,24968091142.09198
1723075200,2685.012750687489,322827381254.3183,24290512619.839314
1723161600,2602.1840712761878,312353537574.9063,18077335701.97768
1723248000,2608.0357436286963,313697482213.2365,8849019546.648287
1723334400,2558.790870730736,3.0774E+11,12624674028.077477
1723420800,2726.777988551933,328070186437.41003,22670968464.846756
1723507200,2703.5505587641255,325002180894.27686,16366799383.61909
1723593600,2662.780395092489,320231285058.06165,15887432311.728333
1723680000,2569.8604812159274,309002097789.9878,15498476343.410463
1723766400,2592.249006212312,311786461030.44476,12841847017.271076
1723852800,2613.139261446099,314212508914.4149,5483825246.098839
1723939200,2614.6012806263716,314682052511.7037,8617702421
1724025600,2640.5904207330605,317616756579.9527,11730843561.162947
1724112000,2575.643435503567,309867213669.31934,12823659998.035198
1724198400,2630.2988017642488,316360729845.1586,11246256658.90509
1724284800,2623.289171364539,315630604929.4857,10277172867.663338
1724371200,2763.2554073640704,332181161792.2442,17876365362.452858
1724457600,2767.840733546234,332950073030.8183,11990449014.147696
1724544000,2745.164671605207,330332547375.3104,8312216650.941433
1724630400,2683.0801154902983,322816645099.5817,11486270160.014797
1724716800,2457.2773517547434,295636169778.93835,17505948780
1724803200,2527.0269814017706,303958449107.31573,21234602056.030586
1724889600,2526.7383553003406,304106394048.1237,13272715023.256615
1724976000,2527.690204915795,304009556580.61725,15607580785.925383
1725062400,2513.3643501004462,302383496015.1365,6105765553.728281
1725148800,2430.0202661439344,292436067877.0585,11229587557.968822
1725235200,2534.9048168403706,304838837601.64795,12130504179.053215
1725321600,2437.1471557556497,293818299349.5953,9565142020.243557
1725408000,2448.307858,294329412026.3932,16639700582.521397
1725494400,2367.7700509506026,284989115168.67084,11060190870.627691
1725580800,2223.780428382685,267574522057.00296,26087934661.284035
1725667200,2272.6972849951912,273350308345.93225,10405191111.340616
1725753600,2296.4029520764498,276344419515.7602,9844980386.825493
1725840000,2359.565766831627,284026097136.9972,15874675673.552357
1725926400,2389.4740111256497,287422889605.8082,12508388687.122387
1726012800,2342.9639236941434,282041230807.9828,14692963988.99108
1726099200,2362.300238174588,284255194234.77527,11610780893.077023
1726185600,2445.08621,294131761890.3451,13122792869.978857
1726272000,2418.0828083179904,290912717943.81995,7248493705.268602
1726358400,2322.6433317480564,279257769574.61383,9361948332.945747
1726444800,2295.1348386540835,276339513490.21936,16629103878.54157
1726531200,2341.0924132597524,281704536557.3961,14449511265.93516
1726617600,2361.960992100706,283874122378.3681,17524561761.811428
1726704000,2465.2347833172967,296680606397.51587,17820089225.37694
1726790400,2557.6218555442515,307586864690.1545,18498405459.395584
1726876800,2614.599604753501,315153052833.9301,9276102854.536339
1726963200,2582.847683741262,310840922229.8413,12759588941.97967
1727049600,2647.9931622033255,318666137823.1156,19740370943.835594
1727136000,2653.844345308008,319524635350.52515,16584773336.25631
1727222400,2578.566359563475,309875035203.6359,14003678832.756735
1727308800,2630.949837,316828988137.27673,16686162392.966532
1727395200,2698.1928212346033,324681649929.6723,16468123574.12263
1727481600,2680.218702062471,322761939149.4107,9607072594.439383
1727568000,2659.611211611689,320146112155.9396,9570811494.068226
1727654400,2597.3411516834435,312577514239.3695,17539259209.42195
1727740800,2451.631522589772,295243912099.71765,26538568534.282005
1727827200,2365.231040243019,284621591999.18945,20613586399.40693
1727913600,2348.0048369247393,282601960212.3656,18771995105.191242
1728000000,2416.9184055552637,290928251441.44226,15230883994.399237
1728086400,2415.4038137445546,290706276902.6144,7362867897.959902
1728172800,2438.030912544012,293516242471.9333,7641011283.520121
1728259200,2422.7506412955013,291612805733.03143,16943828822.371426
1728345600,2441.4651696200294,294190554781.40424,13601054198.545612
1728432000,2367.615096789395,285084590935.4484,14384326799.317202
1728518400,2381.7817088014776,286552629874.8065,14686776834.298496
1728604800,2435.7137843692162,293162664953.97815,13097241431.234644
1728691200,2477.6130275578225,298282533565.2097,8538997411.470292
1728777600,2466.8607267086663,296977636559.92773,7516544091
1728864000,2628.504376157751,316451494816.54065,21502937840.286705
1728950400,2602.0760435960988,313216116600.22363,21986428173.14599
1729036800,2611.700159182395,314435102932.4304,16135687550.25065
1729123200,2603.1202923346113,313194633306.5954,14330391810.475258
1729209600,2643.156520987104,3.18246E+11,16301885114.203026
1729296000,2649.979289580214,318975355966.1185,7337169826.464913
1729382400,2742.9591411600395,330127637903.2564,12697856633.571321
1729468800,2665.731938974013,320871813296.62164,17340865615.868176
1729555200,2619.5653130506435,315286963217.6233,15418370745.51069
1729641600,2524.1038563091197,303758669310.65466,19004341635.326817
1729728000,2536.234041319884,305016120148.3843,16708110976.636312
1729814400,2422.093289,290598017399.4684,23734197478.807434
1729900800,2479.3736032443317,298518432454.89374,13434262241.34632
1729987200,2505.502947138879,301656245036.7335,8656317174.654642
1730073600,2564.8138556782997,3.08761E+11,19560694034.693996
1730160000,2638.637351278122,317633905084.8851,22541317733.245987
1730246400,2657.6141818494384,3.20125E+11,22790792400.863556
1730332800,2514.750787241073,302903644448.69275,20097565241.562813
1730419200,2513.8372870612066,302633410028.4328,20396109310.40712
1730505600,2491.352150058657,2.99973E+11,8253307127.229915
1730592000,2456.979687344711,296080479788.81036,14546539750.496363
1730678400,2395.9472139132804,288417039274.4664,17316680977.698635
1730764800,2422.368479855642,2.91681E+11,18024855703.904736
1730851200,2720.6217450068793,327447580506.6538,42388106411.06861
1730937600,2894.9718733838376,348640981227.00085,36844374456
1731024000,2960.9593369382137,356482981903.24994,33688997426.40259
1731110400,3130.035524073996,376942816358.42664,30583711140.36284
1731196800,3191.9044555518153,384143201744.36383,47726595161.32535
1731283200,3372.7914863430115,407462829811.2162,62390436438.24982
1731369600,3260.934386131155,392233485413.7434,60074013245.45247
1731456000,3191.8991843987947,384320615296.6757,65592582441.25777
1731542400,3059.812296932496,367484509623.6447,37531565153.535194
1731628800,3093.913043390382,372487751993.49884,33076552515.401417
1731715200,3133.8802234191417,376904025324.19116,26503107468.25979
1731801600,3075.534532601624,370225690651.5099,28547657381.28478
1731888000,3209.4239073326826,386129534586.85486,35364731417.99857
1731974400,3112.9098010150224,374925759373.2606,29767245881.040333
1732060800,3075.193856649331,370266265216.9245,29508936260.346874
1732147200,3365.9369715466096,405284044226.11957,55714132904.97961
1732233600,3327.7571951719624,400787854559.3274,36536922518.79305
1732320000,3394.036961782547,408448492183.1955,42885423857.47691
1732406400,3368.7027619429946,405718851021.4928,30123422893.99126
1732492800,3417.291223691937,411314588853.17755,53625394443.87371
1732579200,3325.636532587645,400706261382.18384,41896722105.13149
1732665600,3666.1884904377557,441632729137.7082,48465294233.32744
1732752000,3579.2407862474997,431207272220.64014,33082767875.13153
1732838400,3598.1933212253616,433361301691.3607,28800628431.21762
1732924800,3709.9094391073327,446851521665.9131,31961998508.230377
1733011200,3708.8072387383017,446664514864.58777,29705280034.459038
1733097600,3643.855375704235,438825980701.30023,49031522663.40944
1733184000,3625.7104579497204,436691206026.36835,39557549415.34987
1733270400,3839.443460715871,462490222624.56714,59744855714.19937
1733356800,3796.8688671601276,457067221118.4413,64995601294.502495
1733443200,4013.726145388712,4.83423E+11,55954471926.67034
1733529600,4000.992076502189,481889176555.6843,21959792763.543846
1733616000,4015.7820212328807,483642898147.5037,20728146237.12733
1733702400,3713.3138979971745,446571271919.9886,59141397866.09827
1733788800,3626.5886417774996,436749626813.98615,63643513993.15369
1733875200,3828.1075883404096,461075934206.2153,38471623681.40909
1733961600,3878.850012073054,466883095805.38696,47474608675.336655
1734048000,3907.4296595053356,470469907671.53613,36218321642.49857
1734134400,3866.9958020348054,465713274663.6432,28647722345.409325
1734220800,3961.3154661802305,477323245356.1555,24816850994.80954
1734307200,3992.857195846062,480940541314.61334,50679799770.94302
1734393600,3879.4062240100893,467508439297.98755,32823036037.584606
1734480000,3628.2624780444953,436893612673.4018,50734709374.83128
1734566400,3434.6754695380805,413858693686.69867,64452959600.863884
1734652800,3468.658920056454,417562064054.3703,72936574193
1734739200,3337.5972231166807,401314595520.45166,32479699770.041058
1734825600,3275.8894274015142,394984656581.5222,25811397925.979923
1734912000,3414.6414419807993,411423031050.5532,35528067791.09896
1734998400,3497.555287927574,420708095541.6798,24085249644.32143
1735084800,3494.5109273631047,421029544401.6013,17503804977.00058
1735171200,3327.7897761683494,401038436756.22626,21239977785.94795
1735257600,3328.6111553091764,400705550098.4306,24582312087.174118
1735344000,3397.8341205085153,4.09452E+11,13861298668.649797
1735430400,3357.330742971463,404459649875.75726,11315432322.371536
1735516800,3359.513941757392,404631151447.3196,27664137021.813133
1735603200,3336.6175137659498,401972899891.29846,21466394178.61746
1735689600,3348.967247123586,4.03374E+11,13440599794.35101
1735776000,3448.140436960939,415300548992.1061,22683249623.05199
1735862400,3604.2913795931763,434290507752.4077,22019312215.306797
1735948800,3660.378042,441117087325.0027,15951962220.78043
1736035200,3635.8549961807084,438092711283.22925,12542101206.558632
1736121600,3687.1447140588307,444015369643.70074,24440100572.59286
1736208000,3380.0211263090155,4.06968E+11,32832589510.813023
1736294400,3325.1300293537356,400602495132.5278,35080974963.72023
1736380800,3219.092845,3.88324E+11,30096896683.041233
1736467200,3269.1759954060667,394101246876.45374,26722437003.95787
1736553600,3283.591322828503,395839071861.3172,11047744222.743227
1736640000,3264.070968533687,393199349088.32996,9699706283.258541
1736726400,3134.5520394596483,377643507549.0125,41743898872
1736812800,3224.8006483414138,388487746270.3852,22365842880.809456
1736899200,3447.0340476747956,415058425772.0614,23773995063.828526
1736985600,3309.4466139900196,398587196539.9218,25012556602.905136
1737072000,3477.284285084809,419024911827.7939,27778832364
1737158400,3309.0995676199964,398761138447.4049,32195594202.134895
1737244800,3208.1365439891497,3.88677E+11,59678736710
1737331200,3263.069869880814,393073139255.5516,49563768850.78339
1737417600,3326.0285404709143,400135429379.4123,33762939512.697853
1737504000,3237.2996671291435,390083338462.87006,21782301388.383984
1737590400,3332.580893146162,401547418905.6495,33863218042.431107
1737676800,3311.849984,398942774193.46027,25895320216.868122
1737763200,3320.1314101789453,400427749273.5654,12706329663.414034
1737849600,3232.2767744705584,390058879989.8578,13000445022.22209
1737936000,3173.5346079397173,382221069555.6103,41151086046.07612
1738022400,3076.4937692857234,370532757630.7433,19807794444.483303
1738108800,3114.4358854363104,375574817164.75665,22051422147.78046
1738195200,3248.249484352305,391509879851.78656,19504592311.356525
1738281600,3296.390634843652,396910231325.1062,31441846706.254246
1738368000,3125.0386801320924,376840076476.98303,18969060074.552986
1738454400,2862.6976188716285,344091054313.7205,38896518795.21238
1738540800,2877.8138239498767,346820394641.11206,96588727629.45805
1738627200,2740.3809762760143,329090090858.6241,52737830809.63367
1738713600,2790.5521609256075,335828291113.4543,30026391038.27177
1738800000,2686.662316793651,323756512126.7498,31349967107.97825
1738886400,2623.4507017824767,315636240722.9841,30948837988.08186
1738972800,2635.6011418023404,317758860998.56256,16335613332.591795
1739059200,2632.5358220552475,317369673472.60657,17155535243.908037
1739145600,2660.2967996436387,320711545303.1932,18843420567.42921
1739232000,2603.0333698049267,313943237177.0695,21212910085.211273
1739318400,2736.2703136032396,3.29493E+11,26503660438.845695
1739404800,2675.7090007037627,322584072350.2765,18938191215.29619
1739491200,2724.6698335873957,328399065363.05505,17416785872.704834
1739577600,2692.8213863864253,324625278431.52954,8896321414.559013
1739664000,2659.9017474093457,320529173059.00665,8757895115
1739750400,2741.9050800956124,330464530098.92377,24666373348.432693
1739836800,2669.4945006896073,321688672383.7524,24353300611.506603
1739923200,2714.8018364720533,327248168186.7616,13398586820.912325
1740009600,2741.5933625994785,330517520397.0965,14550027648.522171
1740096000,2658.3470942919384,320508273451.5576,31770375573
1740182400,2764.355233404291,333381856893.82196,17576653979.14654
1740268800,2827.1844084879804,340712999974.1412,21394599890.269897
1740355200,2503.103420098605,3.01769E+11,31014455208.756138
1740441600,2495.315451693047,301064649480.5458,42875934003.323944
1740528000,2325.853934699374,280668025121.2334,28109120496.698666
1740614400,2305.3229378029837,277936135130.74036,89259450650
1740700800,2235.204208608959,269516471615.1616,32905594283.00643
1740787200,2212.8243514969954,266823935338.2421,16103021679.018568
1740873600,2517.3382391622977,303306117779.7704,37907412347.33495
1740960000,2148.199533470228,259111889993.75626,33501080617.480988
1741046400,2171.496943535016,261805780842.5489,35524086282.76523
1741132800,2241.3841149187283,270490243838.00568,22236307931.758247
1741219200,2202.3207363495417,265270135615.0983,19895800679.328133
1741305600,2140.7498089428914,257899503839.8083,21716710066.08888
1741392000,2199.9995000805707,265129957012.69815,11257666715.795546
1741478400,2017.265460184326,243298514477.01385,17577023963.685375
1741564800,1879.1231054991026,226713493940.29108,36577317615.21765
1741651200,1921.3099227587034,232024934655.6445,30046602111.893852
1741737600,1910.6551381032464,2.30444E+11,24499314730.70381
1741824000,1862.7949366490388,224658866951.8703,19212414462.181553
1741910400,1910.6662703455045,230476916425.01935,12949972214.265629
1741996800,1939.7856881721348,233970291611.3664,6944891086.050841
1742083200,1887.7643429692785,227688957214.28125,9486242392.181334
1742169600,1929.1833577618722,232725366276.39935,11251166846.249075
1742256000,1932.7964059050657,233152161415.72287,10887619567.393353
1742342400,2060.728601068271,248434080718.19073,20374739988.65224
1742428800,1980.831780524645,238984217654.16632,14303790085.616615
1742515200,1964.5293833168294,236980043535.89395,9890112887.282015
1742601600,1979.5449257665966,238753335160.5841,6195605844.536302
1742688000,2001.0470230951883,241404254258.0785,7991413702.677865
1742774400,2077.739325831977,250648654235.6259,15676451247.546822
1742860800,2068.598435049149,249404519198.06433,12563169733.005245
1742947200,2009.8835432902426,242347645799.6622,14024859854.906677
1743033600,2003.3034241292064,241580699763.4796,12136188059.422693
1743120000,1896.9173600459985,228784244898.24844,18419487648.39739
1743206400,1829.2745211803463,220262156018.88525,12924117064.878807
1743292800,1805.3378779435934,217784813538.97607,10056531345.160347
1743379200,1824.2071367609847,219908040559.44638,17022367813.88877
1743465600,1907.1671522994227,230031614721.63394,15899367804
1743552000,1795.761850567479,216667567217.00522,23450470660.978283
1743638400,1818.2844199542053,219762279056.2319,16999031833.158594
1743724800,1814.4807753449506,218925876283.93597,19459233591.298603
1743811200,1809.935827172196,217957146409.9286,6780827627.545529
1743897600,1574.6321611455576,190295586491.21872,23485484227.161697
1743984000,1555.909812570873,188565143892.71408,49416724296.56089
1744070400,1471.3608854365523,177496121145.5316,22451028357.384758
1744156800,1662.5331604641576,200623016236.85327,41589589714.84994
1744243200,1523.928624242526,183947227079.42554,20486375929.10568
1744329600,1568.131690125936,189185664203.6754,14195085224.783228
1744416000,1645.8625733156498,198696438258.60336,11756571644.476357
1744502400,1595.4227460001084,192382635779.77805,13775001676.60885
1744588800,1621.543195596693,195686083638.74744,15415724739.820591
1744675200,1587.8222244021401,191837036865.40186,11786525215.180002
1744761600,1577.7073516760117,190419833063.11868,13120084885.866234
1744848000,1583.4764497002345,191135638825.23685,9437178720.867388
1744934400,1589.1516208270755,191865697060.91525,5254078676.877919
1745020800,1615.0502549158562,194945047366.35382,5148626529.402773
1745107200,1585.4600253443446,191374869502.39386,6695768150.024456
1745193600,1577.4465595922347,190376888818.46906,15275062279.387148
1745280000,1759.7064599311093,212582611840.14056,24271980430.95098
1745366400,1793.969849485534,216572719914.54987,22099177230.61867
1745452800,1769.3925107354407,213593284213.58224,12923295609.972548
1745539200,1788.7981804331257,215954892518.00418,15656748328.784924
1745625600,1821.2695303291391,219830529458.7114,10293614895.776522
1745712000,1793.6918440730135,216533502206.27112,9632458065.106846
1745798400,1799.501914,217264115049.6792,16777384305.88931
1745884800,1796.9720456768928,216596941729.71945,13994558644.11867
1745971200,1794.0495408617828,216623334477.08453,13644627083.285889
1746057600,1838.8543285925753,221969602979.55032,14310565589.052694
1746144000,1841.427590836958,222269022299.2824,11686301446.49476
1746230400,1834.501911876416,221494950784.02625,6704990478.824657
1746316800,1808.156093844096,218216268630.8664,7479845748.828526
1746403200,1820.0044598893596,219769896301.20087,10545233503.347864
1746489600,1816.1686943818438,219305875804.55966,11950393736.527246
1746576000,1810.3169269284476,218569578701.42172,47111217119.49919
1746662400,2197.5611893238784,264994998215.9445,35992825075.05399
1746748800,2341.407963002621,282636716534.08844,44566779461.54657
1746835200,2583.6829051429513,312095621694.1442,29947910159.02891
1746921600,2507.4693107597423,302727255563.5134,26138286410.23315
1747008000,2492.426391077375,300976824863.0343,31524626114.978752
1747094400,2676.639163127913,322977150438.36176,32279895881.637806
1747180800,2603.7180887199615,314022060127.0501,28150234190.931705
1747267200,2542.296692466797,306933361055.9317,26211434558
1747353600,2544.3870377235667,307619694635.7725,21130441534.96637
1747440000,2475.0543933696913,298789831687.0011,17185510890.702347
1747526400,2465.3409856139087,296863390804.2497,24797434472.364086
1747612800,2526.989643891319,305077067863.0779,25363871274.82505
1747699200,2524.2743433146065,304737250158.37354,22871462735.416794
1747785600,2558.9502343769486,308934701949.7151,32697477527.54695
1747872000,2657.1674447566115,320733890913.39886,29592612076.505535
1747958400,2519.813809045145,304038733414.03973,30047329191.503662
1748044800,2529.4429842284353,305369227833.4215,10744994421.192684
1748131200,2546.6201163370915,307423642894.0653,13814697849.726278
1748217600,2562.1729286392238,309319360637.78375,13350148034.293623
1748304000,2662.0940568241435,321357595434.52185,26434151855.253853
1748390400,2676.267412,323119009777.13904,18008588586.284103
1748476800,2633.1392065286695,317891224562.8813,27021441336
1748563200,2524.4762348050726,304659964725.2192,22927149330.30469
1748649600,2532.3627853090866,305718505778.76434,13006751258.18768
1748736000,2538.3300584367485,306561765778.2403,11338340571.11249
1748822400,2609.737253959435,314999579353.95825,15623967732.418657
1748908800,2595.4689570062997,313315832347.0171,15955008730.338179
1748995200,2610.343189828259,315159803382.89014,16809606446.176416
1749081600,2421.601103763502,292341916400.9464,25849573159.64817
1749168000,2481.4039836690267,299560106673.7574,18395107930.47655
1749254400,2526.291995889778,304953508465.0457,9535426814.691927
1749340800,2508.784123584585,3.0287E+11,10206893115.537256
1749427200,2685.0001850413178,324315565109.11993,19485734665.28548
1749513600,2808.503208314919,339012253954.4242,38281210143.95115
1749600000,2776.1371915822333,3.3499E+11,27369030837.548595
1749686400,2653.158968452672,320595535562.5316,26068993569.969894
1749772800,2577.048618,311111352117.7261,38576471746.00814
1749859200,2534.0702195359518,306048481935.1591,12077031034.291521
1749945600,2547.8456040920437,307537228689.2678,11678912429.510712
1750032000,2561.329843569428,309982828015.90594,24222149649.172424
1750118400,2514.986700576147,303697873489.69434,25926506708.040215
1750204800,2521.3334233964915,3.04291E+11,17800721253.243202
1750291200,2522.1791903642184,304481216643.1207,10392473841.155851
1750377600,2405.695434213183,290401843920.2328,20482816663.29469
1750464000,2270.581996055585,273839538572.25955,16155611764.84833
1750550400,2227.4287266371684,268777741291.43988,28181442532.315876
1750636800,2423.899644268608,292612668627.3885,25494295400.420887
1750723200,2446.539301545049,295402538889.65454,19669025068.963604
1750809600,2417.2267855277296,291827501114.87933,15513055665.262428
1750896000,2415.031864876594,291547094716.2168,16271811388.723804
1750982400,2423.0302896731746,292419308271.8665,13100825617.816572
1751068800,2437.133001780241,294208600645.2538,5787313890.541637
1751155200,2502.6672721177083,302158279316.21674,10236257918.833096
1751241600,2488.190781689803,300388851494.49866,16306915984.938057
1751328000,2405.1045592800183,290294455719.4809,12933967031.524443
1751414400,2574.067718495133,310930535640.4307,21862573614.17975
1751500800,2590.132231590221,3.12621E+11,19823369642.62606
1751587200,2509.236345783362,302827514359.61035,16377116416.187033
1751673600,2517.379178,304028836772.5733,6801276942.284494
1751760000,2571.358192115984,310345645222.7514,9051659015.949968
1751846400,2543.6317028067488,307013209348.5054,15947822897.049152
1751932800,2615.7759888945047,315738597830.34283,14750377128.581295
1752019200,2772.5795626609174,335050165487.70404,26626246774.244656
1752105600,2948.4462027029053,355346738000.49475,39308824585.23128
1752192000,2958.8514450990992,357144054434.9151,42455550664.554665
1752278400,2942.9616055388096,355216449018.5163,17472135946.60354
1752364800,2974.2654952333387,359110100026.3572,18605172049.087772
1752451200,3012.1797069059276,363606274489.50854,41336421998.04408
1752537600,3133.069857747011,378233206915.81635,43416230283.76601
1752624000,3368.126521526108,406599729410.5382,54882159731
1752710400,3481.8828152374017,420347293649.25085,45678965280.66659
1752796800,3547.317079001209,427841866746.5711,72535524453.98022
1752883200,3594.3185010809702,433877664505.94135,27017909119.384834
1752969600,3758.605581813957,453825859015.21515,55175056732.09093
1753056000,3765.453624023574,454513156113.6638,47245582310.60992
1753142400,3746.9406687316323,452355960897.77356,52357062545.19388
1753228800,3630.053531480921,438111570682.8548,47655045407.89862
1753315200,3708.4299352383423,447620332487.87305,47332291813.01175
1753401600,3723.0529092785596,449379722345.43585,48622472830.12327
1753488000,3742.4314258659915,4.51746E+11,25352434514.72998
1753574400,3864.1248374654765,466077664312.2753,26045280361.31318
1753660800,3786.303845995956,457680388920.6686,38743589826.42135
1753747200,3788.5983716058226,457213828532.1186,34923369443.87463
1753833600,3807.4166010824188,459449027043.4022,28710848449.745983
1753920000,3696.6628530851194,446264222707.4442,31312115686.896267
1754006400,3483.1789551579504,420327732498.14484,42431734230.15089
1754092800,3397.4855484143177,4.1023E+11,28164675444.895985
1754179200,3497.573127822404,422223994717.4719,18338718249.174084
1754265600,3715.7090148550706,448517239894.4303,28536476594.95387
1754352000,3612.442432236669,436373875222.1905,29411744198.367584
1754438400,3684.0459195726726,444737780081.9074,23256150904.877857
1754524800,3911.2609462690816,471838906504.6792,31981627910.70641
1754611200,4012.97697,484483868122.1773,37861934037
1754697600,4265.563258333516,514414914903.2612,37686735734.66866
1754784000,4253.591618951185,513073639261.6181,26481154882.304214
1754870400,4228.824213261163,510225780028.6237,43010572110.88258
1754956800,4606.809427709522,556502855391.5187,52840297700.59488
1755043200,4763.652535322159,575091067506.1215,58870844448.59354
1755129600,4554.291501538621,551514703070.4648,66924319529.18441
1755216000,4430.532465017841,534578587192.13434,50038927770.639565
1755302400,4426.826913311333,534150282399.6513,21104759591.061535
1755388800,4487.118013759226,541923097741.9142,28100356151.382523
1755475200,4317.2757573282315,520793172158.0575,43935703176.22011
1755561600,4074.495786100515,491872355111.46844,41626342123.38552
1755648000,4330.491598768078,523004794309.38104,39857177022.84433
1755734400,4224.438592580698,509951239220.54224,21703206731.83165
1755820800,4829.225541798332,582817007170.4178,61856673933.04883
1755907200,4773.884088598777,576242312916.0488,27814037595.094646
1755993600,4778.109161,577227233251.8729,41157770217.98017
1756080000,4381.626176071471,529509245849.7141,48217069690.885376
1756166400,4602.369685333965,5.55062E+11,35263906282.176544
1756252800,4500.1451479982325,543608856125.4653,35898825608.295586
1756339200,4507.560431032719,543249516158.12427,29189873860.227936
1756425600,4364.358521430426,526830870964.3115,38006835596.328514
1756512000,4373.360357620914,527539496668.2519,19199178188.100254
1756598400,4388.931464519364,529740073153.04834,22269795530.723904
1756684800,4303.202222745541,519534784996.7176,31725195638.84437
1756771200,4325.856306225941,521450862214.85895,32990260980.341236
1756857600,4449.8670977283255,537549763927.1384,30818352470.84173
1756944000,4298.094660544595,519319443328.1493,29893273380.076374
1757030400,4306.613513100346,519830732357.0378,37950930494.82325
1757116800,4273.110024157841,515852185188.91895,14497961323.191992
1757203200,4304.032421076036,519663340480.02106,14920604279.616674
1757289600,4309.685702772004,519912892077.1541,26393884729.75394
1757376000,4309.342746120013,520461727067.3641,28408982228.170376
1757462400,4347.476803670656,524803924739.0028,34848418445.62599
1757548800,4459.319016,538261336997.6129,33593064568.960487
1757635200,4708.841744149995,567724477218.3574,39138140052.58744
1757721600,4667.699652630318,563397805739.7904,30452117451.68358
1757808000,4609.786110950785,556354045428.2224,23827529566.903904
1757894400,4524.244939102515,545926863107.31946,33863743706.690956
1757980800,4504.266635522813,543407922913.00836,28053763147.05997
1758067200,4591.768794331328,554600592896.1794,41727122821.76891
1758153600,4590.6367372135155,554210013387.6136,29381752919.13096
1758240000,4470.479474009387,539242810184.06946,28156319659.26727
1758326400,4481.799472368209,540941822331.27405,14314030981.454111
1758412800,4452.87113,537406899904.3973,15910684640.581882
1758499200,4199.951774017639,507148578276.2705,52988093949.58233
1758585600,4166.1905498775295,503209949445.43353,29902684711.810097
1758672000,4148.656828,5.00734E+11,29988924904.58222
1758758400,3863.0632875907245,466825639887.3833,63461265827.195854
1758844800,4037.0979210260916,486889364203.26996,43443403793.85234
1758931200,4018.167453105732,485207355886.1105,17011629273.367075
1759017600,4141.839664086501,499628731251.1227,21656522951.624653
1759104000,4215.612789,508909498092.11896,34604598515
1759190400,4144.230463371581,5.00219E+11,34013325290.49775
1759276800,4343.951983440489,5.24308E+11,42741046618.56157
1759363200,4484.006245909478,540553843152.3364,41104321433.11955
1759449600,4515.759068159723,545075315730.44794,45970576945.09693
1759536000,4487.706651673285,541611848322.7991,20597928707.86516
1759622400,4515.321391965295,545075062109.96124,40355486904.311195
1759708800,4689.131734746596,566339901682.9528,41164885082.65789
1759795200,4454.328463,537522914209.85065,49804861779
1759881600,4527.578004547945,546454608029.64813,36623453163
1759968000,4368.649439385323,527213250874.5829,42731695438.879875
1760054400,3835.632842050135,463578765352.86365,90784076986
1760140800,3749.218185954949,453043143808.8669,54140013164.198265
1760227200,4159.729307791921,5.01175E+11,57642806541.61372
1760313600,4246.217461554773,512317800004.74445,46426992105.166855
1760400000,4128.888447033946,498801738230.5064,62876294833.97642
1760486400,3983.1544356894233,480502921991.1765,44806571765.16941
1760572800,3890.1993012479857,469582926617.41595,44673230679
1760659200,3831.244175835675,462727285553.6246,52519500424.67195
1760745600,3889.4990302043157,469204461222.8663,19845543405.385517
1760832000,3985.0765644046796,480734836101.83966,29233928200
1760918400,3978.7901551344357,480395580826.9953,35767064768.00727
1761004800,3877.4871979550117,4.67811E+11,46069514674.15889
1761091200,3801.7907952382916,458856134706.02246,41712359613.706055
1761177600,3855.8421162401205,465361564940.0126,32116755772.61905
1761264000,3933.232269901015,474759372126.45776,30026152396.570248
1761350400,3952.213557935584,477319399731.4925,12389144280.82482
1761436800,4161.590896249249,502918445052.51886,25813518444.008472
1761523200,4123.206220671679,497221249584.5864,36948961061.03095
1761609600,3982.3127893175442,481161348044.65594,35659878225.70066
1761696000,3897.359267616961,470349941761.83514,33522381291.769722
1761782400,3802.2953645331804,458793317252.3975,36685058456.47925
1761868800,3847.298177365196,464417354244.41925,32814597904.07948
1761955200,3872.2118961957594,467387016348.6048,12518543682.642963
1762041600,3910.0947691627284,471549372393.21094,15511617607.50217
1762128000,3600.715502,434149656995.1001,47914058739.68866
1762214400,3296.7437604313104,397489340792.3503,68784285690.87129
1762300800,3427.6905913706814,413918683595.6081,44374527842.85683
1762387200,3308.918164921951,399007356776.52936,33880974985.82207
1762473600,3434.3512285299594,414691375367.5941,38972602140.84989
1762560000,3401.4594003397083,410599145957.86835,20876971421.901554
1762646400,3576.2547046627064,431294295578.2351,25994213654.36895
1762732800,3564.6105957999334,430271977432.51276,31866555691.672695
1762819200,3416.781328259322,411969837331.5966,36501187500.23736
1762905600,3409.6144555411624,411695018306.39923,31722707429.919136
1762992000,3235.7276362968546,392354946592.3496,47957135381.43061
1763078400,3106.601287865052,376914348602.9677,45035057857.22528
1763164800,3170.1129807404664,382460593691.1359,19159039393.797318
1763251200,3101.686799,374435480317.1664,30332766567.569996
1763337600,3021.3021576301335,364584346775.1596,39723178401
1763424000,3117.2225871583155,375944681644.45795,40531057646.65946
1763510400,3017.7483614097955,363582387251.9456,39173261740.03148
1763596800,2832.068358334293,342850824587.94714,41625324784.96392
1763683200,2764.735218675169,333838550169.9107,49920072209.17851
1763769600,2768.6178294996353,334406681065.5302,15277324087.122278
1763856000,2799.8149340924633,338053142179.2997,20170660685.078762
1763942400,2953.327645752226,357075035362.9083,32699089921.17828
1764028800,2955.046469321271,356667974212.06213,23359001752.780495
1764115200,3027.477249132549,365169111971.85614,21096541004.26908
1764201600,3015.6118196920934,364039549664.8285,16563145331.437607
1764288000,3033.135645414151,366085841851.63794,20184482703.163284
1764374400,2991.2330117032593,361028197396.32526,12634811464.603792
1764460800,2992.8341859495977,361717332403.24976,11969903297.072994
1764547200,2799.0367919901605,338070271128.47876,37491168510.09445
1764633600,2995.751149322771,362328288750.46765,27518473791
1764720000,3195.4089919085554,385765592436.29456,30631265956.32816
1764806400,3133.698235618616,378383036980.8902,27914236368.18745
1764892800,3022.6564205232035,365052689720.72375,27606937714.571938
1764979200,3039.358573133242,366786121380.61804,11344831475.877346
1765065600,3052.976330436545,368370755428.0437,19363787894.936527
1765152000,3125.321462183988,377375140776.36505,25795397174.943024
1765238400,3322.469217836626,401258190140.9822,34333058805.569298
1765324800,3326.260211637518,401626272710.5994,31463676851.579826
1765411200,3236.0986208578574,390987823733.6906,29805046871
1765497600,3085.316694358101,372579486045.7623,25083388430.41613
1765584000,3115.225428835284,3.75946E+11,10086309656.917572
1765670400,3065.4912355563642,369527922358.0662,17335964454.11176
1765756800,2964.488557692104,357786162656.10895,30596317990.005627
1765843200,2964.2627915054686,357203725063.4325,25164041190.99286
1765929600,2827.8041755024283,341276921875.79224,26836168118.615532
1766016000,2826.5948465107654,340860880536.8325,30216518962.55933
1766102400,2976.796869557769,359446094628.4511,28622463845.69733
1766188800,2977.162263207443,359186900440.0731,9046978663.974163
1766275200,3001.6008377810244,362519624877.1173,11543764853.447407
1766361600,3005.786780691547,362935746891.54517,21151887764.71905
1766448000,2965.193660040505,357776430595.61365,23108092257.350555
1766534400,2945.9878145019857,3.55561E+11,14559942619.27862
1766620800,2904.252344599994,350482502400.1858,11886240841.229004
1766707200,2926.695639112761,353065144652.60986,19054108852.23608
1766793600,2948.8621262576116,355905880030.65027,7543851649.166359
1766880000,2947.8597605720547,355840750170.65576,9618433974.572294
1766966400,2934.215601758931,354107974761.1568,28073445244.481457
1767052800,2970.055474481003,358439004174.8074,18029693561.070618
1767139200,2966.7741798134107,358047402285.7328,16641494487.095573
1767225600,3000.4191168879165,362099985541.6034,10247591868.396807
1767312000,3121.9006724537576,376770956000.15674,25946903012.673847
1767398400,3126.041091396286,377099111945.0166,12643882377.41065
1767484800,3139.057041912684,378922486584.18475,14200482273.251047
1767571200,3228.2962247842056,389933475562.2665,29465114559.519062
1767657600,3295.101927879638,397608381234.7261,28511408890.511658
1767744000,3164.794750249208,381974224305.5651,22954348981.589577
1767830400,3104.220322474917,374637574706.1186,21609631690.502533
1767916800,3083.1361173724354,372149000810.8756,19574607996.93425
1768003200,3082.9653288303607,372186920089.48895,5878919562.197727
1768089600,3119.3619360372772,376488796661.5709,10976584243.860346
1768176000,3090.2827206647894,373050228025.3664,21435545247.17046
1768262400,3319.9354070565078,400762250132.68756,35290013880.99956
1768348800,3356.4964063628336,405103415124.21326,34009585603.430943
1768435200,3318.2037023491666,400452010716.34735,29777568895.58042
1768521600,3296.062650076136,397812097503.19434,24378384071.00059
1768608000,3306.8712226908783,399282930965.6771,11391111157.284075
1768694400,3284.3194316465483,396399594662.77765,14974443677.834782
1768780800,3185.6644636922747,384410444146.86456,29820379988.891647
1768867200,2935.6234193160412,354099948267.15643,34750583222.71903
1768953600,2976.0491465641335,359040539115.96747,37121407320.265114
1769040000,2948.277889615024,355853612997.0337,22312421297.363728
1769126400,2950.9128485703054,356101993294.33496,22825744038.274715
1769212800,2949.197384616335,356007725632.75543,9410994743.450907
1769299200,2814.1853835458546,339890716407.5777,23388699485.203304
1769385600,2927.836546921288,353726198245.0733,31319240379.377583
1769472000,3021.091516998928,364796970141.98334,28728856609.94036
1769558400,3006.8071129555346,362995505292.5032,23451982502.82752
1769644800,2818.817890220326,340223818598.2187,37820864892.228645
1769731200,2702.407995,326260413678.2401,41803190280.20533
1769817600,2443.9290245632774,2.94721E+11,48591221287.94092
1769904000,2269.3288518651166,273917533154.59314,41592993667.771126
1769990400,2344.512261445349,282937489226.0722,51461557534.321014
1770076800,2226.985635575225,268883359333.4935,47572474187.92975
1770163200,2152.0870116729375,259876828100.02466,45329629877.16246
1770249600,1820.5693215574129,222173472032.49194,56436780638.71162
1770336000,2060.7349645674162,248748810142.69376,65078857952.97811
1770422400,2091.040353689534,252512585445.0919,40809475718.479546
1770508800,2095.1305644770564,253245483591.40662,19286038988.323254
1770595200,2104.4577921908335,253911548161.0788,25731465365.115547
1770681600,2018.9237788543585,243588125385.22418,23450565532.755688
1770768000,1939.4321739711042,234040160527.6989,23726060466.889244
1770854400,1945.7351413092624,234801316580.30408,20191974576.36766
1770940800,2047.3626742531244,247095469776.81912,20594568667.212955
1771027200,2085.5236826118394,251943149870.57593,16091018722.533241
1771113600,1963.9572853026268,237059805728.8081,31079407276.992832
1771200000,2000.6104432030938,241437650925.12573,19705943204.54316
1771286400,1992.004854467171,240295806016.11963,21432577907.82225
1771372800,1954.7534951528544,235735616203.12518,19828649642.21613
1771459200,1946.9092613594232,235006669215.33435,19134139969.172134
1771545600,1967.8121148578189,237381191118.92096,21428203502.98199
1771632000,1973.6643315860636,238204433973.60416,10481601460.735386
1771718400,1954.1913563168575,235501329876.95392,10142077738.794188
1771804800,1853.695790383818,223731652427.76767,31366211602.76786
1771891200,1852.8102933693347,223610046968.4375,19343806620.90055
1771977600,2053.1886740789387,247536737253.7812,26646705598.64601
1772064000,2027.3015182289616,244470152452.73337,23012726588.17416
1772150400,1931.3205870910035,233144085915.65958,21664624267.05581
1772236800,1965.036620141305,237260462029.16663,22174654477.74997
1772323200,1938.411487707785,233982481666.26425,22612368031.39022
1772409600,2029.443994398502,245115922455.21896,25981401238.01784
1772496000,1982.4582786533451,239664309988.1716,23812766657.95574
1772582400,2125.8345858015964,256536391246.6736,34189044586.860294
1772668800,2074.5222481851615,250411621366.98474,22447894281.234646
1772755200,1980.7782841320018,239165082328.51263,19315502583.71804
1772841600,1969.6937981965013,237705413185.15485,9708504242.945522
1772928000,1938.6249253514961,234130530358.1918,16256963053.691586
1773014400,1992.355228734493,240568829023.63785,23948772987.557167
1773100800,2035.2089486782504,245646280321.6054,24001624664.90548
1773187200,2051.7311684113824,247646084116.33203,19128555868.09481
1773273600,2076.5162283684745,250636874415.3797,20100511777
1773360000,2093.00634,252501564143.83582,28482320998.799824
1773446400,2096.556369062344,253100179300.2875,9282981861.045782
1773532800,2175.059915408281,262512054941.10397,14747913813.60742
1773619200,2351.172929558985,283735615158.5437,37734375007.812355
1773705600,2318.1196031651903,279844075617.11676,24944176216.695835
1773792000,2203.380058379178,266107991165.40198,24417846816.558723
1773878400,2137.450038431429,258058898457.4955,24108916783.710667
1773964800,2146.971987874902,259208652759.6241,16150931145.105274
1774051200,2078.0492129718186,251826217028.40793,8184480973.487277
1774137600,2053.1449566818205,247825857616.28088,15324406138.541382
1774224000,2151.498274966905,259554597861.1581,28068766677.710217
1774310400,2155.681761,260196677160.7846,17313748265.95867
1774396800,2168.2595767488515,261686587476.22174,16105449679.631647
1774483200,2059.332619583916,248549670710.29474,17644048977.134975
1774569600,1991.9001004362854,240350263112.52786,18794766454.176136
1774656000,1992.7681119939894,240522260218.70126,7979293174.014605
1774742400,1983.184167632635,239326397494.90433,10326299594.555487
1774828800,2023.824017,244309802342.48956,17467477810.849476
1774915200,2104.8765857093113,254040532514.3724,21496491501
1775001600,2139.0578887146285,258116059272.45245,18985751706.48486
1775088000,2056.8902960008427,248300421924.8768,18107142808.132233
1775174400,2053.6088145168164,247829585497.51974,10901803576.733706
1775260800,2064.9940579142453,249240961118.02728,6614766426.338903
1775347200,2109.005555869251,254592970362.67072,10308136462.203756
1775433600,2107.828320222534,254578699899.6768,17715610730.53405
1775520000,2241.8159903072574,270468163882.67227,21326991149.979954
1775606400,2190.478568186725,264371759670.03903,21125273662.90435
1775692800,2188.9744265525896,264230455241.25476,17278828176.633224
1775779200,2245.0457222392993,270956686144.31454,16110889862.863766
1775865600,2285.4701387600003,2.75867E+11,11696324641.23899
1775952000,2192.1608453362987,264544626755.8191,14967971355.94253
1776038400,2371.8632958349403,286322430134.9875,23820082860.198566
1776124800,2323.217827319875,280391279509.0663,24070653200.686302
1776211200,2359.683410161545,284827964173.4559,17326838284.48319
1776297600,2348.7047080527386,283412286692.5497,20472335141.626884
1776384000,2421.006954,292201557219.6431,25049986905.615837
1776470400,2350.9360042357484,283736558086.4004,13349871162.941334
1776556800,2264.8143990219965,273471912491.04132,16902057633.758123
1776643200,2315.024147296644,279392380110.18536,23156669965
1776729600,2327.5116327297133,280906616299.54285,17130568289.747871
1776816000,2377.9343971512685,287037182366.73193,20905574032.85398
1776902400,2330.8275816492055,281372763547.7247,19629913368.43663
1776988800,2315.512435446713,279460269416.0835,13635648616.699389
