snapped_at,price,market_cap,total_volume
1598918400,3.443832391414463,219913212.47869825,1802085330.293668
1599004800,3.443832391414463,219913212.47869825,1802085330.293668
1599091200,7.097694014200204,732822061.0330778,5688408416.882498
1599177600,5.702060553834949,647208421.0707141,2050756493.492213
1599264000,5.2565793825170735,632421347.5,1316669226.584856
1599350400,4.294819485815088,526520586.45950305,1074198632.0904953
1599436800,3.9084488115362754,487186362.8207511,697928916.8
1599523200,4.342896875450136,558449301.5904285,976430280.4460803
1599609600,5.138560549020833,670712373.8758416,776760499.8672208
1599696000,4.908146351132067,646853075.5,626823584.8121408
1599782400,4.868443821195302,691125372.1503159,363925152.74854934
1599868800,4.8449853913098195,689402232.1,341577705.09212464
1599955200,4.251913706,622352706.2677807,335772345.2750809
1600041600,4.341487121,641030584.1185127,279012123.5261533
1600128000,4.153261217519703,620840802.3152523,215900631.37764022
1600214400,4.243965217954716,636514926.1406465,370977286.8729862
1600300800,3.900844835698331,643770085.9726512,326043384.3933095
1600387200,3.8944884468656493,704073930.1747521,212356215.25192958
1600473600,3.7212077302504327,676286308.1652026,244544989.9204514
1600560000,3.3215235896179327,604064456.4319453,298746894.4948947
1600646400,2.692316035364427,484435475.7614607,384108414.06590426
1600732800,2.9633106457240044,540709193.0312451,438926126.0949557
1600819200,3.3087426484261653,603384806.4011482,487646893.72824025
1600905600,3.4063702284741098,624766817.7307591,377780662.24262124
1600992000,3.298512186270176,605086419.1414492,285868091.8782006
1601078400,3.374035991243129,620284007.0059217,198779007.34591478
1601164800,3.449721633623474,636858098.7676747,262845150.32599124
1601251200,3.3499527005941827,619474718.5315651,156290894.7283672
1601337600,3.122753139292542,577560863.2,260812435.53290272
1601424000,3.0775235695166816,573329621.3129594,223937288.66708416
1601510400,3.0355792285330785,568053942.0466825,311404752.2546533
1601596800,3.072774172,573608919.3394606,158485458.09938937
1601683200,3.2660325602917597,658475452.6602299,153578565.9021965
1601769600,3.1709281832503637,638986846.1577828,177367219.2
1601856000,2.8532854806443173,574630017.2192171,267899120.4802981
1601942400,2.9310426313836624,590704390.9094771,242609502.30000964
1602028800,3.0305303365473235,613902134.4513645,179057034.57620853
1602115200,3.0087042083703275,608790596.9414719,157171970.1050009
1602201600,2.941282437459054,594863487.4925164,114649947.17601904
1602288000,2.772325304871374,582236710.6524885,138696963.62674186
1602374400,2.7106759360451633,569460992.1533448,186029316.91562256
1602460800,2.8171776525337426,595487146.8850842,188714502.28583327
1602547200,2.6704541290239283,563330287.0275949,147809519.0275576
1602633600,2.537363184849842,536652174.1634711,130705348.51051356
1602720000,2.4099935458731143,509800102.67010105,219373066.75671974
1602806400,2.261015576647059,479933274.3121692,112447743.3022698
1602892800,2.3737984793597535,505102350.9126218,123598089.32183826
1602979200,2.251773695538215,482105416.9,129313651.14587164
1603065600,2.137337380125421,459013051.13185984,106587850.41473934
1603152000,1.9281765822237158,411540818.4,118641534.8189223
1603238400,2.206903889957113,472797950.4393272,344459948.36912775
1603324800,2.5486901663521757,546090935.4543844,407112159.3484543
1603411200,2.481258831059522,535529641.5250265,491671462.8606986
1603497600,2.8768344518769315,620585818.9074469,278969229.5601973
1603584000,2.6727746328917497,573849148.3657682,262312751.12296724
1603670400,3.0499147801985553,656695052.9585853,285676579.8
1603756800,2.9375999867578084,630203163.1012877,290189822.8639477
1603843200,2.9621343171056673,638318912.7352413,266553988.6727794
1603929600,3.887205642398383,837054899.1487976,476124356.87531024
1604016000,3.811713208353668,824295398.9563959,406943170.6587308
1604102400,3.86646065,832451942.6779054,416448751.32485884
1604188800,3.5777587515325266,770626828.1027259,418257582.48993695
1604275200,3.8288876767125397,823469580.4665115,404729766.5233903
1604361600,3.464279444082397,744366290.5439156,349115856.6319695
1604448000,3.7292267083245254,801066288.3822533,371297515.18057406
1604534400,3.841956262293396,823599938.8097627,451935722.0365768
1604620800,3.8224979962539907,819420815.5549861,457778339.4355159
1604707200,3.682139733095448,798274699.6803893,398423650.61119413
1604793600,4.160502959398576,888267428.9186445,500339828.16504496
1604880000,4.0532131930398485,875380216.1524823,494435418.46095675
1604966400,3.6756591848236986,787449062.6068666,406380440.1326761
1605052800,3.425366372063327,733369987.3925536,510984397.6844744
1605139200,3.3209595672215624,713179854.7216576,315218115.1560552
1605225600,3.462034852545152,743811283.7156703,183770822.29365265
1605312000,3.5421268078675268,759264594.5007293,198301875.29683137
1605398400,3.7534904564969676,809636090.5766013,280030160.1998901
1605484800,3.5610328724095686,766671246.6754014,373303587.5576778
1605571200,3.9717235369868873,857916550.9757915,406760837.4708671
1605657600,3.8823259032595683,836700609.7,274648451.3505504
1605744000,3.534025765,757755073.8714986,221582896.3096745
1605830400,3.6833395557210284,792687386.2649285,190879983.04395038
1605916800,3.6384933556617765,781382593.6960821,185973044.77553254
1606003200,3.760556589402304,808737480.2,217578687.13042405
1606089600,3.2913820712813653,715633175.9,240351771.39920992
1606176000,3.361203998549995,723460573.7,229534248.81601888
1606262400,3.2426462008000745,698376510.5489792,161320792.29777637
1606348800,2.969937981631195,640057166.0529337,221350365.76760957
1606435200,3.118612137908698,671894509.5713987,135658293.95547333
1606521600,3.330154879105268,716172377.6,153495615.07987532
1606608000,3.4930335781541366,749375717.9281832,183939528.11184648
1606694400,3.333949272776269,718477508.3040215,166152867.0011512
1606780800,3.525317976584329,757153519.1393195,204305925.8169443
1606867200,3.689865086597767,790423837.0289786,450100318.7514347
1606953600,3.770222155306193,809123722.4,327609257.4344026
1607040000,3.9630910759364646,850581432.1663342,420406907.87859446
1607126400,3.7641532671324476,810382324.7022611,275443989.3639796
1607212800,3.5282687910962203,759874427.4792111,262940014.01935193
1607299200,3.7537021021706765,805673159.5674238,325751402.0600609
1607385600,3.319324985614987,721651796.4986829,376531126.06884825
1607472000,3.5123352667827676,753575318.6977578,328898688.9358483
1607558400,3.5015609706547175,753044951.8807377,256537750.05243066
1607644800,3.416389638489307,732677812.4878981,233265501.35565948
1607731200,3.6002982043138365,779517935.1,326236005.2838611
1607817600,3.7353916631652893,804350306.1,223923394.32365412
1607904000,3.6739552008416854,795250241.3937147,201739690.8310578
1607990400,4.148643644474213,895773489.9060061,378751101.76500857
1608076800,5.171078271992416,1099631636.1653872,824702233.5266474
1608163200,4.744909770955848,1022200635.8040441,452044945.6698731
1608249600,4.8638885945031936,1044423165.7654226,608416547.3842144
1608336000,5.414757447881926,1202761112.676848,648980438.6245198
1608422400,5.2688424324048215,1126797182.5802603,559103874.0568565
1608508800,6.330039540016079,1362188547.6343179,584406673.4967331
1608595200,6.406673146,1373830072.1371005,506631176.12117565
1608681600,6.280021033,1347490392.6306486,378737338.54594994
1608768000,5.903025778292023,1270376211.550848,509558009.5915883
1608854400,6.262801429858156,1357012421.554772,436433006.11123395
1608940800,6.018278998231146,1303546945.5403168,446873138.1388761
1609027200,5.236977252369884,1121096311.700495,574251384.2802006
1609113600,5.559993812411417,1195720707.535306,475763756.95196444
1609200000,6.334450385881794,1358006365.812793,471258616.65286165
1609286400,6.829704203290314,1455037823.3210673,517580677.1981703
1609372800,7.368167682944275,1602472033.421857,760428730.2735196
1609459200,8.424171550248074,1813071125.511511,892977151.8689348
1609545600,8.671467056811906,1885359961.3471706,783750422.9999478
1609632000,9.188609041,1956879124.5671573,660717406.6388996
1609718400,8.621007459,1873169648.1414063,593261834.3
1609804800,9.032074483778295,1935928979.245395,614488308.8302047
1609891200,7.637283628607471,1646769126.744525,766163746.4
1609977600,8.711255875570838,1878962888.688168,777303127.8324175
1610064000,9.298225615765372,1999895064.9501379,642329832.0118979
1610150400,12.008801004555899,3457719717.4881573,1339750287.223756
1610236800,11.396887817550288,3257781268.7760725,1258031799.0660536
1610323200,13.79671791735524,3910299627.3158913,1870143777.972947
1610409600,14.826944209191103,4262672055.7619066,1988424279.4460337
1610496000,14.161866549890156,4050510658.044183,1550504012.752839
1610582400,15.645275352345399,4457719714.651553,1616973238.7223942
1610668800,19.390026684593842,5526735076.374684,2031907840.7746058
1610755200,17.638787124819952,5088183581,1777734968.623929
1610841600,20.358868956868168,5871493276.726128,1894362308.1348546
1610928000,19.072254090511567,5508085635.714836,1417633194.841543
1611014400,19.826955201427335,5686308871.089227,1207216842.8498006
1611100800,20.046299963873743,5769499937.505494,1359131427.8960867
1611187200,21.24196805398914,6321799770,1315724521.5155115
1611273600,19.32316884434958,5766938733,1124689339.6259599
1611360000,18.582838493435663,5535603356.336959,1135550184.047655
1611446400,19.358305970959584,5744354009.214107,1141451176.4957368
1611532800,19.513946965897038,5848771610.388897,893395008.2443836
1611619200,20.60618481654805,6189233659.319318,1565478791.2300613
1611705600,21.473246483515222,6429248007.496799,1010745029.005973
1611792000,22.70225567259063,6815508552.601418,1369634694.918432
1611878400,21.772030093739797,6540139184.216119,1039214054.5710523
1611964800,20.951094824035277,6278943841.250568,836712393.2404209
1612051200,19.986754437788473,5982610726.858003,1335067502.9401636
1612137600,20.433062816515477,6110386492.831019,950433946.5471517
1612224000,21.46977238015718,6427499907.742221,943695978.2
1612310400,21.197035107007075,6335641981.136545,893915503.2540938
1612396800,20.16573557832418,6006310925,1020159160.0554446
1612483200,28.950034318073403,8538609828.004031,4724011321.893948
1612569600,28.99642072286137,8684028167.072233,2784044933.1259685
1612656000,27.76431862935422,8280636144.036506,2673881785.2123346
1612742400,24.68155539,7329621210.892453,3163004782.431511
1612828800,25.369173807347188,7586409970.831615,1920254182.885666
1612915200,23.253500070929256,7007917770.101435,1468489900.049544
1613001600,23.134226150290118,7166061055.355288,1555077298
1613088000,23.618194960234987,7245382879.302461,936927724.3313073
1613174400,22.159001101083888,6884169920.451811,1089343433.9333875
1613260800,25.59269877101533,7871644853.559921,1008174261.7990565
1613347200,25.67386785155362,7938770686.177972,1396400772.2835116
1613433600,25.486634117740195,7933740066.481902,925993783.7850428
1613520000,28.36821522662155,8803390260.277868,2022857205.0127583
1613606400,28.30845896105933,8703821762.736952,1404842922.8853452
1613692800,28.445598876361355,14785796370.078287,888827927.7244853
1613779200,34.62139383,18000871947.13093,1920823408.536654
1613865600,33.47640430849334,17463301675.334435,1612019368.2656958
1613952000,32.89108641593648,17055000313.178308,1193543527.6781414
1614038400,30.935873695471596,16120109458.45097,1063837175.2574469
1614124800,31.033955819076773,16119273801.59986,960033602.6052556
1614211200,31.04021663066435,16155326738.583248,1186072896.1438892
1614297600,32.441688716023855,16859485766.807154,1289367663.2993128
1614384000,31.037886683763894,16125156715.344048,1122780113.965998
1614470400,29.673658313051263,15449946475.733334,1155570529.171646
1614556800,29.87513728,15471158515.32795,1050435935.9391568
1614643200,31.569448567574476,16441859239.593502,1132299457.9634585
1614729600,30.146638520374715,15673535367.824612,672286737.5289786
1614816000,33.21978583518823,17308220331.30915,1033158236.7801038
1614902400,32.17698744603948,16725882113.925303,1060350155.0867463
1614988800,32.93035554410295,17114962741.79377,716047679.7953068
1615075200,32.99523398020988,17238680313.11546,1381904225.604729
1615161600,31.092701843068866,16055382395.307783,1860453596.6625454
1615248000,27.52593052,14351045746.375404,1384567626.283326
1615334400,26.535513157787733,13766080139.981758,1128204980.870811
1615420800,28.97968240145328,14986439483.527382,994080902.7562132
1615507200,28.247568576614004,14681213498.574812,875673307.1945412
1615593600,27.844293459051542,14479575407.089466,689178656.9249266
1615680000,29.041643422657728,15091221585.909716,847402534.0052477
1615766400,28.54514844671771,14830155560.657837,734983623.0477979
1615852800,28.040616383225696,14611600101.943754,904458391.4378318
1615939200,28.709079158061698,14932924434.375237,1060884094.1627505
1616025600,30.075659430929772,15638764057.077736,812769149.4402751
1616112000,29.507122950273846,15421482342.437128,1265286667.7734768
1616198400,31.01591744556072,16153866456.885544,781106912.3643713
1616284800,30.73890642419465,15962072689.870068,873130951.2701776
1616371200,31.353608762428344,16309533174.93992,1030841238.110863
1616457600,28.616200276208147,14935901075.534973,1161207835.3831873
1616544000,30.201264605450547,15720242344.032288,784904383.6115807
1616630400,29.526547822825073,15391195971.55995,623441889.1
1616716800,29.760904501950478,15457242677.44422,722036765.6834116
1616803200,29.91271945032329,15524034940.501959,764898587.5221801
1616889600,36.735779630390006,19144430314.82384,2889481177.5018616
1616976000,35.50202012840731,18342267583.03701,1708890469.5460348
1617062400,36.073858891603614,18760824233.069523,1563535908.9805756
1617148800,37.86089086963291,19664554846,1766633578.7179375
1617235200,36.23721695811021,18872611505.577892,1448521982.9963844
1617321600,34.76754885144198,18166059530.99115,930619611.8500047
1617408000,31.781750820759218,16636767225.390648,1710254904.356988
1617494400,31.345466854040474,16366385637.621965,1111669225.0515075
1617580800,31.968636497777066,16645899118.888922,1182004358.9389002
1617667200,33.48270701781829,17489937901.702545,1760452654.9309895
1617753600,34.52378462366297,17979588796.227318,2422363805.0182767
1617840000,32.938608193053895,17094009322.25015,1835635217.769972
1617926400,30.04206519744188,15768347121.559797,845624016.3105899
1618012800,33.74088767,17504824743.220337,1296891246.483838
1618099200,37.94415718429781,19685884166.76706,1427787042.7943268
1618185600,39.39452622,20462310547.94931,1441551893.2984433
1618272000,42.77086929696888,22066932316.44179,2010272799.5539074
1618358400,41.28410891505423,21517770855.962162,1436741925.8732455
1618444800,40.57540542,20966193258.520176,1272830731.9388618
1618531200,40.08584326017409,20835088800.041653,964031038.6379355
1618617600,42.417421270916286,22067117153.79229,1323773729.3610675
1618704000,42.32269339,22048979110.985138,1408960631.853989
1618790400,42.88409662272933,22531045773.149952,1954476083.0829344
1618876800,42.47966845388079,21999590396.306828,1720124312.493284
1618963200,40.19840651,20962663814.783005,1396000538.6622086
1619049600,39.77171645958462,20632351275.40186,1221999973.987672
1619136000,40.42370981187069,20932492819.19116,977685689.8255162
1619222400,39.4754067,20524013783.96639,892216906.0464505
1619308800,36.454616478099474,19013078262.77166,1183918067.8499138
1619395200,38.555430916027646,19963462059.02463,942658968.5069667
1619481600,37.40945146400453,20098489560.89826,2133706915.0563972
1619568000,37.51936038935535,19299424611.485252,1744373142.223216
1619654400,40.22544259508307,20911930977.554783,1045198452.0654036
1619740800,36.55976613318917,19080609069.71218,1294761149.773782
1619827200,36.43459798239508,18911255214.574574,1081920780.3901498
1619913600,33.18296109492979,17486595786.410786,1169372530.2762883
1620000000,35.231647792055035,18180660856.575863,1070183144.2233391
1620086400,23.625986818896006,12602366216.180325,2347113052.2678595
1620172800,26.30903252569058,13622752331.077631,1497329159.6214447
1620259200,21.781769473055505,11295503726.290405,1297490718.634286
1620345600,20.460067083643683,10639247156.097713,896183979.1636194
1620432000,16.913349979685155,8778467225.508617,1347195505.5785525
1620518400,24.579134515943508,12878834883.380674,1560905596.6696143
1620604800,25.129927338613786,13108865636.031528,1417237167.7640603
1620691200,29.256707236847536,15192076749.16924,1120612438.329353
1620777600,28.615899227629843,14836553003.975842,1048647538.733989
1620864000,25.932450370779268,13549096794.244926,1086783846.448085
1620950400,23.18797655591545,12177437998.951092,823387645.3608849
1621036800,25.72221760366559,13344983979.306942,804144402.1001518
1621123200,28.278773730108192,14714510558.33837,1083684313.7629218
1621209600,27.37967331184594,14266743888.35211,800121553.8413837
1621296000,27.733691070025866,14403678265.638166,613791896.4466391
1621382400,28.75424608109411,14968848107.548033,567018549.9068279
1621468800,26.500007502544737,13806645099.143055,556617698.4203678
1621555200,25.62425935827629,13236003245.768808,416708186.25985104
1621641600,25.849304501320383,13451367318.93007,302334554.09403217
1621728000,23.998196888658022,12613482619.683756,469406081.3803765
1621814400,23.50606219407111,12280851126.168135,573377787.5
1621900800,25.172290372942854,13141278620.335745,656660732.7143261
1621987200,23.562079975609862,12312757984,393388135.73774356
1622073600,21.838306026417136,11344352129.472044,345103511.8275833
1622160000,21.378808119329204,11166271682.472525,346713410.0183862
1622246400,23.388039703826532,12049808148.719368,376549534.9242012
1622332800,24.264196404895344,12606959726.758831,413319010.2966569
1622419200,23.577694536943426,12276513822.119081,267487502.67906892
1622505600,21.75109184219665,11297376211.979023,295392167.1372831
1622592000,22.22397138305936,11471300283.315557,234616308.5022973
1622678400,20.373643563724542,10602984406.393543,285357050.2664139
1622764800,19.890780818849283,10330166414.915752,213488836.21143046
1622851200,20.816261009063304,10823711568.175325,315251721.43097115
1622937600,15.970704786655926,8387199550.742471,537297119.7960297
1623024000,16.370259750854522,8477216957.694404,698852933.9350687
1623110400,17.829456504097095,9264928093.310345,479912622.4184925
1623196800,18.06671512,9393951389.235577,302161046.4
1623283200,16.172249519318125,8426299423.967163,317218521.35496515
1623369600,16.008507036063964,8290522738.662094,244698897.6870538
1623456000,17.05550488466715,8855850307.056557,215956467.69514182
1623542400,17.748392141619405,9235160280.727997,253662366.82440746
1623628800,18.617033293943404,9707709129.910637,333680340.3347164
1623715200,19.26720516591401,10017017557.895962,347044248.5
1623801600,17.96679464680169,9333359969.878733,286288256.61330616
1623888000,18.232300860715522,9462758032.177608,220023562.3764466
1623974400,19.41652670979206,10088655008.249132,245778943.5241342
1624060800,20.872129596324438,10850342434.162794,486979400.4397563
1624147200,20.22755365275236,10525832017.973541,422466660.20331514
1624233600,22.34452149,11608802353.412985,739973645.6841846
1624320000,22.410617142857696,11650837813.605581,429667893.0750782
1624406400,20.429657254052934,10616133374.327568,379510267.2532497
1624492800,21.093212814029208,10965693623.299467,321418439.99853414
1624579200,20.344892225542416,10577796005.170385,212659432.42385218
1624665600,20.670512408907033,10745319594.74598,187421690.5196427
1624752000,19.650443237701566,10203811744.744122,267560547.31672803
1624838400,18.395776782872908,9544733423.366758,272157542.0496149
1624924800,17.90782844904562,9290650396,421654603.94232076
1625011200,16.971667330116354,8830047975.515186,312619907.32282937
1625097600,16.379294474128713,8476614924.481534,266681158.65134493
1625184000,16.118714317230314,8387277898.2564335,247664806.27993363
1625270400,16.45270336749149,8554255182.256148,250496328.28444934
1625356800,15.759299836874757,8262119707.662116,303121489.4236345
1625443200,14.636733740674124,7631443233.002677,295482578
1625529600,16.768448517662996,8689643628.797651,384141492.3870195
1625616000,17.599181819826054,9149059874,310071792.08237046
1625702400,18.617164835114142,9652174791.000511,355034093.2487028
1625788800,18.283330956972087,9505862255,285379632.8571276
1625875200,18.383557953902127,9563991875.950897,277562389.1273952
1625961600,18.57870420102536,9684226981.427572,503649048.5
1626048000,18.731983667535037,9722571438.938078,372578995.64020014
1626134400,19.07803500737772,9913956668.465853,385362059.2539111
1626220800,19.546490989603406,10188404386.786572,333570030.88653743
1626307200,21.000309981643756,10914562607.27556,514663303
1626393600,21.90700669271654,11388284080.773903,410758851.2426803
1626480000,22.050857431867442,11374697963.401554,475683658.3046339
1626566400,22.468917766292304,11713474226.219545,425771626.1368887
1626652800,21.41376815339753,11132368109.49126,414981350.9002622
1626739200,23.546564925203725,12203745070.555143,552814277.8
1626825600,25.364984329625802,13185352005.618793,699296574.8443508
1626912000,26.214585749633507,13638910793.55033,490333635.44662476
1626998400,28.30665016473112,14632225045.70902,640825905.2788377
1627084800,26.65311952,13848908166.127323,432207756.86523604
1627171200,28.42273296218297,14573644344.62927,559545305.4371892
1627257600,28.868715507562644,15013840775.823084,724256684.5684078
1627344000,29.031721500927375,15074057039.901127,652752265.9145696
1627430400,28.028754374629905,14535927994.461237,569346100.5724059
1627516800,30.52004018660741,15856553007.358017,554988172.7884215
1627603200,30.13190406546406,15709168426.900194,487706691.2486086
1627689600,30.229737157087037,15696675064.012932,398902724.6627441
1627776000,29.218431294975854,15369230973.244715,546782677.8158648
1627862400,26.35032936668778,13754741700.155434,767742020.8837827
1627948800,26.630549471228242,13939845220.537468,627293390
1628035200,27.643619146577965,14176608464.345716,507667360.0519697
1628121600,28.738833900684718,14905083711.957464,442776320.4657239
1628208000,28.291433894164413,14703038938.084696,407137434.55326855
1628294400,28.42693985918856,14791766057.127138,383614067.72628266
1628380800,28.75728667351617,14987643095.19138,386748324.09930193
1628467200,26.77179065368033,13915252559.242048,422140396.1266143
1628553600,27.077363423424202,14097395315.886988,333577741.1507848
1628640000,25.862155444264562,13527339633.983707,363793501.6424933
1628726400,27.321717596132913,14213954708.107561,360776831.10807395
1628812800,26.837906981641478,13943939694.124075,223173120.5389269
1628899200,26.807944322685128,13913928721.295958,284267513.9509906
1628985600,26.885263942461396,13907754624.550062,402930910.5194873
1629072000,29.584571334506826,15407946680.882442,783954256.7844257
1629158400,31.046203646618423,16128419939.488716,877875674.6056006
1629244800,30.040142481537107,15623666079.300167,447984348.17267776
1629331200,28.623355682511562,14865045190.274055,954422714.9122263
1629417600,28.665792727999378,14958201738.923065,474162337.7009957
1629504000,29.311467400794093,15209137505.750956,427663408.8834084
1629590400,28.98576814,15099884141.550049,693745684.0444742
1629676800,24.38639184,12666014861.150581,1253299880.9540975
1629763200,23.22861441308951,12086066790.036985,769781310.3119571
1629849600,23.32336275031101,12160029204.92636,559191926.9142579
1629936000,22.2399536,11542729782.078453,457902342.61321795
1630022400,22.700283175074414,11798032959.641006,321145858.24093807
1630108800,23.76869187716002,12383055974.262342,403802698.38031536
1630195200,22.771388719460557,11820309693.926575,444930553.3328914
1630281600,25.720757464694312,13398897666.149889,570879782.2
1630368000,27.336005128349605,14240178335.679047,608722043.9
1630454400,26.308136967057173,13659160597.02458,564251576.4125971
1630540800,24.259108602571118,12674179714.18533,433400713.3422504
1630627200,24.472819261661684,12709544325.478378,246937881.13616136
1630713600,23.90966517887373,12440989942.969387,214205298.33376074
1630800000,20.804334039491096,10765678763.924232,532993825.9955752
1630886400,18.890292091538726,9794322823.098135,495596372.6922228
1630972800,21.503103783527575,11154749131.830667,447596020.9366132
1631059200,21.550892752146577,11202622681.346418,262156345.59227794
1631145600,19.61618782407427,10234832653.054922,432897752.10196656
1631232000,19.57306612,10175032976.193539,265078098.44406733
1631318400,23.89103927141869,12335326028.85768,1583534191.8509574
1631404800,22.401602671180427,11705363838.061554,1066548559.201311
1631491200,22.92769637259505,11941770347.722538,1290304392.0435529
1631577600,23.027737869615603,11953447834.325663,780794940.0415272
1631664000,23.444191741619605,12160020538.521397,517424055.80485976
1631750400,25.649286449470036,13277805312.414595,700423037.2220021
1631836800,26.179755695964374,13605115540.597916,594393104.3635079
1631923200,26.04467964146302,13544155546.82248,343004136.67424315
1632009600,25.30198270800669,13186914971.83756,402599015.45757943
1632096000,25.68138434437301,13374376468.79977,375749110.0562405
1632182400,25.320647294586117,13161254609.740164,424072459.6737592
1632268800,25.58976334289405,13290767666.732708,374299517.9287694
1632355200,24.71668626322126,12877029267.88737,320602934.3428465
1632441600,25.188946781577314,13112639636.089043,246026272.24079916
1632528000,24.25958741977626,12596667450.01749,298370108.99057794
1632614400,24.173775112369412,12538232546.85345,272560317.22561675
1632700800,23.39744685,12176411994.978714,277583514.93383485
1632787200,24.659355079343797,12807967415.35932,612128286.4
1632873600,26.287032072807154,13655956591.022598,463096854.76787454
1632960000,25.959057583396287,13469626951.61446,467610593.4761424
1633046400,27.115156511010372,14109694105.964958,490412060.36575466
1633132800,25.956708048552454,13517782444.022202,362912523.4963745
1633219200,25.45183909327181,13249316619.383533,381059639.28097886
1633305600,26.055926937919846,13521198538.479465,235616325.6185462
1633392000,27.061804141763936,14116940632.190317,282780675.53800875
1633478400,26.136095297178066,13620429173.75453,360470398.49380153
1633564800,25.737745960793273,13396792973.20243,316915450.5564987
1633651200,26.895967517648277,13991892055.482813,239143362.51760715
1633737600,25.902067523263014,13436193398.80736,233726870.8243837
1633824000,26.750025601213512,13876299668.889229,221176714.29690504
1633910400,26.57560130933984,13863398310.464426,519809746.0227959
1633996800,24.27394983657263,12621541966.392387,631783400.6071733
1634083200,24.93149288604943,12892763063.118904,404365417.4404958
1634169600,25.386267520044495,13216408015.20217,275110408.0008915
1634256000,24.86926669144443,12931601553.448347,174909252.06662568
1634342400,25.011298870406137,13016475092.944597,196887636.83941272
1634428800,25.684430663504198,13320068600.346914,325966171.10612214
1634515200,26.186411835532677,13613199661.370922,240004866.09131107
1634601600,26.820991603723186,13939660255.072443,432736108.73912287
1634688000,25.848940310613933,13332587493.122667,374650977.7138912
1634774400,25.66873466870404,13331260347.526468,279022815.7785823
1634860800,25.174340117666308,13076005779.500847,221034141.72072372
1634947200,25.417209638018548,13211821545.092915,142846713.19310066
1635033600,26.264021602674635,13725860573.632618,316870671.19881797
1635120000,26.394726357209127,13715816807.319756,491603513.1992169
1635206400,25.35358811562353,13136983216.709534,669815422.1928518
1635292800,25.499125965432686,13244138246.010714,297645670.53125006
1635379200,24.67103241828684,12791948273.388115,263284355.60103837
1635465600,24.754864235929144,12870930023.999826,151320123.18706572
1635552000,24.670772800228296,12760905804.825857,146910206.71877486
1635638400,24.087916667441473,10913264374.690987,229177551
1635724800,21.806468653815546,9888225316.591719,476385159.5100474
1635811200,21.969649131520242,9889058522.679012,247906181.61374262
1635897600,20.05158583805857,9070582652,294366411.0934441
1635984000,21.304314237857245,9610398035.361753,208319586.15252754
1636070400,22.084774165189376,9993833783,176706364.5645827
1636156800,21.891278757622704,9948254980.979748,140874640.9469183
1636243200,21.009992507374793,9504718616.516567,273495206.1
1636329600,22.21686894778159,10066987312.425707,239152711.74100003
1636416000,20.803458368586636,9416239526.669228,211810003.99384075
1636502400,21.358945729460117,9682038994.951204,212616477.46584344
1636588800,19.235845344059115,8723435955.020412,259627590.1347406
1636675200,19.391606140942276,8762994782.117992,136997332.6
1636761600,20.153853948586786,9129278048.595253,230952471.64708793
1636848000,20.29900441101022,9207203592.374037,186503290.99447426
1636934400,21.13669846607353,9552390673,265088533.7885257
1637020800,21.000235442858717,9510282841,1442110523.8328638
1637107200,22.410591780861726,10179540979.144365,528379668.84629166
1637193600,20.00089128703292,9091030086,350186791.9662855
1637280000,17.158542762267786,7744403218.243596,666558587.5187391
1637366400,16.502373313763545,7464310711.589789,252732765.0444307
1637452800,17.36494075887961,7864089526.276569,312164904.99461937
1637539200,17.182460282360324,7756283239.280649,248443038.0032914
1637625600,18.617777852630475,8420623180.051245,339747630.2110108
1637712000,16.29163597776951,7415821822.4717455,222285915.32513908
1637798400,15.21049069997762,6945579696.047356,224213820.00092262
1637884800,15.86968723476298,7188199474.414531,234184794.2909364
1637971200,15.995855683677975,7236036545.745928,117043567.16608891
1638057600,14.168878818136777,6405984609.041324,191162356.95425445
1638144000,14.975146635898753,6760600797.510072,154326906.40696946
1638230400,15.208929189148954,6873747914.790969,184226251.3
1638316800,14.418605204408896,6509173367.275765,164456010.6876684
1638403200,14.995422443035723,6780760105.392688,173354577.4688836
1638489600,15.60350298,7079436114.854531,272350359.0339215
1638576000,14.959625340689453,6812863161.629472,163883727.8687343
1638662400,14.530517192162566,6611242460.677133,192997528.0838154
1638748800,15.092040775445797,6836206763.939692,122244219.32420419
1638835200,16.217342471774156,7300839750.974775,294587585.91815317
1638921600,18.1924473,8254251151.597789,447561502.94980836
1639008000,17.505148846217573,7918724485.184883,290641060.3945436
1639094400,17.537060100939087,7945507642.388939,187727004.90565735
1639180800,18.676675766974135,8456341814.067242,297810185.67494124
1639267200,19.119611915933174,8696115030.120722,386293727.1779752
1639353600,18.466954809675723,8420176951.428101,546891039.1464801
1639440000,17.139968666548977,7671892844.642082,487610754.7416053
1639526400,17.788046793465686,8019700129.286913,267822524.47823623
1639612800,17.05830184651069,7753293078.668879,329523183.0561472
1639699200,17.501847838535845,7871351888.593128,193649960.12109536
1639785600,18.348436916562584,8343500803.632382,200986078.31763113
1639872000,18.438001548948492,8317395673.941978,349235836.40987164
1639958400,18.34947387011855,8379921295,367529749.3567232
1640044800,17.262822629223788,7817771109.9296255,598856112.4889485
1640131200,17.112550442129038,7771888608.8541565,371135407.1952639
1640217600,15.79027176297993,7162044295.704788,342193383.9076947
1640304000,14.927288377919501,6790463199.234768,210466197.29423183
1640390400,15.823337635503357,7121755730.477916,187782680.85240766
1640476800,15.153966304360306,6860283160.319833,333262112.5922411
1640563200,15.97779568078496,7245529400,244065462.98323056
1640649600,16.290485912012684,7388383969.861952,187540953.95189214
1640736000,15.52612016492403,7028508057.289675,197545035.8897999
1640822400,15.89940701,7150804294.586346,164792850.67984357
1640908800,16.51926189795963,7456401716,172548231.7274185
1640995200,17.817398456993278,8061471199.847374,283876395.29941833
1641081600,16.67824658931984,7548770207.648419,228585499.62698308
1641168000,16.02754175,7261510283.540719,322581583.96439093
1641254400,15.227559180256545,6927607148.945237,177065025.7891576
1641340800,14.506779564061542,6594573194.418234,187145589.32718566
1641427200,12.686008497168798,5772334730.960954,317049832.75441504
1641513600,11.136930996808857,5017654024.921903,441031582.29041904
1641600000,11.45787883753577,5198687603.027313,252834532.7666554
1641686400,10.706164212693748,4853155187.423784,345513535.14553297
1641772800,10.60169522,4811642019.716672,146509053.0415314
1641859200,10.586966442085584,4813169166,190402572.4705652
1641945600,10.354887538487832,4685739364.015536,222642076.97784084
1642032000,10.64818653341198,4821733206.321168,140599201.13813204
1642118400,11.160835080693072,5029897517.126268,140517292.4636067
1642204800,10.812983496148206,4891557632.007505,121674779.18687208
1642291200,11.821568758106157,5350103702.135525,188686362.69292253
1642377600,11.131706866519266,5081481681.628662,201198953.96225333
1642464000,10.527186084555577,4797674242.8635235,155703800.61764374
1642550400,10.37585211640912,4721507053.301103,145052882.76761064
1642636800,11.16271937446284,5051122013.318024,206975026.31835535
1642723200,11.27329712435244,5158545600.0009365,223355185.9222134
1642809600,11.672352622949472,5282571242.457044,139776285.46359187
1642896000,12.420315055798907,5701985420.204432,338109747.5841357
1642982400,11.975032782531308,5456125250.838112,298060077.8186966
1643068800,12.341530975173566,5637974827.683045,203745379.37944034
1643155200,11.466955084830381,5231067791.780671,217946924.1484444
1643241600,10.639600061772352,4839679349.986822,159487919.51773322
1643328000,10.631060675233787,4834121994.740909,118674741.92915803
1643414400,10.40167687026673,4745683194.2879095,100356151.11160272
1643500800,10.633201833377699,4857521465,103155997.53266482
1643587200,11.457872478769238,5247839830.258367,144847656.4648082
1643673600,11.275430657190888,5182355554,162316059.8
1643760000,10.384682910361432,4738850792.654248,143764591.73775673
1643846400,10.188848988445855,4664136975.573783,278756735.6909444
1643932800,10.042087530766615,4578536050.050418,320490928.6926976
1644019200,9.372992760251742,4304788308.464038,226955309.62626088
1644105600,8.575630302435522,3920300517.890558,219848531.99416193
1644192000,8.885495196593787,4058842543.3751054,204967875.77835262
1644278400,8.796991216521429,4025018293.9636965,156268305.07420203
1644364800,8.826630645067649,4020537310.301049,320695697.72649723
1644451200,9.253796653291035,4237673500.2755446,167619274.40524194
1644537600,9.012953852573915,4107259774.6016736,125974287.46945135
1644624000,9.831894657903522,4478401196.315649,339481367.52301085
1644710400,10.525030747660848,4787537581.346277,341529733.9484143
1644796800,10.342881712205621,4714482329.881444,267936948.6
1644883200,10.043152390513903,4576049355.918441,202766777.1092666
1644969600,9.553477533,4376770206.565952,146606100.28905657
1645056000,8.795329083,4025606412.3001933,150911972.45021883
1645142400,9.027803425756073,4110442815.9722443,111642726.49075088
1645228800,8.480805436031925,3874731289.728572,126572801.95996918
1645315200,8.331288430352368,3812712780.8547807,163558541.98425993
1645401600,8.831294622955216,4035386858.4241767,167043184.94718587
1645488000,9.199759013,4194225959.9891334,196495607.10922635
1645574400,8.678539792235188,3962379574.427554,164760251.56611413
1645660800,8.547459478634407,3915053739.951719,153854400.74473712
1645747200,8.491282470755426,3879549735.9610705,110647689.17694634
1645833600,8.189723818,3735854603,101924400.69666795
1645920000,8.479568026782994,3870636331.3589215,127334053.13374445
1646006400,8.704165867026969,3983593852.336534,123839923.33120614
1646092800,9.094631529597489,4184960568.7826314,195345740.94933137
1646179200,9.229875962920401,4204808399.964854,151673394.35907906
1646265600,9.648556773082635,4405149546.824707,173550796.69008273
1646352000,9.701114346800242,4425351861,240108370.14121893
1646438400,9.321216119,4256486480.5230384,153390474.48299477
1646524800,9.340437810217253,4241776802.904745,176215313.93668678
1646611200,9.754439051132483,4458552368.256108,235868859.8862974
1646697600,9.959023245120845,4538889445.363732,176500242.80752155
1646784000,10.756056740794612,4916324686.155008,248534317.08586955
1646870400,10.59594867132352,4834139133.941004,241682607.9178862
1646956800,10.590299176671197,4831873621.240823,131336479.91339953
1647043200,11.36912551184716,5187071219.785837,211625094.50361976
1647129600,10.905331187795923,5035856922.383954,276939594.8
1647216000,11.235609339077042,5128474101.903624,292037060.0525693
1647302400,11.723972479629662,5371278314.605804,341394902.58277303
1647388800,11.273916790342348,5113517891.073793,411807353.2931195
1647475200,11.561870189207653,5274434746.579509,317202808.29444736
1647561600,11.641440983466449,5356540270.200389,325152865.2463068
1647648000,11.840640165823816,5397825242.733619,255464050.99341494
1647734400,11.514511858623413,5245982095.301616,298104491.5
1647820800,11.121389726901944,5097265687.918117,198454846.53311127
1647907200,9.958215434995202,4574274288.348962,259628205.6
1647993600,10.50879462071014,4801989903.250153,173246571.47927883
1648080000,9.700015782,4411239545.1249695,170605232.63379654
1648166400,10.061683612231342,4592010164.481435,141330229.9242992
1648252800,9.899916003377163,4554458781.281416,129232414.95120221
1648339200,8.973346928,4108833899.3789945,196401823.44663894
1648425600,9.338132942483872,4258624291.0815225,154454554.0060409
1648512000,9.669931169849665,4417528136.223829,173476317.4550886
1648598400,9.480959756074112,4332695040.341895,241774505.6341256
1648684800,9.782725248147651,4464839715.595794,212769873.7445336
1648771200,9.681017668747264,4420026618.365196,123148473.38237214
1648857600,9.248984012533617,4210176506.8919177,108728932.05616748
1648944000,9.408531797888667,4284331897.210475,190254311.91027102
1649030400,9.542325418552261,4355102439.108299,184917575.47011477
1649116800,9.315655273,4249790881.919595,228786826.19602737
1649203200,8.854250696565396,4036339289.5998187,269622259.59249705
1649289600,8.914595923843425,4062047232.8331885,235387003.6082136
1649376000,8.92756022,4089790091.8392262,198552473.5170905
1649462400,8.708833045879937,3986891472.1637936,146677989.0901207
1649548800,8.748473414451308,3993084205.0305014,187117186.9427658
1649635200,7.989289101125338,3644347510.9572425,145441709.45052564
1649721600,8.208366291126188,3745292827.8910937,125434522.90553276
1649808000,8.159683772882001,3723644917.506213,130543645.5100539
1649894400,7.631518579426889,3484938981.1340513,163917976.32224727
1649980800,6.797648835249359,3102491916.639066,172927933.8320396
1650067200,7.128141302793755,3254761881.6529202,179026086.7847157
1650153600,6.943098533196583,3172746797,137409676.82355812
1650240000,6.859513750837496,3129667065.4508405,121995280.32948676
1650326400,7.967551131287762,3630133118.8537292,205861823.5495361
1650412800,7.333328468495086,3333194180.734084,213334177.89321706
1650499200,7.629119192993809,3483253624.870725,215152378.03268862
1650585600,7.192052219084856,3289505348.971894,214880501.59788293
1650672000,7.103723824784541,3249417427.6207275,187047484.56010005
1650758400,6.028475447233021,2779604665.6080413,300454510.1
1650844800,6.065574442691099,2766560088.0572615,300253201.50196445
1650931200,4.865179130268883,2231130704.7249503,418461145.8330321
1651017600,4.682426161647365,2160254656.6190715,291692043.75473946
1651104000,5.081028180473558,2310355264.678907,176479881.51784235
1651190400,5.196500559588547,2370053323.7891383,153557763.4741943
1651276800,5.448514899153683,2483831971.813869,141912477.8925957
1651363200,5.044071874021496,2304277543.094121,141209299.0171937
1651449600,5.488522943509913,2503550357.157436,145869807.6904334
1651536000,4.889554713303301,2233139018.796584,126666412.53239416
1651622400,5.196582889899486,2372592744.037563,136719783.05882594
1651708800,5.1133478977269196,2334568902.256062,146065626.23914576
1651795200,5.2545475621497895,2398287637.3256283,103437975.0501693
1651881600,5.512927698138637,2521147054.2102375,109062718.26581852
1651968000,5.624137432668483,2565164296.739303,184248874.3
1652054400,5.597277751,2554018625.184302,165675098.31074482
1652140800,5.617416101481032,2568869893.1616225,141052195.6227811
1652227200,4.975035292927397,2272151482.0193634,175348015.58136055
1652313600,4.674746833242666,2128185856.602611,181374274.08139843
1652400000,4.994720792959564,2285350463.027301,102210398.18530162
1652486400,4.947217052644926,2257235918.9402194,92444516.51259902
1652572800,5.646552310207259,2577478218.438251,150485459.08361638
1652659200,5.6982071980594755,2608012124.7952547,143079299.72859225
1652745600,5.163742402199935,2366107700.3767233,138342965.54125816
1652832000,5.314722540022476,2430594073.346453,110774955.14161678
1652918400,5.072534909335424,2311317081.659861,88557850.55571747
1653004800,5.130145770737965,2331778655.2070765,80433276.65345566
1653091200,5.095311658443449,2326013451.6792603,79836168.00690593
1653177600,5.374565248327553,2430474809.7473936,109534290.27984285
1653264000,5.258954948632062,2407250762.423074,143877951.66164538
1653350400,5.077872757592375,2320764184.896532,111655416.75302458
1653436800,5.201505099547337,2378244367.9540763,88900079.86794302
1653523200,4.814774973245526,2194354193.3117547,96818301.65469491
1653609600,4.366809131474856,1993951073.4803374,102739259.53982706
1653696000,4.117554746,1897060921.795877,105134092.76852797
1653782400,3.6055288524294844,1635283476.774644,161572713.91440386
1653868800,3.9019400542929983,1781552368.258051,123495616.89617488
1653955200,4.3915074738203534,2005655089.0543613,162579356.7088333
1654041600,3.8332233006204928,1741778375.6754208,124639922.9546837
1654128000,3.949137577237492,1811446897,85862926.30287446
1654214400,3.650215234803636,1665428166.3442647,118449601.07982692
1654300800,4.174484368010058,1907863859.528442,119436136.61716111
1654387200,4.312163531249892,1957253572.1901767,125206165.09847249
1654473600,4.749206648,2169119974.8405356,176542889.57881597
1654560000,5.017461831440449,2290499197.9077144,247997409.92539543
1654646400,5.630104483601156,2567950758.3850565,191955638.0092547
1654732800,5.508927136140834,2526544170.0926676,157050225.2152059
1654819200,5.629471741883889,2575547874.748558,110462241.36716096
1654905600,5.607490144844299,2569357370.8853774,137419403.3474657
1654992000,5.338196410728705,2436652532.2592897,118781835.62399021
1655078400,4.907910357381373,2234493683.836119,110948605.83787496
1655164800,5.091088447421844,2328717821.501313,136088130.2007749
1655251200,4.918530168110173,2215983426.153656,146684755.4177425
1655337600,4.867836453186656,2242111814.8058767,121090953.69121864
1655424000,4.919960847575498,2244933279.955148,109168680.00323014
1655510400,4.9204332968295255,2245233199.8773103,80839854.46775879
1655596800,5.273515888103023,2399880140.0534306,85316805.36
1655683200,5.311673527886629,2428327365.7777123,114939604.02607225
1655769600,5.356435551139787,2448794351.532313,119463852.88512047
1655856000,5.7519897577916685,2631559059.7796893,115103631.85988162
1655942400,5.853430160369747,2685487137.185173,136984574.37986976
1656028800,6.473935896041253,2960165941.0797153,185530913.19583526
1656115200,6.255603208,2855617702,158964823.05410635
1656201600,5.5719837731417865,2546480948.572529,219094068.7751106
1656288000,5.5631050329976235,2564727486.0070653,214504875.28633222
1656374400,6.119881081521769,2786677617.134467,230293018.42462453
1656460800,6.991544177890516,3204133462.4507637,427487098.36336213
1656547200,6.797084793149021,3102356709.024673,239457373.58571586
1656633600,7.365305150839427,3362308427.8581576,222594177.61584088
1656720000,6.983129332537576,3203953491.623544,144574732.06138963
1656806400,7.327318978455757,3331415856.6639957,235640563.74255952
1656892800,7.334480007361536,3347415397.960539,295890996.99432373
1656979200,6.892589113584868,3151059066.7718606,246626565.09647003
1657065600,7.208311024883269,3297766135.488768,209512657.8879522
1657152000,6.902376937073651,3146249214.0407686,154075868.42237002
1657238400,6.994807073310117,3191012712.9601526,141534247.23314434
1657324800,7.225943171668019,3306860208.3927784,139282701.07177854
1657411200,7.1339548669178905,3285006360.981979,297788220.0890492
1657497600,6.629252238662185,3014804316.3849792,224154240.5240415
1657584000,8.038194232876299,3678876652.249352,359156616.87656766
1657670400,9.256365790122306,4232153605.4024854,593872758.0076154
1657756800,8.991849966815042,4145467056.7907515,384673097.20325434
1657843200,8.765900906414968,4001542452.9042954,254019713.4917234
1657929600,8.412465353817291,3845847929.9502387,272602890.9
1658016000,8.377634718176601,3815484195.1692963,201005819.65928683
1658102400,8.350359333454819,3837897818.8706093,284705561.5946138
1658188800,8.985543555178575,4133901493.526588,320199182.75512815
1658275200,8.863029602350684,4030756422.2666264,216526016.96338156
1658361600,8.919415214,4065885764.1679626,173692266.2599186
1658448000,8.790799894684914,4022743106.3194485,108882359.58501557
1658534400,8.791039114,4009261907.3187037,83745604.87
1658620800,8.797866248927201,4023057671.2001696,150503728.1624533
1658707200,8.465852753152125,3860658584.3291473,147778914.76458746
1658793600,9.200482237789382,4196736467.518332,195432734.72839737
1658880000,8.953902223548052,4089900553.696451,195006502.5798943
1658966400,9.231492767101333,4190990117.6300583,131774403.01577024
1659052800,8.992172963561977,4105231516.764822,121406782.66482568
1659139200,8.86802402,4048858035.377188,169823329.35512137
1659225600,8.487596374012835,3870731351.212564,171830546.06584132
1659312000,8.358089343613347,3806961894.7399244,145540639.56498542
1659398400,7.951894537329147,3629095690.349547,141829687.99111882
1659484800,7.614274031549917,3486610728.542949,131674854.23955394
1659571200,6.911861541755634,3144755426.385566,194398388.05793324
1659657600,7.018483200631411,3198136658,117242717.66195308
1659744000,7.238980058592153,3310168836.6166897,107277114.98041654
1659830400,6.9790200055324725,3176263345.6732116,149551841.46980554
1659916800,7.131990486212586,3253049640.7882004,126686984.91119508
1660003200,7.0464088366213415,3215622229.1014767,110190545.68405297
1660089600,7.033699817,3215555578.998428,106338723.24209042
1660176000,6.133331977148247,2786909804.559747,163172295.37330094
1660262400,6.073437821543046,2773082373.537217,104639961.14573488
1660348800,5.764991997558599,2635501972.9769325,95356004.40547784
1660435200,6.350542520532632,2907515708.3495407,107904269.76169509
1660521600,6.163301475217598,2819948140.616467,105976938.53303415
1660608000,6.125115168853497,2793283429,134215320.95428367
1660694400,6.332898275403515,2888832071.1322165,94232693.13504863
1660780800,6.382357382,2912133138.490429,101417652.1941877
1660867200,6.296323117846643,2877101942.5088115,53443312.97
1660953600,6.465545230152428,2950417551.1066465,69153556.16203214
1661040000,6.580184684,3024417794.4278426,98151322.79
1661126400,5.848429846645117,4410086495.421912,132935144.00974947
1661212800,6.128322519627089,4637926924.556039,91858250.11
1661299200,6.172504175094315,4649226277.368335,91120882.90813552
1661385600,6.498559738461215,4906096677.896451,147428056.83881712
1661472000,6.670928651690835,5025137963.200916,118407901.3653863
1661558400,6.485539387977393,4886424649.044754,103097539.80054569
1661644800,6.640459100458256,4999751544.587105,153618941.5561403
1661731200,6.042731255902864,4561491579.432594,128701413.60901722
1661817600,6.2030482580103845,4660618941,93596153.36
1661904000,5.875800521107098,4438359067,108654631.2295326
1661990400,5.809428027599671,4378676491.532915,68111313.31958322
1662076800,6.030038463664074,4543186169.515078,62616604.36945425
1662163200,5.4686230260594275,4135201501.9601474,80474947.35315666
1662249600,5.483130973870283,4143772649.845364,100185619.41594066
1662336000,5.296145552494316,3998178209.933585,71294879.91925144
1662422400,5.366569737317176,4035010356.3431234,108538004.59929575
1662508800,5.750867462819149,4333435262.240132,106188160.18727766
1662595200,5.9219147365361895,4484574254.805922,106787099.70723721
1662681600,5.797004572005534,4369588814.824373,72775258.09711422
1662768000,5.665178060404816,4261519782.2683682,64317107.67600176
1662854400,5.912863374636419,4443884657.095913,113057951.73849376
1662940800,6.392926808485947,4822931998.435526,227458444.80420014
1663027200,6.571668275775113,4955322884.841404,168195462.43595877
1663113600,6.366893069445051,4799652346.680209,120959299.86323705
1663200000,6.449789651318068,4860601042.926826,158714828.64574334
1663286400,6.399746772547099,4823140320.8635645,94829934.01969229
1663372800,6.253461921699589,4725134304.930617,135060189.68133292
1663459200,6.6409760475762445,5014935117.615237,161864706.93747154
1663545600,6.654146001154844,5020100138,166658973.04613245
1663632000,6.795147586410538,5119652288.056191,106455819.58988123
1663718400,6.864872449725943,5178407294.507345,144315494.55938753
1663804800,6.753943368440368,5086229249.260882,136193573.6349079
1663891200,6.515069127497363,4911460994.305966,71466320.97269987
1663977600,6.6305365180246145,4986924384.046281,59114393.032297924
1664064000,6.4012184229747975,4813719788,80774928.97245811
1664150400,5.986531541881004,4509618832.568811,107677360.85662068
1664236800,6.0587182276260085,4568938391.425436,65133312.18623727
1664323200,6.134284643401114,4623754177.013012,189175947.28956205
1664409600,6.300053685,4760731137.776821,146364641.50268418
1664496000,6.044824429,4557244724.786425,67132673.59495027
1664582400,6.103873212,4598676113.326317,55530512.65
1664668800,6.411170647432015,4828685697.007588,84220709.82577284
1664755200,6.540104832088629,4936156273.154763,129146209.49989708
1664841600,6.596896777870538,4955180899.075148,178212735.29441246
1664928000,6.086067562915669,4591490887.285317,156258200.55092138
1665014400,6.031616745696729,4533125984.707485,184700005.1092032
1665100800,6.091262338274946,4590343042.700932,77129897.86718656
1665187200,6.287377576,4733498801.730078,99192654.67104685
1665273600,6.134578583566461,4618545541.217412,104407046.88744636
1665360000,6.572516530111744,4950636963.345613,157895679.42817828
1665446400,6.719826319175614,5062240014.468626,156810503.5751189
1665532800,6.830931610112703,5160129016.085454,231523100.10429376
1665619200,6.871135837687884,5173563934.134061,259430120.06403166
1665705600,7.070248424944524,5317522718.360287,228460341.59612802
1665792000,6.900161241443228,5195567237.446771,171266477.52887878
1665878400,6.973267146791797,5245239506.658086,155703577.4265553
1665964800,7.126841470605075,5375258887.219984,222242359.2910008
1666051200,7.097751966036811,5351315424,249912512.17392603
1666137600,6.931824541663171,5216773780.395424,215877174.28522786
1666224000,7.536891047031909,5672097328.895453,298751768.41331035
1666310400,7.685619212659444,5811914190.814124,206669261.73811632
1666396800,7.077442954119303,5349861013.427424,172696407.77044493
1666483200,7.011834984600807,5278342715.528714,286058164.9913443
1666569600,6.058522969009832,4595361546.702121,387410178.28844416
1666656000,4.852348641006599,3662750561.4757123,305501409.60559636
1666742400,5.7614677235989085,4335997316.158445,309805549.20692074
1666828800,6.115676589436729,4535346870.409862,264148815.88289696
1666915200,5.543875687,4167838210.407343,242222876.60308167
1667001600,5.826857975211335,4351154810.054022,234866484.69419807
1667088000,6.071890571471863,4586662908.314141,209308154.2844806
1667174400,6.292715850580665,4746335341.889519,174099282.70583573
1667260800,5.973992823452979,4489495044.916041,124292419.22975114
1667347200,5.743560841508234,4334500340.676594,85678707.04914345
1667433600,5.851385996772919,4404388902,95781461.19
1667520000,5.767886969354576,4349855236.526934,64827819.201040134
1667606400,5.440128154967822,4101158227.716471,75519789.68864788
1667692800,5.197532276024897,3908735642.681003,138486879.58190128
1667779200,5.2797840184310925,3994409560.3907714,151639095.51117373
1667865600,5.493320142138577,4156239318.6230745,109211920.91705221
1667952000,5.451225943148054,4105196579.1634164,81025801.71001168
1668038400,5.415623603275854,4086896072.724891,90145065.27516909
1668124800,5.412829847064596,4076996629.978301,95357496.24874334
1668211200,5.408027820774965,4087542754.429011,65789199.78547693
1668297600,5.297633053860745,3993012537.9204254,75442476.76
1668384000,5.464484221894646,4124476225.1785235,65495410.030420184
1668470400,5.882552304312485,4439327368.465463,150433333.60032076
1668556800,5.888900528962114,4434128710.549324,111109736.36136433
1668643200,6.335947441103496,4766102165.587983,171245639.54493967
1668729600,6.102891886890248,4613353094.132692,106218617.00568841
1668816000,6.278590467868176,4733927906.961663,67613000.01333992
1668902400,6.180378214803869,4657393065.086532,94159417.10519522
1668988800,6.179808491466686,4647142734.333487,76895911.03361364
1669075200,6.023331445114929,4545496178.708692,80286654.61916253
1669161600,6.180169804659711,4655389318,82644954.34137882
1669248000,6.158734964956006,4635942273.740534,80223057.01293229
1669334400,6.070375482395842,4575833245.840452,39926476.74
1669420800,5.926524766395477,4462896141.216207,46283126.57696332
1669507200,5.9226557759099405,4463084986.402193,64069582.44
1669593600,6.089239044968137,4589431873.134235,93028749.84
1669680000,5.915107420220311,4461372499,88518069.74242969
1669766400,5.786407077224275,4370544567.691772,91776086.41
1669852800,5.296617847237674,3988210097.943355,112636835.82925606
1669939200,5.396114690110507,4073089144.0734463,81505435.82070029
1670025600,5.326501373647668,4034944952.6973896,34810559.44791612
1670112000,5.092643829728147,3843080447.7772746,60677734.16190145
1670198400,5.355466152157143,4037769710.9553847,53834829.070261486
1670284800,5.311116117485838,4000278734.0502133,44342462.62525909
1670371200,5.357034381676085,4029684866.7154727,53273082.46483072
1670457600,5.263563474799354,3958039591.0984626,54604584.53296351
1670544000,5.201876566883033,3924595426.222731,38279664.801380046
1670630400,5.153709467509256,3882946822,50213295.913799934
1670716800,5.194501546132063,3913981564.1677356,46975506.26
1670803200,5.1757430539121705,3896911038.859704,46721930.661511764
1670889600,4.968427091591303,3745457158.9652133,67181433.09385264
1670976000,5.047992763494686,3811069733.0296283,52976628.776065886
1671062400,5.090814365,3840064032,42294069.35497709
1671148800,5.164234348809018,3894646728.7911425,37403132.7
1671235200,5.242481069193306,3955247365.825856,30977111.614867438
1671321600,5.368474188191352,4043865165.497167,78224577.31704631
1671408000,5.384089988,4060855474.905757,53110050.26
1671494400,5.526428769984235,4160810021.189741,80075378.93985194
1671580800,5.370545995499784,4048183386.550157,47787838.01262789
1671667200,5.52275197,4166848627.1290574,51596893.92861402
1671753600,5.4199946976091855,4082582779.1746063,36819040.666090734
1671840000,5.563283996499086,4182344512.7225814,42282403.846038416
1671926400,5.7992141352811455,4371733711.1092825,100661016.9700876
1672012800,5.785740944530155,4358105743.054102,76581700.90494724
1672099200,5.929057816881572,4468043464.204826,76403883.65
1672185600,6.173137912420338,4650896016.426076,149298801.74787396
1672272000,6.295797342332454,4746241777.987224,115527931.79585062
1672358400,6.645678659993008,5008983094.608986,273871200.14506716
1672444800,6.586911096155631,4959404092.229254,124760426.82286668
1672531200,6.540456659667611,4928124766.807209,144423520.25296834
1672617600,6.350900007963674,4783959452.712659,112992669.74447821
1672704000,6.059122543199947,4570052276.791898,243950438.16776207
1672790400,6.151600705,4635310740.768301,86500898.72406118
1672876800,6.6894122891480565,5021405923.925657,99356132.48
1672963200,6.662915649818232,5019596977.933527,145286748.54093868
1673049600,6.908366418037315,5211773831.240735,196742294.78187212
1673136000,6.732527905209785,5072987925.743091,179016766.19054908
1673222400,6.2797661682890515,4726797402.408939,134829681.58453035
1673308800,6.612763093760384,4978519397.295557,133179284.08800672
1673395200,6.767940813886911,5107801678.406004,125994398.13099666
1673481600,6.855114465031047,5167647151.252717,113122714.56466548
1673568000,6.625428060102146,4993524228.735352,83844785.52
1673654400,6.927771192231745,5216260641.668172,111578516.05086303
1673740800,6.515987442754232,4895850264.760277,134367760.71424213
1673827200,6.571896618074111,4950354877.509898,86390157.19
1673913600,6.812223156241193,5131973700.192405,138975879.8196638
1674000000,7.130699317584308,5372497539.508585,282451216.90420276
1674086400,7.081787450705217,5341550599.496141,214357436.43524623
1674172800,7.210825238296472,5452151227.771596,120991965.70693286
1674259200,6.902350563098347,5209341125.726168,152160275.3191631
1674345600,6.653401520190085,5013990600.209234,122051283.61190645
1674432000,7.004281175372742,5275198057.423763,115435337.11068924
1674518400,6.8087313861392635,5127124089.843575,132774857.03231986
1674604800,6.310014346949107,4751637720.055791,232666392.5854352
1674691200,6.362063025433941,4800417410.206058,110964543.63352312
1674777600,6.490483725282534,4889440616.489142,61319179.75603283
1674864000,6.336013740478567,4788541183.751905,55568260.66
1674950400,6.248098425407604,4719337372.187343,110823011.79379751
1675036800,6.586161130730303,4964736549.649795,89763139.50202547
1675123200,6.926372616824458,5218345828,104923249.79301487
1675209600,6.513640579880445,4909634804.462306,141676612.4763968
1675296000,6.739587354743142,5084659621,140622726.7114035
1675382400,6.9780524652907685,5259714072.884988,182166481.58989102
1675468800,7.186187205995068,5430590480.568778,276928161.3935972
1675555200,7.343616321915165,5537166669.783817,137208009.54812616
1675641600,7.025608538497244,5290152345,134199509.16533245
1675728000,6.924052731605173,5225491312.696207,101986261.51448728
1675814400,6.9438507059082495,5222446260.967442,81020588.25357868
1675900800,6.568653365707155,4953848997.095033,103235567.05245478
1675987200,6.459062682067765,4870721302.483531,73830561.56497368
1676073600,6.598480575423422,4973963951.029317,56334280.11221115
1676160000,6.441450258149126,4856219633.403199,69144261.78599964
1676246400,6.493524153229285,4886356983.750283,74792891.18683127
1676332800,6.842873588,5163511432.224202,92398902.22934212
1676419200,6.6286727089246895,4996839875.863756,66207425.91
1676505600,6.269056560347043,4720317067.008948,93430517.42778255
1676592000,6.151329689500814,4634742406,47477406.19516595
1676678400,6.351564398894908,4785687398.890965,67388837.76285101
1676764800,6.336255526192062,4769738448.434144,67036953.221178554
1676851200,6.432217448965165,4841692941.465445,89491397.23963796
1676937600,6.104395164,4606454642,83838315.30961788
1677024000,5.7496048926674606,4318203589.575163,83784063.37549001
1677110400,5.626969108375294,4247092305,113367340.68499562
1677196800,5.444649516443269,4094908731.3937244,127610381.40830249
1677283200,5.920901899,4448759895.706624,95778901.55652809
1677369600,6.103962176916298,4607312656.441097,156409577.90712523
1677456000,6.337172612135664,4778406633.622736,150721803.59301102
1677542400,5.944203286974016,4471108270.619365,111700189.8008612
1677628800,5.9560626394948555,4494961245.416702,74736644.5
1677715200,6.434525099211981,4850651371.378773,103337353.20225722
1677801600,6.517213072592928,4906707585.367002,118017239.33196333
1677888000,6.543550238395471,4950693993.780999,104937608.92218415
1677974400,6.228732600810676,4692539147.2787485,104037137.83433619
1678060800,6.462487426899697,4866937692.808725,88904489.96774378
1678147200,6.116675340811141,4605459195.855407,108448456.75738014
1678233600,6.2755676292281395,4728609439,73585895.17012163
1678320000,5.8890193594955385,4466550832.675447,102979177.6712132
1678406400,5.754029491876373,4337745092.958157,66091097.60479686
1678492800,5.800199031626093,4385077664.651765,57699092.39824348
1678579200,5.660525947248859,4256049638.6439795,59826597.51401152
1678665600,5.825568909048209,4390251588.264973,50293552.121501476
1678752000,5.955668405366053,4485386843.358916,71109517.86530124
1678838400,5.900847071978364,4439213464.337526,82254798.81367911
1678924800,6.063573145528378,4573417060.292017,76369195.60046233
1679011200,6.099976197571637,4596201008.216763,57770389.40947745
1679097600,5.947417645108683,4483457783.042533,52966667.94187016
1679184000,5.932177865167837,4476485232.022342,76608291.46397084
1679270400,6.157015382841984,4640398906.882425,71436080.29964788
1679356800,6.234515118364167,4702342807.346953,70862460.43188582
1679443200,6.0757866237771925,4582672295.384517,62433929.03386283
1679529600,6.0051971208262005,4528856512.660218,64813727.02642054
1679616000,5.922685107095171,4467768898.127544,70164147.22346583
1679702400,5.916502659812081,4462993840.650317,69786282.31774472
1679788800,6.017906280950341,4541748707.564676,76821445.11774056
1679875200,5.9427672746404445,4479515267.831268,73765880.65
1679961600,5.947081789545151,4484300231.782725,93433196.78
1680048000,6.2024227415840905,4676133349.705781,90108545.24355485
1680134400,6.312428064511542,4757253852.019881,136752472.35840598
1680220800,6.270725118941805,4730457747.759178,78498800.95
1680307200,6.314369637403724,4760421604.888949,97055845.58948804
1680393600,6.128354460044427,4614340584.397668,81974602.93
1680480000,6.326601535312743,4776865098.725458,97706010.12340665
1680566400,5.830854623940246,4395024790.026744,150016977.1398572
1680652800,5.781358363829697,4356612694.123208,88882755.41745293
1680739200,5.460963153,4112534550.497599,93044326.31192048
1680825600,5.503001827931416,4149610005.538114,63631421.016925946
1680912000,5.428357377942011,4083709292.0179896,65067104.492585465
1680998400,5.355886119411101,4036698427.738177,72133157.92331947
1681084800,5.4657637965614105,4117759970.395816,69898858.60539685
1681171200,5.343480415641755,4025463789.2460494,101216757.12123258
1681257600,5.560931073536011,4190176421.711198,82636744.95158437
1681344000,5.534569038024036,4165451910.053211,54203057.56136658
1681430400,5.620434804045045,4241663033.937427,52912754.57467177
1681516800,5.478524383087889,4125723194.4009376,58568131.03685351
1681603200,5.336386953155325,4017411995,62538680.167213015
1681689600,5.323648012,4011770597.4010615,54559906.69
1681776000,5.388961149907478,4059212839.5621963,62764612.639644355
1681862400,5.2581636085987755,3967626639.247978,55332642.64224179
1681948800,5.550286184431344,4177003786.337612,112104381.47904067
1682035200,5.298448411794286,3988317785.3997097,110060038.16120577
1682121600,5.295645902257871,3972602974,74411643.97763474
1682208000,4.9769342380389086,3747756211.2091393,130407691.35307911
1682294400,4.952137866712602,3734143759.9614816,75246771.43736872
1682380800,5.126164265613257,3865719204.9667025,93210380.25991216
1682467200,5.071989941375806,3821461606.802976,78649168.82079758
1682553600,5.200394206308631,3916598557.801766,59722190.69131669
1682640000,5.104572183567251,3857966129.5559964,31681487.17635174
1682726400,5.127454340682844,3864117973.4872756,34390351.25421021
1682812800,5.134053178434007,3872167081.0188003,41021530.66574075
1682899200,5.148127872487039,3883581067.928721,36820909.94078297
1682985600,5.323265878631758,4003310495.2919188,47968902.96630712
1683072000,5.299538819429385,4001865245.9562907,54243455.96152967
1683158400,5.315559158771174,4009735805.5314417,33083711.101705536
1683244800,5.282601347523744,3981323149.984158,22957629.110239018
1683331200,5.112711767116523,3856578252.9796095,30878821.575482395
1683417600,5.0847009758442265,3833484546.952709,40166342.32
1683504000,5.071831947744865,3823091223.8781085,39282787.83545617
1683590400,4.981138395,3760123211.2750225,46725507.45643354
1683676800,4.946658611939229,3728187792.2276855,36122069.71729254
1683763200,4.979518491766715,3751508939.646949,33103542.508340072
1683849600,5.042688067861025,3799061339.9454756,30254381.965128068
1683936000,5.1465732836530576,3883289155.7623177,35511882.545518085
1684022400,5.1083120784852705,3852537116.727532,37096022.88737077
1684108800,5.133186116025315,3870222778.7081757,34204865.16030245
1684195200,5.019596019901262,3782203161.574936,38069391.83149539
1684281600,4.986500218626665,3757848972.454962,29163799.367806334
1684368000,5.064659058324651,3817969389.9448824,32496003.852201726
1684454400,5.084986421733185,3832403880.5061555,21835695.967822205
1684540800,5.020687249206742,3780133333.6833677,43120937.255126804
1684627200,4.7396709066482074,3571232006.4493732,65704388.93868892
1684713600,4.780431235608112,3598471523.1982975,45911546.193991646
1684800000,4.540025798,3418869249.4259586,53687666.95471741
1684886400,4.6386874698906135,3495295854.718223,32912018.037345488
1684972800,4.584901171055099,3454520605,32716543.00620039
1685059200,4.078229284994548,3076712266.0312696,153672651.51625344
1685145600,4.048602329066685,3050004178.7218585,41408534.670914784
1685232000,4.305720604590775,3242017092.022024,60594423.33
1685318400,4.281626359848499,3228122002.4529214,90346159.36472192
1685404800,4.405205222209189,3321050222.7485704,124135060.41602881
1685491200,4.425318248214352,3332985371,107071408.5739549
1685577600,4.547069656,3427071949.5757422,44452297.03416937
1685664000,4.521186781254822,3408510528.131619,39572251.25693703
1685750400,4.473370005233425,3372031312,33154149.46525567
1685836800,4.472911098862998,3371889597.5737653,31310703.85224233
1685923200,4.567656218615513,3441849794.9869447,37196764.37580745
1686009600,4.781255694449516,3607719687.505027,55557721.906195074
1686096000,4.734433086522055,3569120803.490653,46832911.55578836
1686182400,4.863651740696963,3665294760.7974463,33681540.46718968
1686268800,4.733149021943787,3566595361.310091,31930181.791870527
1686355200,5.449521567035398,4104421717.559902,164576751.88211188
1686441600,5.268417570805075,3963368827.934585,103362674.31228249
1686528000,5.273221018,3971865950.344858,43175670.553782925
1686614400,4.832597035846512,3644972957,55642415.932303034
1686700800,4.926370211570744,3718682161.878518,43870101.16223229
1686787200,5.275679373108626,3974301621.318058,102654717.90294623
1686873600,5.588350195457516,4206571344.434642,79361312.51206473
1686960000,5.548070005095347,4179354927.0325594,72340177.22222905
1687046400,5.511996184300917,4156539537.778073,68132165.13863741
1687132800,5.519097265774638,4163871296.825137,72588057.92673877
1687219200,5.419745194353509,4091876591.5538354,110534452.42183933
1687305600,5.295933815,4005105591,112359618.18981089
1687392000,5.473339370338251,4123937757.2371416,129461949.47216973
1687478400,5.239831474335247,3948151495,80677349.84
1687564800,5.225393051382017,3930974718.154736,58253589.77961489
1687651200,5.236427841732841,3942618699.605214,95112991.41875204
1687737600,5.254277973,3962690181.241324,61031058.59207186
1687824000,5.2766671700540195,3980439452.5544906,83974611.41
1687910400,5.848692012520715,4401811235.794664,149634536.29951772
1687996800,5.853676892378689,4405082707.093525,194213818.84711957
1688083200,5.803881775174218,4370988463.935703,84786880.94944417
1688169600,5.725484013292687,4317207361.100199,77683379.76112472
1688256000,5.911713113208832,4458614665.657943,225284913.31873032
1688342400,5.893496677972766,4437271573.311535,225162188.36511764
1688428800,5.875450517895142,4425299492.201327,107734170.76997088
1688515200,6.002500700268884,4526505199.704583,151525559.4990655
1688601600,6.210398336497867,4686213885.128025,171632512.27230862
1688688000,5.982876587649434,4518518585.238613,106587577.08880746
1688774400,6.152079778460655,4635924405.556448,96825196.01838246
1688860800,5.782928235919452,4356121040.272409,137309931.1944901
1688947200,5.790621725789195,4361792927.983698,68159391.98
1689033600,5.839830075983891,4400995271.152155,86533948.11809571
1689120000,5.866683821718809,4418699638.642598,84966835.09872192
1689206400,6.004977903803845,4524800716,75386780.16805533
1689292800,6.336875158789292,4770115438,102556022.06228878
1689379200,6.417432470180823,4831383010.632866,163753823.2085087
1689465600,6.543023064649841,4939848563.359335,207091595.1398604
1689552000,6.667360874179851,5018004775.009499,207595919.36945775
1689638400,6.146477296601591,4636203751.097334,156830051.0113192
1689724800,6.103865632692293,4607838660.810239,152523095.39482775
1689811200,6.061334060713692,4563844343.690116,99113153.13309556
1689897600,6.078771365,4579504375.642312,71065260.51535967
1689984000,5.937119516058473,4475165404.7708845,69186693.59065674
1690070400,5.862996640739366,4416775973.424125,103629249.20907408
1690156800,6.089805273,4592247579.321545,104895258.36695865
1690243200,6.269968099851011,4728469035,105496796.06514302
1690329600,6.189792763677385,4665684260.379035,94245286.27093214
1690416000,6.180008349186195,4657055850.094885,71188844.12848146
1690502400,6.2170567918918245,4684980241,61425373.16613283
1690588800,6.088591197811466,4587587707.722947,51621919.52496473
1690675200,6.257406968659907,4718189346.858134,82473378.47
1690761600,5.959560064521973,4489882344.513589,103881126.3090851
1690848000,5.451049165488188,4105510006.090864,176887040.0667866
1690934400,4.982680361983372,3754844518.235054,164864617.40104538
1691020800,4.907399846795051,3698749910.770939,125610744.77500671
1691107200,4.905424053114869,3697122480.014646,82017462.77351597
1691193600,4.898565946548346,3692837419.6790476,76845226.74096358
1691280000,4.768798125792222,3597190952.954893,86075630.30786328
1691366400,4.666247062221052,3513040746.0472407,116362048.91207387
1691452800,4.759962912061234,3588160432.3973355,123008535.30124581
1691539200,4.654428212140263,3505499789.861978,91870431.78288691
1691625600,4.549194700542477,3425394497.0714164,92870591.14422137
1691712000,4.601475953,3465605126.164799,59018115.94281438
1691798400,4.682350764728119,3531254396.333032,64869172.98665387
1691884800,4.672152369,3522062648.340901,65827719.45356313
1691971200,4.794863800798531,3609808011.3523774,104576228.4797512
1692057600,4.640675509,3500075269.080859,84513630.48022544
1692144000,4.3651626599275914,3286383181.1671214,105332006.83458692
1692230400,4.267576618703471,3215743125.1265993,81291212.30119306
1692316800,4.389263398511985,3309404504.5044937,67210720.91
1692403200,4.414684889074629,3328499689.4659276,65755221.506852075
1692489600,4.446842734,3349093306.011251,66740426.62830674
1692576000,4.372883505014935,3297960528.237387,69670800.85367496
1692662400,4.457635147779802,3358700557.949541,68513502.14813745
1692748800,4.4691531541840055,3366287383.4642434,56331770.00608466
1692835200,4.365747317385783,3289446865.666245,55154525.43556128
1692921600,4.322904575,3259318984.0727706,39750991.64335398
1693008000,4.219789006256054,3181085005.2533436,86153962.75040317
1693094400,4.102758535,3089393009.5930433,97809878.25022693
1693180800,4.198569169699893,3163134178.2116475,98876282.47174153
1693267200,4.254666061673919,3208506819.533072,72414758.43024132
1693353600,4.270521267809417,3217811990.5327635,77007793.46593477
1693440000,4.347395984193367,3276937183,71170861.55
1693526400,4.340973362705931,3272693311.9352126,86476803.37581795
1693612800,4.278795745,3220306228.521812,74401201.42
1693699200,4.355575237,3284515854.1187706,129510689.63678262
1693785600,4.409426049546783,3320905542.083153,107103889.60337025
1693872000,4.367912861832694,3295579511.834139,92272977.65440778
1693958400,4.243187301759727,3200368862.2220078,86374663.42
1694044800,4.262054886747929,3212653079.555586,44840118.34421168
1694131200,4.276451898,3220840460.4874434,38707712.54
1694217600,4.227113916,3185340697.195968,48848315.00621994
1694304000,4.2711626670090554,3216912132,56920332.20163956
1694390400,4.254098778720405,3207347586.2618055,55803954.83258441
1694476800,4.2483712773930264,3202369386.208141,106211024.8557004
1694563200,4.419510324461166,3332396503.1779075,94724652.75021143
1694649600,4.401030736692717,3317298904.831678,105857834.12702261
1694736000,4.460812190988856,3364186229.454554,63836845.12178572
1694822400,4.655743113278835,3511266520.642493,105792245.62853593
1694908800,4.470268006435837,3369515966.2425256,133253320.61968277
1694995200,4.362909584755381,3289056941.0534153,90263805.11006008
1695081600,4.306392371,3250318886.9680285,81591890.74427883
1695168000,4.308637099200266,3246482688.154275,64379566.82447281
1695254400,4.395092012261947,3312102726.237115,61523220.29167403
1695340800,4.368897950121557,3292609812.7007866,43440230.92860168
1695427200,4.345275425331237,3274873932.238571,36612485.661923885
1695513600,4.138099227120081,3122151788.4115076,84791677.22985105
1695600000,4.118319567316827,3108596039.9262714,56855117.154205814
1695686400,4.118909169841182,3104924060.6385136,55693943.99196523
1695772800,4.000670123667084,3018082592.1996193,61997900.72955605
1695859200,4.025403219814025,3033228506.153994,53710001.68891246
1695945600,4.084983281264708,3082821928.754815,38155872.93736051
1696032000,4.100530750301997,3092197395.4343867,36473884.721372545
1696118400,4.131109764138185,3115583087.256526,82048392.65524304
1696204800,3.8869061212226454,2931613730.4355106,98546237.09310468
1696291200,3.936176437867461,2970390888.2155538,63881179.26003619
1696377600,3.9285752168514336,2958630418.0874896,55279146.269709915
1696464000,3.9971859167499577,3014143535.3217816,77267440.81281716
1696550400,4.139877742498645,3120594980.0247374,72375355.29916482
1696636800,4.205720239857054,3124052194.707034,100326665.79532218
1696723200,4.365628373059609,3285136152.9897056,228084381.60300887
1696809600,4.217179936812065,3182369992.265277,356676575.7751301
1696896000,4.169996001602249,3139676199.1742163,219075397.37748024
1696982400,4.104720926603438,3088708171.6111937,288518401.6
1697068800,4.030118276173578,3037909681.9716988,165586404.23883522
1697155200,4.084331133501106,3073926054.641123,76463459.70056386
1697241600,4.154208192494763,3129814234.321765,144424847.99856773
1697328000,4.17784275,3146928586.3203077,212149669.98739824
1697414400,4.147340941,3123829338.429887,262547282.63817462
1697500800,4.757715354031566,3584308193.902383,679964501.2301459
1697587200,4.702988295136428,3549055160.755127,718892450.7505721
1697673600,4.667385981777792,3515673081.7827954,431551159.3404942
1697760000,4.703036987607448,3551028236.752737,282669217.8
1697846400,4.775412185635491,3605865636.253493,397950343.27459043
1697932800,5.120004362,3861091318.162686,169310673.1944385
1698019200,4.932375141,3710991293.5564733,288754356.51214486
1698105600,5.195357062988965,3916545961.4077063,158758271.9581143
1698192000,5.144556691137654,3875672877.483406,279883644.78503835
1698278400,5.285764597768319,3992007187.2495184,196328216.3236834
1698364800,5.400956175326216,4067886644.2695165,199265207.5336999
1698451200,5.415712073411506,4079380742.3045673,147733172.5199808
1698537600,5.252825950194345,3965491770.3360415,207281992.9771198
1698624000,5.055679004560087,3816782587.7956347,164629900.23162782
1698710400,5.384688745118397,4052973031.2820883,152781845.0034835
1698796800,5.207941310694823,3912048071.557743,197734253.4682635
1698883200,5.083686812064168,3840921171.802576,182323146.59534284
1698969600,5.063220237395723,3816486642.6287227,126090988.09393835
1699056000,5.233419063232131,3946317396.474473,92370751.97652948
1699142400,5.185068631560517,3901845702.428761,110421037.70341165
1699228800,4.899424821014925,3692484794.7901707,265261358.23544952
1699315200,6.122042109648416,4609969372.807386,465642545.9985891
1699401600,6.356736314580716,4798353140.796863,358298558.0042565
1699488000,6.1636573728611355,4646072344.019795,543431149.7
1699574400,6.180898666900646,4661076839.646803,276678212.2019208
1699660800,6.177968835665058,4638207328,271850262.88054794
1699747200,6.2928440095208416,4743845301.034433,545356319.9887803
1699833600,6.157620392477742,4638298929.388917,422768740.5303425
1699920000,6.007078066351634,4530083920.832208,264080997.49750042
1700006400,5.9539004042740675,4492284065.593739,284945608.2314774
1700092800,6.0122156028981735,4533068081.912121,268977022.37415105
1700179200,6.166383466,4642421885.411108,215255070.46978602
1700265600,6.059178109405703,4568069076.658477,300854425.18959266
1700352000,6.105775736680144,4591437032.352727,607194776.3148686
1700438400,6.259444730524235,4719014371.009459,421462251.6966677
1700524800,5.9932130989863985,4528763477.474179,394815019.95741284
1700611200,6.281495258154049,4735117189.853916,299006855.1608336
1700697600,6.5386185964959385,4927057721.631507,159935472.0693751
1700784000,6.8316050378076305,5150967325.571317,276249634.3292055
1700870400,6.599378841400292,4973401065.237968,157836863.93733302
1700956800,6.089716711570053,4590601232,206022425.9235629
1701043200,6.229275423341631,4700888593.172718,180769848.1034825
1701129600,6.2924906865165795,4745230673.019902,247449617.9728084
1701216000,6.3607304023147435,4793746017.856396,240596661.60194257
1701302400,6.026985885563229,4548176020.115255,105837101.2835301
1701388800,6.154178810491083,4634667096.819305,85342104.38377325
1701475200,6.070899799407191,4570736579.693169,169891551.23650053
1701561600,5.935193819640423,4471023198.819075,209822902.79560333
1701648000,5.829708165866221,4391077047,93313651.63255386
1701734400,5.926255544,4464790231.815924,140246032.2142136
1701820800,6.169051824095733,4652616541.900873,123393868.95606524
1701907200,6.401297311,4822483262.358521,309988578.17897695
1701993600,6.334079274205698,4781840649.586769,304513973.51338416
1702080000,6.854674607,5177258136,336314345.5800737
1702166400,6.972945348714778,5254920761.673428,193892458.25944027
1702252800,7.314332686,5520849820,542584243.0430099
1702339200,7.242606842,5460491896.944331,500348174.76919025
1702425600,7.785610561124434,5885921802.762528,773263166.0974973
1702512000,7.564943890054932,5699715570.345631,510085423.2895894
1702598400,7.387025834284659,5573324149.247601,266962497.3
1702684800,7.208745934,5442942271.065772,119134955.3985126
1702771200,7.61137217,5731811274.360192,192550977.9395409
1702857600,7.174654269095826,5396366971.103936,304540005.3433139
1702944000,6.433269911687921,4838431867.418168,465292031.43321234
1703030400,6.528889121901363,4919284409.472765,256703851.52440464
1703116800,6.4313903968695945,4842517884.699835,344124605.60824156
1703203200,6.3168178886033965,4752044552.059041,232139674.28772646
1703289600,5.998816864162311,4512515618.216039,156866748.82285005
1703376000,6.225144742983691,4694052226.042898,288722373.9387068
1703462400,6.000036465120483,4518689565,327794175.5552156
1703548800,6.561328959345228,4942934279.969297,364732655.05962884
1703635200,6.820376004259062,5147348525.924042,371775330.9623367
1703721600,6.616036423907409,4976938389.836223,398010273.8659673
1703808000,6.635126465253917,4996976094.986954,209919741.86800677
1703894400,6.319141773483271,4797088135.449742,166183833.3287305
1703980800,6.6889757444095395,5043550524.995117,284055530.0385403
1704067200,6.8376688225604285,5156908792,309145255.01308095
1704153600,6.767516243285675,5100319598.550317,198892493.15481678
1704240000,6.307510887915065,4778310196,106307326.76766625
1704326400,6.344688790520725,4781809816.104113,140352532.45083585
1704412800,6.466669389766867,4877687261,98624583.58881819
1704499200,6.3714857932069915,4805102197,59719623.30724876
1704585600,6.020439179627655,4542215602.716994,94535488.22393614
1704672000,5.840927321013115,4390288134.799478,118521414.1106927
1704758400,5.872442149306235,4428667210.421514,89196272.71665904
1704844800,5.750224729,4333103263.119644,72582316.38250643
1704931200,5.948574423289836,4483508804,84320475.56867526
1705017600,5.990690438550045,4517095837.735051,57309942.64938951
1705104000,5.947056739178938,4482340611.467497,68340219.90349059
1705190400,6.140104563085944,4632237809.544768,82189866.44920255
1705276800,6.259799832737307,4711686589.669096,92590002.02852504
1705363200,5.997855780566606,4523219604.190334,106054053.94006197
1705449600,6.043763969503994,4553897840.977931,86294871.45134954
1705536000,6.1360977061406015,4625514252.979012,74410067.83932015
1705622400,6.103826150712939,4598965364.973019,60613406.93632883
1705708800,5.985343619763176,4509545383.1401825,50972336.01921496
1705795200,6.000088989762442,4521758658.182779,57211240.305835895
1705881600,6.280766459994052,4732909073.850262,86597474.35878754
1705968000,6.390413673304703,4816577540.500294,75279093.04702635
1706054400,6.318867554480226,4766534044.201446,72162297.60837917
1706140800,6.659048094937436,5022976115.009656,109009852.85464391
1706227200,6.624057375529295,4991668784.918579,68193792.13
1706313600,6.673339946515092,5029769053.5582905,90632169.39283887
1706400000,6.843329598946937,5154808649.139238,94501042.80917774
1706486400,6.693592084590517,5045482438.195694,98911210.96085155
1706572800,6.873955720661338,5182233117.547621,93784740.95418473
1706659200,7.497788883544814,5655849829.1168585,182763018.1832157
1706745600,7.451381018286657,5618843219,155721572.79924008
1706832000,7.754282090270938,5844762324.377591,153507302.50560907
1706918400,7.640406138740807,5761176899.4333105,127864943.32781792
1707004800,7.700477314483653,5802898032.674857,122634738.0214956
1707091200,7.5545564155289595,5697285995.787028,153338822.03951773
1707177600,7.397372223925689,5576018838.756413,123346407.74366763
1707264000,7.359168364317255,5543614711.944852,105761908.20912117
1707350400,11.317665122471857,8520488456.800567,2038884181.8062036
1707436800,11.253037996975248,8482374817.463707,1539842423.0238872
1707523200,11.031062658352838,8301271644.559036,675909890.8343116
1707609600,10.581326121020988,7974770393.174024,561773749.2008692
1707696000,10.85916207950493,8183048170.246625,434667445.9051196
1707782400,10.926273759592917,8245708444.203665,539274278.8779181
1707868800,11.154712324929454,8456491766.085237,661251562.6337985
1707955200,11.605021156735438,8742808686,460785149.2091949
1708041600,12.586390720095386,9485328595.925436,727229937.3148303
1708128000,12.635592311370361,9507399170.234386,496391951.1266516
1708214400,12.394070675630116,9351753953.179592,419943953.6363961
1708300800,13.018919318560657,9765075650.749687,861475172.5147647
1708387200,15.399592822870906,11591873784.00788,1169448447.117982
1708473600,14.903807329932661,11224400181.533886,445581528.9366724
1708560000,14.635264268553014,11029439885.741413,413175406.4429853
1708646400,14.245182592492036,10736361806.438274,385076114.3571905
1708732800,14.235779165289127,10735347614.373594,329007132.6411064
1708819200,14.467225698337444,10922287650.439106,335351634.3980386
1708905600,14.05967517693866,10591406847.641474,339772364.6310796
1708992000,14.20168514400824,10704315532.264662,269779663.65970206
1709078400,13.94334006630839,10511145172.586414,327193480.1669544
1709164800,13.03394047646567,9824692319.485306,422024235.4003461
1709251200,12.012001440357412,9066674678,233710210.5128456
1709337600,12.442795917685839,9370472311.157959,234023667.5018947
1709424000,11.874479469921269,8949666170.577326,206210365.5982735
1709510400,10.632957689223543,8023507518,336421608.2351887
1709596800,11.91301259720832,8979138604.974958,279923130.19004315
1709683200,12.210379488905243,9207683253.797976,219871326.0329631
1709769600,11.701548977230932,8810364834,204382298.12880307
1709856000,11.65796634220743,8802040019.549026,139371088.8449381
1709942400,12.029269123901043,9072302753.607416,118424484.69395755
1710028800,12.424321569775056,9332288471,181815169.55908448
1710115200,12.71249240854875,9564380338.333405,183124857.5856251
1710201600,12.26149563390105,9218658276,208167143.10437346
1710288000,12.771151240598067,9639569349,191994862.80334416
1710374400,12.662617285916255,9542562114.446041,207495270.82355613
1710460800,12.620109363447014,9500841803.578302,130601836.89946727
1710547200,12.940884719484604,9744657892,176164498.2727158
1710633600,12.445302669670772,9382025032.609049,227282411.12151015
1710720000,11.321372536364489,8546813093.8452835,236860152.3460262
1710806400,10.891158133740522,8211223578.259571,248910654.23418102
1710892800,10.969897932375725,8255157457.585404,159301354.87754202
1710979200,10.943844698495417,8247494302,147172684.21284103
1711065600,11.242951348087896,8493601244.602848,97122792.93767375
1711152000,11.383718358193534,8589586603.460418,173879924.68747032
1711238400,11.634378815320895,8769489422.216375,151649273.51234263
1711324800,11.235485329484304,8463369781.085279,159582143.96002167
1711411200,10.00975333163021,7548155768.885396,477628992.2
1711497600,9.174412399,6912643627.002821,680449482.0084218
1711584000,7.927899245668513,5985776005,482876329.08271956
1711670400,6.936828799818913,5230122501.973461,520542669.7225453
1711756800,7.524654814652805,5680358814.396588,387849171.37701523
1711843200,7.253921432441522,5459439234.142981,271475799.61480004
1711929600,7.184043170652451,5419520569.523488,241784768.57756412
1712016000,6.881566773338428,5194386675.784596,145984500.48404643
1712102400,7.291195805685072,5499697578.143532,158833094.25504988
1712188800,7.523443247849085,5670656749.629968,205360918.39714223
1712275200,7.87027853,5928178837.837075,139116891.19139883
1712361600,7.721898066227294,5819345541.773126,106027925.4845843
1712448000,8.212417956885451,6193583963.738625,160582392.48951247
1712534400,7.958031670345502,6000003100,149032004.71270436
1712620800,7.706699105208254,5810983377.712053,155321179.15959236
1712707200,7.939948703,5994679125.120782,158635547.3119493
1712793600,7.696826434179438,5800727187.905037,131206781.51461543
1712880000,7.992747064014983,6020122922.848762,118624934.35064328
1712966400,7.8277680350321095,5901317034.720813,133319349.95229954
1713052800,7.698712041685844,5806328837,121382707.83354631
1713139200,7.035213771922804,5318186829.776377,172893410.75515783
1713225600,7.024762805255125,5305904748.605145,194951844.5
1713312000,7.114011977734488,5364988569.944001,115994743.0540701
1713398400,7.593532577816988,5730406008.8841305,151444241.69343308
1713484800,7.530152630790346,5677719970.6588335,114857901.07453829
1713571200,7.595106418833149,5726642681,114991273.6824871
1713657600,7.481196072183769,5641819096.325502,143528700.59220847
1713744000,7.409067327590579,5592314424.059566,114533713.27540588
1713830400,7.345011229939149,5531163243.843814,117040692.24322519
1713916800,7.501146355532003,5657267513.489137,99564091.35012515
1714003200,7.110694206459252,5362691275.818695,111019981.19621041
1714089600,7.025813006327048,5295955819.490658,87005627.56
1714176000,7.064875637,5323343233.352103,96211028.9
1714262400,6.998505289635385,5277434550.344994,136680996.63020137
1714348800,6.782256731470708,5112397454.975418,108713944.89495358
1714435200,7.365990495866022,5566351725.553821,123333692.59648955
1714521600,7.294885365896664,5503493959.473801,115126650.47541893
1714608000,7.492026575,5636851055,120093611.09725729
1714694400,7.8593570865746125,5923340325.975941,223635389.50343275
1714780800,7.653524064716959,5760144240.2192545,117969543.63219127
1714867200,9.331466865377843,7026103226.366882,335252586.3651422
1714953600,9.639909592,7255386964.919272,348136856.98819155
1715040000,9.311426642377898,7013543868.311818,252445630.48669538
1715126400,9.049075864,6823497237.123534,363119176.6350341
1715212800,10.167287340993738,7622028800,450461057.54121524
1715299200,11.31202443027654,8532860737.090478,590615164.0582854
1715385600,11.165498197403126,8418490110.704874,488612143.56992227
1715472000,11.062826474684524,8327520634.289013,281747518.44879943
1715558400,11.128633036752682,8438658112.319154,333539928.5158863
1715644800,10.444406360660354,7878719224.561246,262727737.22068074
1715731200,10.755324416819002,8097209757.006304,220008217.0775827
1715817600,9.982957282347915,7546355316.0894375,284661109.3630313
1715904000,9.884384052345508,7443477292.817686,153369882.3497738
1715990400,9.423074204,7108230247.352305,148805069.6921901
1716076800,9.495808384417835,7150238428.474288,182081084.91270432
1716163200,11.444278724747518,8616083167.152742,763402284.5014447
1716249600,11.165473120288302,8409770564.676528,383474982.63768405
1716336000,10.61862891861358,8005387955.637328,248638894.33677718
1716422400,9.822944654419304,7401543910.561992,275006085.00083137
1716508800,10.051903057870843,7564545843.683219,214423951.10750493
1716595200,9.815035219184926,7397657218.821501,182663315.4783889
1716681600,10.347048230394444,7788872348.459403,319140217.4055797
1716768000,8.983001324461004,6783279590.192444,385003760.84759223
1716854400,10.06710079882442,7577694370,456482979.4172704
1716940800,10.143655143652621,7652510413.626209,254579061.19990557
1717027200,10.42403029,7843281705.5071945,442609753.2092662
1717113600,11.509846298725233,8672103393.557062,466797378.2901624
1717200000,11.925312154838918,8818802261.583334,249194760.48863512
1717286400,10.605044538167471,7976398844.498074,341317695.9772891
1717372800,9.735728951967445,7322812280.278923,338216148.3606497
1717459200,9.951847536762227,7480309032.328826,333517326.7740421
1717545600,10.016164102098832,7553204822.8022175,238486056.02743194
1717632000,9.792163155049643,7384496646,202208097.39706174
1717718400,9.838321695974575,7415639389.509831,126524385.08109523
1717804800,9.767101323994115,7371648154.118893,113587914.44300477
1717891200,9.339651012552132,7028877212.716345,300045630.9035686
1717977600,9.497816810820343,7155600894.685088,163648730.90427092
1718064000,9.390195164955466,7077387864.672224,145666012.71764845
1718150400,9.486081026836507,7144564631.919527,158592990.72147623
1718236800,8.973087040291212,6756646581.622108,209460120.29366514
1718323200,8.838299426413563,6659364406.422397,108511597.22628632
1718409600,9.271199415782574,6971775587.154927,110730272.64174381
1718496000,9.143030515691919,6896106679.092963,171095574.12693486
1718582400,8.982856941173793,6767510888,163861859.3264189
1718668800,8.517400488847223,6423225305.367977,198710468.1
1718755200,7.648489183902398,5773098255.155269,245597566.30701107
1718841600,7.763477352380444,5853237005.605258,374143795.1674178
1718928000,8.196132440309597,6178429459.913365,149021030.7925208
1719014400,7.637985880914471,5740979574.686995,144181881.6295798
1719100800,8.038111048861534,6053690555.504832,227985781.36933172
1719187200,8.176257353536764,6161907241.680907,147946510.4041404
1719273600,8.035456904335746,6058158731.993355,162337936.72220302
1719360000,7.836686383,5899261553.078453,144977500.3417122
1719446400,8.107710032627699,6103280596.726938,139176255.24504572
1719532800,8.157166344279524,6152207385.725932,114995862.85421991
1719619200,8.420472803107046,6364643587.853469,145239754.37456906
1719705600,8.604429093,6476270385.972871,201562928.25931212
1719792000,8.192429118244762,6172122055.893497,294966958.59776026
1719878400,7.930303109972664,5989100917.789447,207014301.7
1719964800,7.835636688041853,5905506172.488457,173975443.91042227
1720051200,7.986243483637675,6019305177.320237,164613146.35349616
1720137600,8.018414610794983,6046441846.285368,142762807.96382758
1720224000,8.134358329708336,6120079910.696118,165363220.18125924
1720310400,7.816383409158743,5887506383.235727,158436304.0050457
1720396800,7.722132813552943,5823270678.327417,187127526.91724652
1720483200,7.423798687830681,5598491674.057884,142403305.16821587
1720569600,7.292098882042814,5496037000.318017,181553513.71304205
1720656000,7.687682267123249,5795068727.484681,131417170.69770043
1720742400,7.690879390950054,5799743888.348404,147444627.11099496
1720828800,7.534459977308169,5681279264,89711922.18221763
1720915200,7.68325267,5788152937.681014,148588114.40094995
1721001600,7.389599402967727,5567690515.838168,111869162.86256929
1721088000,7.221625915234028,5435565682.507975,111429977.88150793
1721174400,7.198000032916047,5420683672.906944,185630073.95819864
1721260800,6.608558475984919,4982384424.571095,172181362.6914686
1721347200,6.653760618409511,5002218072.021239,163007327.72161335
1721433600,6.150494412950168,4636037674,194967991.98222485
1721520000,5.36445623,4056641128.5278163,554453603.7840503
1721606400,5.784585969776968,4359013772.218385,210137635.44475937
1721692800,5.652582782524631,4267549704.3605046,141262527.7630374
1721779200,6.294741975867114,4733090769.047853,161476474.54939663
1721865600,6.141242651740763,4629064004.840877,116795565.47359121
1721952000,6.1921481045280755,4667570851,70375988.58948271
1722038400,5.917395098048755,4457426580.802224,89904006.65166299
1722124800,6.252405978093792,4720621602.965064,127761506.3901922
1722211200,6.35033081,4786667689.028472,112311179.06042932
1722297600,6.434914277781843,4850423887.594332,122107583.11749752
1722384000,6.216132311136777,4685370939.598836,121505531.28084333
1722470400,6.499180764467558,4902255884.868471,136030659.27235413
1722556800,6.408196916102874,4830285230.930542,78788970.56006789
1722643200,6.169508113,4653474006.987767,91137304.35559687
1722729600,6.206987389726217,4676969854.672943,96848198.72698781
1722816000,6.265508986722843,4723953798.680065,107668601.04517762
1722902400,7.098396531344237,5349548723.560753,219797656.75646225
1722988800,6.919896458944655,5215987289.843815,143025135.50537425
1723075200,7.012458950596476,5283237567.766343,188159344.22480157
1723161600,6.9176207879670795,5205542552.813444,166248156.59915414
1723248000,6.625059701,4990156562.453119,151614518.94794503
1723334400,6.315664415458225,4760537316.330449,136456556.89723903
1723420800,5.711291844896537,4302187715.011728,182098594.36828965
1723507200,5.764970114700025,4356257040.617033,177909219.40525493
1723593600,5.830779271312358,4394511228.122215,130533764.82051846
1723680000,5.896518506972516,4441118190,116964778.74959402
1723766400,5.942184243668601,4479188270.064169,110431200.37213409
1723852800,5.625216107917252,4241236838.0537276,97664726.33154899
1723939200,6.104068294251687,4599133319.253086,223541173.57961196
1724025600,6.045304498200684,4556749022.608837,164993994.2525835
1724112000,6.438258000607553,4843310559.321793,389068943.53007114
1724198400,6.31406026,4757675841.143463,133123464.96757203
1724284800,6.180534183533595,4649371507,182059894.81516185
1724371200,6.423717011239552,4840169452,156804156
1724457600,6.340836596602063,4781381607.416755,109498147.36110254
1724544000,6.734279498191901,5078947059.524966,179490359.97449747
1724630400,6.710980451,5059116240.043527,172123365.89656243
1724716800,6.763193893546664,5102641484.891685,219973935.6526252
1724803200,6.793756288907069,5124510739,175348731.75160626
1724889600,6.939666250326698,5231497916.626643,178234973.9569742
1724976000,6.672417133671872,5029318747.716196,122953599.98910055
1725062400,6.5426353734053775,4927459912.948316,116693499.62308706
1725148800,6.41214191,4832171872.507435,118627223.86612767
1725235200,6.783982045639552,5117205746.883291,219681938.09226856
1725321600,6.735827346,5068461397.627628,176506399.86580455
1725408000,6.81097991,5133139588.953447,235476889.4457407
1725494400,6.809110699720878,5132296083.136818,179323490.62010127
1725580800,6.906180839399098,5216084234.409138,120855654.7958604
1725667200,6.638029581460549,5002825222.582089,142544240.15842563
1725753600,6.831498239958662,5147797964,174792872.02040192
1725840000,6.930983240313202,5223952258.859519,195741645.15828645
1725926400,6.776294608350938,5100318282.168267,187297906.52739856
1726012800,7.350348330248156,5543937974.851342,254006616.6
1726099200,7.625003304014068,5747475548.280994,219003216.90117544
1726185600,7.612082074413136,5737937338.015252,194932344.5009404
1726272000,7.447998549459406,5614210738.348609,152786639.25863773
1726358400,7.381367950861268,5564897842.338998,252769161.37779665
1726444800,6.8919123002652265,5198001020.434207,315316229.51896363
1726531200,6.680470574776352,5033603009.914697,246373866.08214834
1726617600,6.550011929345746,4939872011.777204,192229610.91641608
1726704000,6.714895780055611,5061492264,162801803.21676052
1726790400,6.828559769853344,5145813029.015009,131196345.66272493
1726876800,7.0714740886593725,5330825081.791911,122495018.93621294
1726963200,7.2261206243487255,5448702272.495244,233648281.35737538
1727049600,7.178442849,5408432668.520044,176978679.15321976
1727136000,7.278363701700833,5481059887.042669,214196990.55457917
1727222400,8.102545328618918,6107049480.048517,987399424.8
1727308800,7.880709609872436,5934322391.275201,437308264.37074715
1727395200,8.137658542123344,6137963624.6274605,370181827.1422818
1727481600,7.673108318643471,5778986835.7138815,361283980.12745905
1727568000,8.113713358675119,6114962919.3302145,359395701.54945314
1727654400,7.8323815473097245,5902597480.403341,366248270.6420532
1727740800,7.580931402087957,5703403167.286083,231351461.83457708
1727827200,7.344860942014257,5534928673.829501,209390703.74534342
1727913600,7.4631567240696555,5624752598.876652,188698164.3776136
1728000000,7.325115473137569,5522591428.3980875,145656304.94983384
1728086400,7.746162523550144,5837446896,297328490.4208733
1728172800,7.804499847002945,5885902707.9470825,243741058.17326906
1728259200,7.996398454697102,6028966551.845339,669788753.5394313
1728345600,7.854501771183091,5919288244.564549,302214114.2937512
1728432000,8.025593682480316,6030209673.772623,268970534.6011906
1728518400,7.358221248538252,5530104200.933437,356187042.4533113
1728604800,7.425225362190936,5598083573.238106,312479578.8486272
1728691200,7.523068452568558,5668801410.024864,197818518.24137217
1728777600,7.771166035057606,4665793033,224796652.5292825
1728864000,7.928360239777139,4755917002.864959,257301511.50892675
1728950400,8.127542002679139,4879096029.735187,289519717.63701016
1729036800,7.604357094192922,4569307122.679603,233918841.16010165
1729123200,7.556256631928706,4536593263.953287,343995160.40451765
1729209600,7.3779176905386565,4425486863.330229,190911901.3702748
1729296000,7.060399574881552,4243644128.013356,239630239.49915943
1729382400,6.779142460515957,4070376681,164984602.1826105
1729468800,7.173986423008174,4307227718,200102879.75441602
1729555200,9.338342940743303,5600021889,1677500876.608764
1729641600,8.924167828098701,5356663481.333225,708386302.6469945
1729728000,8.838906314204166,5306226275.479794,433225536.98421097
1729814400,9.233585361343506,5558517166.503058,434689595.0510275
1729900800,9.202428514492555,5524297083.646634,958444465.1123881
1729987200,9.336817965269267,5597656713.436617,741885433.2714746
1730073600,9.011592028,5410567984.369118,1565039526.2201355
1730160000,8.637788194,5193516931.401305,786016420.4
1730246400,8.173636161103737,4885657416.833816,605717854.7478949
1730332800,8.569018901352285,5142651141.385084,458362110.8290765
1730419200,9.070935915565062,5442112534.866024,512244461.02122176
1730505600,8.728715192961094,5239470014.852775,400931754.8934578
1730592000,9.239339571029872,5540307002.618765,495531428.61031264
1730678400,9.409795313111264,5649761059.438724,505047697.55758125
1730764800,8.829720984844469,5300401555.727108,411170033.89393336
1730851200,9.283011743,5572424239.432324,838513116.1899513
1730937600,9.808685691330025,5861139945.4224615,662524785.8513156
1731024000,10.72600886248324,6439294585.646169,1340001526.5527713
1731110400,10.921286487993447,6560437314.887032,932935706.0241838
1731196800,11.130609352692787,6683417366.042196,1477644225.577448
1731283200,10.846289481611544,6503933741.993823,981382325.6934011
1731369600,13.465127585120626,8082107479,1590416408.1681948
1731456000,12.788864753072907,7673511981.886046,950125232.1816193
1731542400,12.622776205371565,7579664954.697988,546171722.4
1731628800,12.800356818914915,7686809024.358876,792936361.3312777
1731715200,13.053240535185745,7839755411.371095,685574551.0331565
1731801600,13.942828276080578,8368935561.995901,1740911912.625779
1731888000,15.141702204534498,9094992288,1491101257.8563375
1731974400,15.634410852801153,9389060133.457495,1480836629.6605647
1732060800,15.120975399096807,9072612295,1184342675.567536
1732147200,17.621918278659276,10585596691.002716,1827873933.6766253
1732233600,18.186973054212913,10954051034.053627,1304486846.604575
1732320000,18.711932225482343,11228802145.271408,1608508863.8591497
1732406400,16.07371736707815,9626567294.010725,1667311754.754316
1732492800,15.233177383181003,9146572347.976831,1928848453.0792768
1732579200,17.058520240263746,10243352666.817818,1199395199.3527389
1732665600,17.628956028139502,10566986767.61512,1556031840.882841
1732752000,17.42325111190116,10462367381.695583,775920622.9746027
1732838400,16.77232042254782,10063655926.37125,820436408.6
1732924800,17.127428472571292,10300571910.625765,716747562.7406723
1733011200,16.285346294224144,9796901735.681961,871413514.9278245
1733097600,16.254726935117944,9764537933,769418936.7401304
1733184000,14.794274345211294,8869309757,1176136750.5065403
1733270400,12.824687629192999,7704278846,1451561164.849839
1733356800,13.694446183209328,8211915558.658165,1841414034.0845993
1733443200,13.373692529659548,8016414680.917858,900580202.0029659
1733529600,13.851495174636751,8329262474.604989,907593142.6742541
1733616000,14.256971322193355,8561029243.632625,870224162.6562365
1733702400,14.629907003119053,8779727953.146078,577238960.7
1733788800,13.890727193508871,8342601422.585465,425528982.2
1733875200,13.233372253329666,7945719906.151635,457319514.11185694
1733961600,13.286916297562978,7973736165,618238981.6514438
1734048000,13.564375264748778,8151492970.173324,299097589.1622041
1734134400,13.008122912992306,7809795540.860151,236956650.64561525
1734220800,13.31283095961084,7987437841.512418,478813853.29023623
1734307200,13.222635388330852,7944318358.142501,447060231.9145499
1734393600,13.589195571359545,8159695782.958259,314697267.77957886
1734480000,14.329500008143283,8606053640.826176,493010604.55263007
1734566400,15.17673520396363,9110657390.474127,473968074.51157635
1734652800,15.28787090924547,9182971273.375935,481582895.8261227
1734739200,15.165877710117702,9110349372.618616,303494413.43265057
1734825600,15.069263820465691,9048027587.973179,729945849.9309453
1734912000,13.551827842659229,8137643237.348766,370675511.2610576
1734998400,13.089806613106441,7859154245.922486,467872396.3
1735084800,12.883571822826738,7743458180.426459,383448484.15516603
1735171200,13.931145686253437,8363662204.761607,519451186.7403788
1735257600,13.645949722706844,8199772196,220977149.30660608
1735344000,13.627652322632628,8180268106.926994,215794288.7375492
1735430400,12.894520078645625,7739484652.170805,412631732.8481847
1735516800,13.314678533926795,7991074750.467028,211725929.67652664
1735603200,14.564979649562135,8746688260.691208,412625331.94004333
1735689600,14.137362555590846,8489862299.034545,336610802.1429538
1735776000,14.9990647,9006005740,409658362.6803105
1735862400,14.203186183070356,8528874811.611632,478607979.41563493
1735948800,13.275080749679915,7997656492.208692,667029709.2
1736035200,13.469416799421953,8100521108.865044,712594186.0925744
1736121600,13.48798475505104,8099306544,472816675.1707364
1736208000,12.866829950252706,7729916517.563967,314209971.8092058
1736294400,12.79797158814754,7688803632,364061064.6326802
1736380800,12.465332783090998,7481460137.970438,273463199.8272812
1736467200,12.08535192474136,7257653355.649322,211852366.0646403
1736553600,11.414052539094216,6875980725.437162,252935322.8637424
1736640000,10.98379175,6586005061.686934,481881947.13879204
1736726400,11.143608973426113,6690351393,315711756.75201505
1736812800,11.727649028730305,7047450085,564271760.1346387
1736899200,11.971730357889827,7201177430.220952,377013791.9266252
1736985600,11.755690988763119,7057888558.862518,419573636.4436643
1737072000,10.897843558526445,6554783164.688777,253914076.6663783
1737158400,9.141561600707934,5477085237.862485,449495364.0195026
1737244800,9.943346602700567,5970340643.149677,1296197274.6362596
1737331200,9.099730987401706,5452152375.221366,475331586.6256674
1737417600,9.262710939680247,5561950162.308616,281749372.9
1737504000,8.964217971455772,5370060611.437299,282894636.4628715
1737590400,9.019818867638127,5412756170.106161,333285673.39645976
1737676800,9.135823849,5486998357.256294,200437264.8323977
1737763200,9.119590389093723,5476548562.596365,236741811.99621034
1737849600,9.451570461272043,5675615761.632118,287971708.24310327
1737936000,9.365895545754473,5626347084.356328,331018902.9180274
1738022400,9.952039749148332,5973668113.815678,316802541.63833845
1738108800,9.870079588,5927291030.128144,221908622.59878477
1738195200,10.053297085705433,6036316713.433721,234985153.66890028
1738281600,9.803936750990419,5886877145.690924,159609550.3123546
1738368000,9.584697332028018,5752166735.7766905,147861141.62116364
1738454400,9.889602344419604,5930710598,236025272.31984815
1738540800,9.611226342587056,5764810711.503456,245732092.75198627
1738627200,9.445752944212847,5676794614.049091,206678584.14639968
1738713600,9.340503179686564,5608342097.696793,335170479.2012231
1738800000,8.736098012264048,5246394210.238042,349343910.6453962
1738886400,9.045923432622006,5436566048.101884,207200885.50492623
1738972800,9.031426782151064,5420732103.239331,131340202.16350481
1739059200,7.9521887448481925,4763658870.761999,280015416.5571544
1739145600,8.324013615815646,5001331886.212386,544760703.8394942
1739232000,7.863950651567314,4722468325.970365,367764561.6934505
1739318400,7.863994996743043,4722194013.888833,238385373.09976366
1739404800,7.5010692933657355,4504174862.842522,389654737.8981544
1739491200,7.493618795041807,4498984387.144668,158317977.85085803
1739577600,8.254707918675148,4954663093.389973,297893797.04570335
1739664000,7.149034410110268,4299497966.713552,283565659.8231751
1739750400,7.066250677809842,4240636505.547317,396818136.5880559
1739836800,7.5318923531977156,4522546014.115874,261946260.0858625
1739923200,7.109074457836565,4267718032.247397,251986047.50769252
1740009600,7.070102313527362,4246253838,232932913.25219685
1740096000,7.151434782786745,4295242932.249756,120959786.53350753
1740182400,6.393628836891331,3831305225.9009404,154932375.03834853
1740268800,5.933083347868703,3569214387.3515887,239961716.70081902
1740355200,6.113733135915538,3671736718.388755,300189817.01402056
1740441600,5.915138717973779,3550139797.269952,216794608.83126193
1740528000,5.889487838,3536357234,166296566.1353551
1740614400,6.031803275365816,3622221203.7197375,164109295.26392138
1740700800,6.2784367197436355,3765367055.1959352,115032563.08297436
1740787200,6.1451171142866166,3686191897.784109,151945618.06852272
1740873600,6.294938977690721,3780908371.9989305,140611667.6090143
1740960000,6.357344228744697,3809790658.5552125,123273777.56437242
1741046400,6.994178215859229,4199543885.931908,396201136.71813965
1741132800,6.893078835267294,4139177166.3266516,173532765.04770672
1741219200,6.785885559793807,4077227913.8268743,102428513.4445766
1741305600,6.733898331434024,4043698541.6546006,85675409.74891196
1741392000,6.6708977330049555,4010434726.581814,105379856.09688857
1741478400,7.063238587028588,4234931757.4734926,157597480.88668033
1741564800,6.962940730628212,4176568623.4474783,110305060.97821788
1741651200,6.717403984526524,4032495550.8673315,151800012.41097394
1741737600,6.728213445863675,4041140171.8774137,137046754.15811437
1741824000,6.175917010620423,3708246290,188042220.85448223
1741910400,5.957923587815698,3573178386.969264,133484025.41934422
1741996800,5.864340431511149,3521000633.064862,91413843.32664214
1742083200,5.970881119759545,3585257903.0092883,140041920.59414318
1742169600,6.269322999321914,3764409602.5044684,105154188.34573154
1742256000,5.842595881423706,3509197034.6915603,202938203.92480004
1742342400,5.860500162970763,3524659616.3240004,145272206.34195188
1742428800,5.905059989046489,3546579697.8045387,167781847.22685045
1742515200,5.872287707074194,3523160891.415348,68807888.23
1742601600,5.088929087550511,3049217234.780871,180264493.92981675
1742688000,5.121817249893286,3079567443.287061,307213268.63166445
1742774400,4.7632201195424875,2859030359.066822,160584527.5351255
1742860800,5.401757090934379,3243663701.399064,263796550.96053806
1742947200,5.025300802629717,3019008712.6009603,148202785.68072948
1743033600,5.232915453747244,3142141651.8982935,137421069.73157609
1743120000,5.503853714871174,3305309735.3179073,120697212.04165882
1743206400,5.3290606737367785,3194837059.467305,132936489.70149942
1743292800,5.342164239497296,3208003391.2596726,129869388.94126822
1743379200,5.181840390990775,3112287227.018026,108298110.10172848
1743465600,5.153838466893006,3093307664.558377,113803790.14784013
1743552000,5.186793172904811,3114439962.361473,91226430.88841256
1743638400,5.1769214037470626,3108905721,65809165.24
1743724800,5.322729010783761,3197124938.2125397,71146655.89771307
1743811200,5.2480189973635625,3151029817.534211,73257407.71821694
1743897600,5.2718762393164775,3160680519.916186,113795518.43154687
1743984000,5.815067849135419,3490851019.2922993,209726738.05283678
1744070400,6.0290680093451705,3623477063.5857015,223790127.35108468
1744156800,5.819001351965966,3495600450.0737333,191829714.13546273
1744243200,5.837832413766361,3506763507.9707265,245080485.50531086
1744329600,5.819266349,3494090409.379265,198744220.44555467
1744416000,5.510414529825364,3309298748.1305594,193245007.53515944
1744502400,5.433931734,3260865101.5797734,247481965.7822345
1744588800,5.275928077188751,3167442573.609258,189239836.01137525
1744675200,5.273501269136407,3166888447.2929454,150482138.07603374
1744761600,5.316044304776019,3191234515.7720933,165573689.11472645
1744848000,5.248534873719704,3152008247,143691323.15166396
1744934400,5.100760396234319,3064651608.586115,129958728.04956073
1745020800,4.989226257,2995945918.3533573,95641978.02
1745107200,4.978159107591601,2989728313,116105181.98473586
1745193600,4.968504807597344,2984546845.6125264,125454189.10300171
1745280000,4.875910458848198,2928249362.985612,134896882.79623023
1745366400,6.087067415,3652238117.270682,407638093.6692816
1745452800,6.352573197386956,3814006203.2652693,532627376.8861605
1745539200,7.447129220088574,4458686614.254122,517951694.7839293
1745625600,6.917663863585012,4160093472.984104,442887872.4
1745712000,6.888929656591629,4136720811.3318334,421082590.57986534
1745798400,7.091711652673785,4256852363.181469,364785875.2459071
1745884800,6.601770807662278,3963857443.5576878,335330948.87270886
1745971200,6.205349412113683,3725199043.6519475,363537004.88050616
1746057600,6.098813213575003,3668531603.035241,253880989.5
1746144000,5.736702591,3446842564.0065365,243541973.81546643
1746230400,6.068307707501807,3635297125.885925,310453404.6023482
1746316800,5.927477388924367,3557684375.6562595,317558426.30575484
1746403200,6.007868470669971,3608853966.7574697,350311826.53686726
1746489600,6.249271106665917,3756027307.4005475,599102045.7221411
1746576000,6.420548293969657,3855435648.563559,438637701.59705174
1746662400,5.975143123709728,3588404558.539394,545683911.8874999
1746748800,6.119358493259346,3674552668.749029,206647801.58272395
1746835200,6.151426572843959,3693775144.7477703,212672471.32255247
1746921600,6.497412241643052,3901384322.7049866,431769837.61019015
1747008000,6.3228085207470786,3796999650.5056634,477602837.5476102
1747094400,6.779659892111582,4068591072,715380391.2853603
1747180800,6.577030445044154,3951783076.5246835,946270889.9
1747267200,6.191854545567921,3710918420.212476,661221891.7400124
1747353600,6.077677787245936,3652754703.269103,316889130.74250376
1747440000,6.311936811749664,3790719271.0011992,362130001.7133407
1747526400,6.461721865283739,3880155148.7495775,278390330.64671546
1747612800,6.637206482194741,3985542851.4060955,495171609.5867669
1747699200,6.345303127438368,3812532956.9232054,425604105.7764158
1747785600,5.915561571139044,3551071347.793047,364353867.1738806
1747872000,6.001136960809753,3603730603.379706,249279839.96283883
1747958400,6.354603409618109,3816320089.1600723,268079511.06877884
1748044800,6.320961424,3795995624.617622,215067581.6169873
1748131200,6.866110476527677,4122676181.1276083,325124689.11154693
1748217600,8.595584584567852,5151248265.472092,1435256614.8040152
1748304000,8.161165783338365,4900059191.580325,737227583.1584042
1748390400,7.533890616667255,4526156313.099317,487749334.24506515
1748476800,7.739267278502962,4646462410.755077,923587695.8254892
1748563200,7.314411686589805,4405309468.9662695,294720489.28324556
1748649600,7.182441182715571,4315543977.375724,263554568.46729758
1748736000,7.525248715601737,4530818475.504466,679631854.3720384
1748822400,7.4568184006824065,4478259928.220774,631397466.4678136
1748908800,7.557492271133884,4534044731.649563,649678468.9302051
1748995200,7.690286396,4619373966.204266,503478280.4787556
1749081600,7.073481459,4256078412.489713,824593410.5229942
1749168000,6.388992471928307,3835584970.563848,592123256.5626647
1749254400,6.260847860628897,3757822120.0948434,590350389.4685068
1749340800,6.8309062995478165,4103456170.896811,648750229.4949965
1749427200,7.046262437,4231026218.458174,441511218.00180894
1749513600,6.968391103657407,4184745653.9206376,492004707.2649587
1749600000,6.802978609860224,4084354374.4995866,522904121.9310743
1749686400,6.918206202260547,4153855203.5546055,285435850.1209643
1749772800,7.133332468446612,4283900969.7321143,228767509.24277338
1749859200,7.402217802037905,4449347523.256034,397272604.1805523
1749945600,7.136045786954067,4289855248.2629437,354031401.03135014
1750032000,6.616404819960272,3974317572.2149878,360968954.5251391
1750118400,7.360652275836914,4422393956.433662,813089712.6911867
1750204800,7.4635586033191625,4480176531.440966,610847585.2985723
1750291200,6.930882101122414,4161278533.958386,558140605.8191854
1750377600,7.225068426482253,4343852071.889576,340187055.0410126
1750464000,7.415806400670025,4448062016.056918,392097401.2117257
1750550400,7.386141831515479,4435202322.767995,265792926.17173973
1750636800,7.6511668682786045,4589622953.493851,412314789.81496996
1750723200,8.301628788193574,4983762279.851272,729507127.8844665
1750809600,8.478426699274092,5076926754.5822935,712467276.7131346
1750896000,8.725099187283414,5239710713.475068,931925910.3662926
1750982400,8.393285450358558,5038098908.708351,463303902.18490595
1751068800,8.519797776359518,5116465991.6465435,352755666.33362013
1751155200,9.126250937087756,5480361822.924117,1126100059.1511133
1751241600,9.331375986480761,5612187831.458157,826656033.1271145
1751328000,8.909787260869532,5350245179.529377,981496946.3173445
1751414400,8.950380634796732,5379416868.4728565,847692220.0719242
1751500800,10.130418189740139,6082492896.211324,1904891998.5679262
1751587200,10.161332959206865,6103239654.382898,525702122.85234946
1751673600,10.667408295688523,6404613687,677016711.3964746
1751760000,10.849084550007515,6531400125.928351,1012092439.3839085
1751846400,10.764728100400987,6461598818.055317,846304861.4923577
1751932800,10.173388495661785,6109442494.668705,740400405.1947579
1752019200,10.168610446697448,6105644692.717816,754467164.1064689
1752105600,10.424788451555951,6259576187.441804,624352117.3526721
1752192000,10.543792529648538,6327715058.230793,358862950.6845314
1752278400,10.97139285704421,6564490319.214371,405048384.4141917
1752364800,10.41829914623399,6254998536.511019,507109869.3112126
1752451200,10.271224266294881,6166621288.598481,525434677.4417325
1752537600,10.03455456237717,6029162910.600642,566552166.3722817
1752624000,9.350624438096952,5611785170.1489935,540946867.2247226
1752710400,9.060629024495567,5440832145.139089,634199482.4908019
1752796800,8.788334119922567,5282417703.498446,368645939.9190608
1752883200,9.147835091,5493430226.014368,251713698.22382948
1752969600,9.941817507951853,5967077918.381785,615930788.2560725
1753056000,9.586835529394698,5761279421.7074795,393546994.3754495
1753142400,9.70511183,5827776475.624656,292261456.5305691
1753228800,10.42315740199759,6266013992.819046,425376031.9843059
1753315200,10.880154182542249,6535326214.013071,656457254.3519787
1753401600,10.96234851199649,6583100907.965735,603432212.9922079
1753488000,10.944261523837188,6570920212.056187,619429544.2290301
1753574400,11.127086698028993,6679363167.043271,1045435296.8377069
1753660800,11.571696348544762,6961465677.329201,1049410304.0716592
1753747200,12.154906132897521,7303803079.271124,1004978345.1116536
1753833600,10.89357333239269,6550657819.971706,976070866.7154107
1753920000,10.71233650625146,6432576751.889719,733214004.5190605
1754006400,11.01595093340396,6616560849.549002,589694140.1108766
1754092800,11.05068764696494,6640497900.153689,426544645.8925955
1754179200,10.486613837421581,6296118458.475265,619314525.7264132
1754265600,9.938767395756235,5970792960.896504,437592170.9546631
1754352000,10.599826945778359,6377104451.456115,415091770.66155106
1754438400,10.21809882099511,6120108052.086369,346988311.87316686
1754524800,11.42393514926013,6863144322.331031,752417143.3065428
1754611200,11.333212435318831,6806574773,410978414.5974825
1754697600,10.926855977468627,6569258240.473946,463090965.1
1754784000,9.709284722041055,5833112425.812226,575889445.5515549
1754870400,9.952367478,5975509772,470818856.9819546
1754956800,9.841192033824555,5907452536.540865,404048255.1636492
1755043200,10.004710144443449,6007216853.705119,302571272.08750594
1755129600,9.635488910798284,5787205941,353465914.45903826
1755216000,9.720283039010738,5837083765.287212,207131323.94463956
1755302400,9.625060474614017,5779815105.246127,195973716.6986204
1755388800,9.325233639094009,5595521138.048396,384257218.1161885
1755475200,9.577701561217905,5751396997.6038475,322295574.8259932
1755561600,9.678409670093094,5811223480.790546,297155900.0307631
1755648000,9.294523931899196,5581260716.269234,281147024.0446901
1755734400,9.405374240506637,5649113902.092723,291544892.70525426
1755820800,9.336743555804794,5606350811.046324,163360036.27963945
1755907200,9.393963703594883,5647468195.566097,157140076.8445044
1755993600,9.546193395686842,5726666190,287488358.51170516
1756080000,9.543370162,5730979444.535296,381700100.6603722
1756166400,9.735865232597494,5847543351.215305,319117618.53899187
1756252800,9.986087139367628,5999310315.490625,336257335.7874756
1756339200,10.189053998791849,6118077134.667852,363143738.4367108
1756425600,10.120256191091316,6075246863.708763,331012320.50534993
1756512000,9.414632385911238,5651937549.007715,579887868.8627632
1756598400,9.156635091719826,5496281438,367707146.1487334
1756684800,9.323645903188106,5596883936.739494,289602878.5038869
1756771200,9.557337622702835,5739612902.809237,315889486.2264409
1756857600,9.619616765658952,5776834871.752268,317339823.79933596
1756944000,9.156637585599457,5492341976.516943,328228152.12602615
1757030400,9.189488443523121,5514598888.918739,178086857.26364788
1757116800,9.060904049118639,5442962389.515856,198217136.9885043
1757203200,8.231682407387089,4943010101.113544,525783880.09516406
1757289600,8.071630921844351,4852706186.673236,242379474.08727044
1757376000,7.9027451531612245,4747172288.208983,244691455.94433856
1757462400,7.43511269,4465758732.358591,373155274.16746706
1757548800,7.622100848,4576529106.244273,317154002.3919818
1757635200,7.621508945706215,4576580055.373864,204206463.0852434
1757721600,7.750761066939259,4655650070.918396,157845432.23537785
1757808000,7.758221441376596,4666116322.337069,226519892.66687867
1757894400,7.628272457966092,4577122117,253349699.8163608
1757980800,8.054966230658314,4837158747.615292,285010205.2970352
1758067200,8.346365832401837,5009086594,363005961.84530926
1758153600,8.179120872140063,4911458737.675238,307563797.8
1758240000,8.020832763915713,4820275038.019881,203213209.7308346
1758326400,8.057442342874971,4838529625.476129,271883255.56486577
1758412800,8.348680168606554,5014251782.774493,271067829.36064696
1758499200,7.770750460682358,4664202641.546853,409688809.14450794
1758585600,8.076713226656048,4848128490.813204,266915482.90582398
1758672000,7.862444563156602,4721233091.907723,258331489.79453298
1758758400,5.870504826313754,3525138782.334273,1117157280.8639243
1758844800,5.851647595720926,3511765052.280525,719018794.7573785
1758931200,6.620952793034478,3972976795.332911,414224675.3511617
1759017600,7.066307943,4246568803.117215,386882577.1049547
1759104000,6.8305661094664645,4101649228.3588147,393456467.2358064
1759190400,6.578502932450163,3948528077.8072996,301477279.0257623
1759276800,6.270386161171259,3765613502.1159515,289161415.91154504
1759363200,6.141102168,3688133866.5874276,356667642.8800641
1759449600,6.026633186112093,3618538426.887514,228317062.0346109
1759536000,6.257636482814552,3757437176.960381,214214810.29873398
1759622400,6.335930298900642,3805713669.8595424,225785075.30981728
1759708800,6.259848685860558,3759884359.7364087,312762406.42544496
1759795200,6.041164573170995,3627362587.9351006,259629945.27378154
1759881600,6.308552254574173,3786320048.4232726,202837693.3248114
1759968000,6.242485518400468,3748375493.5137935,215820406.9289973
1760054400,6.253159362396217,3756781622.7552643,195009206.01212576
1760140800,6.663311922084486,4005576704.7680283,239450032.79472318
1760227200,6.5170449251411595,3912587742.205582,252383112.04749736
1760313600,6.3602112883181094,3818024942.3851357,196057274.2
1760400000,6.292371541,3776809422.6598353,240864290.89612907
1760486400,5.833337890774984,3495572197.6762657,555196582.1566659
1760572800,5.742492547054223,3448289946.354677,276805465.0722654
1760659200,5.857409352767941,3516976878.2192116,176266706.09951276
1760745600,5.861855823,3517487404.8097973,159895434.7985363
1760832000,5.188719906987159,3115388007.3652587,379754595.7225194
1760918400,5.083316520760548,3053066089.761111,361509643.08088446
1761004800,5.356164997839373,3374059646.429856,260248443.12491223
1761091200,5.239858271770961,3298966026.7061095,197154970.77144253
1761177600,5.867333805149485,3705331216.444364,376372094.55413574
1761264000,6.016543510333814,3790273630.0305557,344908288.1
1761350400,6.564540249201932,4133434423.221492,452748125.19613504
1761436800,9.211262774183801,5705655030.191567,1854050635.0998013
1761523200,8.199359825271877,5186036671.161707,3360888424.6459484
1761609600,7.565113002833228,4765475985.885842,1101447382.252003
1761696000,7.755203738446265,4887459071.603421,1036428568.4852175
1761782400,7.004929685865592,4416339810.289829,757332508.8875601
1761868800,7.352866190185604,4629284022.261304,487355328.23259854
1761955200,7.190585736788992,4528599704.980138,826555999.5554055
1762041600,7.398990875831253,4653749727.551451,1398347223.363746
1762128000,7.4867148241261186,4715176217.837457,878957076.2635777
1762214400,7.190246549324268,4520921854.377425,706034453.1768366
1762300800,6.5764008974582175,4144450583.1493835,633937429.5026386
1762387200,6.445626382913545,4066361376,816116856.9205128
1762473600,6.170490494329549,3886464459.899543,455586914.1255905
1762560000,6.1325105,3862871599.0512543,345251958.7561366
1762646400,6.300716504813896,3970233251.875605,510809360.4640787
1762732800,6.226887869642689,3922402902.7607713,440830749.0034189
1762819200,6.299631949483246,3966619811.5570035,342740757.9013689
1762905600,6.1383345852497895,3866979648.499011,354708722.05333287
1762992000,6.132603058283549,3864718047.000419,308707215.6926604
1763078400,6.065822530086945,3823516916.145364,198260396.23766375
1763164800,6.067744615,3823358677.019014,258799701.5485727
1763251200,5.607060095781378,3534376491.618916,518026029.24326926
1763337600,5.9273743780432815,3737102819.283047,460692410.7
1763424000,6.121658119150734,3855478403.9860344,377471632.0163433
1763510400,5.959379122750932,3753856714.3241944,317708867.21068114
1763596800,5.499967031910291,3467572390.201612,338103572.21229976
1763683200,5.559833437388556,3501333282.2484665,197023787.88887146
1763769600,5.442321263621542,3427877897.167139,279010676.9904879
1763856000,5.61492983,3536699746.3533497,267601915.09389603
1763942400,5.762365462665886,3632054058.657848,317066971.9969677
1764028800,5.612651240778357,3538032861.484665,347960957.78827226
1764115200,5.549498219824165,3500644776.8337383,308302053.4015133
1764201600,5.420973260938667,3414803258,282168872.10505086
1764288000,5.512660674699551,3475430171.5858326,149459779.39601305
1764374400,5.315297392927302,3348276120.029905,196586538.40515935
1764460800,5.074601738377491,3195722195.6100554,285152699.35544413
1764547200,5.196784074,3272987817.735338,266180463.06677938
1764633600,4.954160378379277,3120651253.2189655,278100060.6997728
1764720000,4.9536249634509995,3121022012.9413157,590688695.0939304
1764806400,5.3187888044288805,3351554386.617353,384083690.7031279
1764892800,6.247467563733124,3933893599.2776694,884918866.9688213
1764979200,6.137501852824419,3868861114.009191,676631963.9697016
1765065600,6.0009547815276605,3780172485.032054,544308888.6660434
1765152000,5.815119778687585,3663595593.954845,463450807.1933616
1765238400,5.774714946966649,3637402489.0455866,339216049.6295289
1765324800,5.8088121153954715,3660981642.459083,303521324.6459567
1765411200,5.827369074045586,3670482730.308298,293815483.2700399
1765497600,5.959998740247905,3750025842.3115506,230229633.23210755
1765584000,6.206594067036077,3911363868.1026926,581049787.3982553
1765670400,5.986077271108736,3770332700.234917,402142589.41320574
1765756800,5.918432958222322,3727179903.940392,259686008.13088524
1765843200,5.622236698856501,3540868712.453742,243626771.88596255
1765929600,5.799593677494373,3654674875.4688935,240076226.39267486
1766016000,6.036573483919034,3803800475.4455442,304036198.30935687
1766102400,5.921292856,3729988666.4481716,275188025.6817458
1766188800,5.8347222869109805,3673388851.9687085,303936426.7328798
1766275200,6.177912175684608,3926407782.4847007,542536326.9
1766361600,6.067618834330107,3846073979.6386147,536875947.5464585
1766448000,5.721718177361486,3634008231.6111364,331121249.10989064
1766534400,5.485073395438123,3484502202.412708,385898043.8950857
1766620800,5.461448590291583,3467417434.182634,303223407.8381497
1766707200,5.478703525166424,3477395044.310865,167582244.3205278
1766793600,5.436123578684848,3450629243.6790285,160149747.98104757
1766880000,5.358587596051589,3401159074.4577127,237322939.46518877
1766966400,5.712798145650386,3625525659.6047144,329072961.0299857
1767052800,5.683822028016624,3606978840.646759,307738442.6
1767139200,5.349700627600873,3395527870.6471076,346612435.0290281
1767225600,5.312449456310942,3370543357.867757,207470860.62099165
1767312000,5.352631557377255,3398387304.755175,156584108.19152457
1767398400,5.133225096239714,3258742777.5355597,188877534.64805856
1767484800,5.026259248003374,3189662000.2027545,372404882.85984844
1767571200,4.801630762816972,3046897253.8654447,296976300.55349535
1767657600,4.9319152843481575,3129334695.9354296,264575842.71796647
1767744000,4.833937644966607,3067676088,168666859.9541126
1767830400,4.873019859720341,3092043690.4540915,165166577.18977553
1767916800,4.849488134,3077634965.4724317,93699924.56740129
1768003200,4.629599278008278,2936364269.425257,216227593.70909876
1768089600,4.712322352527813,2990584605.374504,283060407.93151927
1768176000,4.801102033813696,3045838782.9650526,182147204.4740633
1768262400,4.823428108945215,3060616801,160982833.6066506
1768348800,4.393302428533402,2787154413.1289654,277330311.6
1768435200,4.271704682535962,2710421733.080686,333778706.4482951
1768521600,3.945692121,2501392034.3697867,400498482.5
1768608000,3.8489896776360895,2443789971.210944,286639132.09591275
1768694400,3.925427647377358,2490540537.5844107,289606970.57658726
1768780800,3.8448771753210806,2441171029.090771,286011744.3796599
1768867200,3.8052247167547595,2414194957.7118444,278050628.70066816
1768953600,3.1769659262659595,2019413072.0079083,518789618.5291906
1769040000,3.552801621520323,2255407939.5479145,496699340.8883134
1769126400,3.5450192929756636,2247811210.900081,237533286.73373955
1769212800,3.4761697853563107,2203011144.7158923,133403537.54461206
1769299200,3.4952659590974386,2216172741.2163076,164118393.8847183
1769385600,3.3622163386059944,2131284733.9690094,126061102.61025025
1769472000,3.374170206944431,2142562139.567141,1011260282.5887005
1769558400,3.2452987282668873,2056645852.3057742,419523952.3222482
1769644800,3.3960802125595544,2152818803.631256,290044306.40224946
1769731200,3.624599238406535,2297697836.7166457,336524082.99050415
1769817600,3.471448823603573,2199991724.947875,242522783.09954664
1769904000,3.6063396950319775,2284776684.359056,211569786.38822272
1769990400,3.525303570001379,2235128763.654505,164652877.10230273
1770076800,3.3991548179983013,2150750458.7023315,177450586.8330859
1770163200,3.387198065444971,2147153009.2819562,184595781.0016083
1770249600,3.4884718780099275,2207451103.3637443,200436351.02627438
1770336000,3.6098403158258967,2288248549.826536,177157438.6324282
1770422400,3.480103314928989,2204519035.686284,137342285.04649755
1770508800,3.341326174832701,2118101448.0116897,240050445.43749046
1770595200,3.3372472152101365,2115182834.2091775,186638451.46249947
1770681600,4.0096787156711375,2538209914.2429957,565668480.6204507
1770768000,3.874392484,2455567600.445516,311956999.88012594
1770854400,3.7435698913841424,2369838513.8824797,207327274.95087236
1770940800,3.8186616385484053,2419361198,257773029.45496407
1771027200,3.7490661975518345,2376566200.272901,229146788.7706976
1771113600,3.9244033206210682,2485785963.945785,249528801.4
1771200000,3.915364457452824,2481293496.951388,200449865.38601425
1771286400,3.9815618376791937,2522637380.191785,280209314.5516661
1771372800,3.9807583683136882,2521951893.925187,223879838.64559639
1771459200,3.8501121975877144,2439376467.422921,190341422.54156184
1771545600,3.7667863844870535,2386443612.825483,111792276.19327617
1771632000,3.6582093108026426,2319173678.7352147,143820165.56555188
1771718400,3.859009994642292,2445494244.981734,216380207.45863214
1771804800,3.842539966304297,2434485611.1078973,201561475.55115741
1771891200,3.892671677018307,2467310931.8030763,155110676.18267632
1771977600,3.9229605948513635,2486134709.3133683,168588298.55854413
1772064000,4.001879201095426,2535437004.074517,259516453.99886134
1772150400,3.948439917486264,2501034780.084907,151791702.8039258
1772236800,4.053507638709612,2566799783.032957,155009051.7048314
1772323200,4.160276545560624,2636603355.305924,363043398.5711731
1772409600,3.957114452097639,2507116369.5405993,262840545.49181238
1772496000,3.6801550744439364,2331670111.5049334,302808676.8442086
1772582400,3.5766251019060022,2264885809.452523,220918423.41155118
1772668800,3.610149187581285,2286408532.594373,185091002.42264426
1772755200,3.5230029843750508,2233772102.802935,108828885.91867372
1772841600,3.470205127696691,2198665389.843093,166315024.5825901
1772928000,3.5800375134721505,2268142259.5385056,235727527.59660503
1773014400,3.609549949671686,2287025335.3066955,163326596.03042895
1773100800,3.6999670652893646,2343392827.1126747,219847498.41235757
1773187200,3.5271757408064204,2232667991.7195144,194959409.50051698
1773273600,3.386790415916436,2145920557.5950398,178127441.78805593
1773360000,3.377846582995965,2140055877.3573725,117159235.07649513
1773446400,3.3510082875274705,2123282058.8001895,115033863.98947743
1773532800,3.474537071,2201436418,138655614.56434983
1773619200,3.540301676774776,2242462871.8189087,169814389.7839591
1773705600,3.566090893419562,2259322729.363506,161945311.8648697
1773792000,3.1719513545859765,2009681774.5882187,480294455.9615581
1773878400,3.167966591553559,2005518152.718049,153832608.65157786
1773964800,3.1238160445312966,1979203805.7326512,117832821.18109818
1774051200,3.1405023551804394,1990111254.5258105,110558735.75632462
1774137600,3.0986339075408167,1963388700.4573019,130629816.80551925
1774224000,3.303117989259914,2093686687.2473674,221476502.62157735
1774310400,3.1165383159635036,1975149519.5344405,165501340.98732266
1774396800,3.1063645014845704,1968093169.126436,148836783.55743173
1774483200,3.1645112055085267,2004987411.4283779,154483213.66812658
1774569600,3.1512567733797896,1996515294.7096817,135729407.5656861
1774656000,3.0210897329688065,1914102039.9275153,151946952.45584616
1774742400,3.2415642905734616,2055064663.2145147,204266631.3323279
1774828800,3.131495590016337,1983782258.8537157,184817135.48492298
1774915200,3.2232396430171635,2040982361.528754,158524907.35959953
1775001600,3.4262076239170303,2170962040.0043526,236000064.8997537
1775088000,3.465349969612912,2195467258.810037,220713123.8439524
1775174400,3.3567463362321934,2127091295.9171982,171127723.32229784
1775260800,3.2315045179679176,2048156173.1184597,187511420.51784772
1775347200,3.2316511240865147,2046758879.4513094,185918539.9058474
1775433600,3.271942276846699,2074633966.7840679,157241239.6131026
1775520000,3.3213155323350283,2104769634.419714,164636726.86891386
1775606400,3.295830201879858,2088189363.0677352,164482257.36202967
1775692800,3.252853204606787,2060347057.8449607,128817974.38605045
