snapped_at,price,market_cap,total_volume
1375574400,0.00587384,45921034,0
1375660800,0.00565258,44191247,0
1375747200,0.00466886,36500633,0
1375833600,0.00448605,35071445,0
1375920000,0.00419553,32800191,0
1376006400,0.00427738,33440085,0
1376092800,0.00431834,33760306,0
1376179200,0.00437208,34180440,0
1376265600,0.00439693,34374714,0
1376352000,0.0042276,33050911,0
1376438400,0.00384587,30066588,0
1376524800,0.00332756,26014497,0
1376611200,0.0029013,22682044,0
1376697600,0.00549521,42960946,0
1376784000,0.00619764,48452466,0
1376870400,0.00555976,43465591,0
1376956800,0.00606081,47382745,0
1377043200,0.00633807,49550333,0
1377129600,0.0059671,46650130,0
1377216000,0.0051352,40146428,0
1377302400,0.00552798,43217138,0
1377388800,0.00609973,47687017,0
1377475200,0.0064659,50549694,0
1377561600,0.00641998,50190696,0
1377648000,0.00634881,49634297,0
1377734400,0.00582002,45500275,0
1377820800,0.00604502,47259300,0
1377907200,0.00586333,45838868,0
1377993600,0.00580064,45348764,0
1378080000,0.00562712,43992204,0
1378166400,0.00567312,44351827,0
1378252800,0.005577,43600371,0
1378339200,0.00583863,45645766,0
1378425600,0.0059111,46212328,0
1378512000,0.006188,48377102,0
1378598400,0.00614238,48020450,0
1378684800,0.00618881,48383435,0
1378771200,0.00585396,45765614,0
1378857600,0.00608146,47544184,0
1378944000,0.00642623,50239558,0
1379030400,0.0065889,51511294,0
1379116800,0.00634135,49575975,0
1379203200,0.0064294,50264341,0
1379289600,0.00704318,55062805,0
1379376000,0.00961002,75130077,0
1379462400,0.0108464,84795960,0
1379548800,0.0111217,86948225,0
1379635200,0.0101137,79067792,0
1379721600,0.00974518,76186743,0
1379808000,0.0104008,81312308,0
1379894400,0.0100193,78329783,0
1379980800,0.010433,81564044,0
1380067200,0.0105899,82790671,0
1380153600,0.011676,91281681,0
1380240000,0.0143469,112162483,0
1380326400,0.0141405,110548871,0
1380412800,0.0110409,86316539,0
1380499200,0.0119368,93320587,0
1380585600,0.00930593,72752735,0
1380672000,0.00840092,65677467,0
1380758400,0.00946689,74011103,0
1380844800,0.0092795,72546108,0
1380931200,0.0103753,81112952,0
1381017600,0.00933073,72946619,0
1381104000,0.00971878,75980351,0
1381190400,0.00944168,73814014,0
1381276800,0.010089,78874690,0
1381363200,0.00906698,70884650,0
1381449600,0.00891616,69705556,0
1381536000,0.00889263,69521601,0
1381622400,0.00853884,66755710,0
1381708800,0.00798699,62441408,0
1381795200,0.00758473,59296583,0
1381881600,0.00776452,60702162,0
1381968000,0.00776709,60722254,0
1382054400,0.00729291,57015167,0
1382140800,0.00753032,58871212,0
1382227200,0.00674171,52705946,0
1382313600,0.00678454,53040786,0
1382400000,0.0074298,58085358,0
1382486400,0.00872816,68235793,0
1382572800,0.00693994,54255686,0
1382659200,0.00630711,49308291,0
1382745600,0.00664484,51948627,0
1382832000,0.0063276,49468479,0
1382918400,0.00593466,46396518,0
1383004800,0.00605789,47359916,0
1383091200,0.00599734,46886543,0
1383177600,0.00618308,48338638,0
1383264000,0.00653112,51059576,0
1383350400,0.00715258,55918082,0
1383436800,0.00719038,56213598,0
1383523200,0.0069937,54675976,0
1383609600,0.00775965,60664089,0
1383696000,0.00889267,69521914,0
1383782400,0.0105597,82554571,0
1383868800,0.00881359,68903675,0
1383955200,0.00837478,65473107,0
1384041600,0.00892624,69784361,0
1384128000,0.0105099,82165240,0
1384214400,0.00987478,77199942,0
1384300800,0.0096295,75282370,0
1384387200,0.00998194,78037707,0
1384473600,0.0103268,80733784,0
1384560000,0.0109638,85713780,0
1384646400,0.0082943,64843923,0
1384732800,0.00728586,56960051,0
1384819200,0.008754,68437807,0
1384905600,0.00995799,77850468,0
1384992000,0.0134786,105374209,0
1385078400,0.0230756,180402498,0
1385164800,0.0234877,183624250,0
1385251200,0.0297636,232688545,0
1385337600,0.0357765,279696734,0
1385424000,0.0527312,412246710,0
1385510400,0.0575158,449652186,0
1385596800,0.0491969,384615942,0
1385683200,0.0543969,425268969,0
1385769600,0.0541564,423388767,0
1385856000,0.0469207,366820862,0
1385942400,0.0346756,271090019,0
1386028800,0.034439,269240307,0
1386115200,0.0386676,302299035,0
1386201600,0.0437476,342013915,0
1386288000,0.0380613,297559049,0
1386374400,0.034566,270233179,0
1386460800,0.034352,268560150,0
1386547200,0.0322093,251808758,0
1386633600,0.0290606,227192568,0
1386720000,0.0234149,183055108,0
1386806400,0.0183658,143581800,0
1386892800,0.0168461,131700953,0
1386979200,0.0207833,162481549,0
1387065600,0.0214271,167514706,0
1387152000,0.0215525,168495070,0
1387238400,0.0220126,172092081,0
1387324800,0.0231614,181073273,0
1387411200,0.0225342,176169892,0
1387497600,0.0219629,171703532,0
1387584000,0.0243375,190267893,0
1387670400,0.0264432,206730023,133863
1387756800,0.0273354,213705145,139954
1387843200,0.0272621,213132093,51404
1387929600,0.0276683,216307720,69671
1388016000,0.0274381,214508042,63399
1388102400,0.0270432,211420757,55836
1388188800,0.028997,226695350,118745
1388275200,0.0276943,216510985,89287
1388361600,0.0280872,219582634,60288
1388448000,0.0249197,194819468,195215
1388534400,0.0255103,199436714,180323
1388620800,0.0237737,185860167,75928
1388707200,0.0231652,181102981,79840
1388793600,0.0226096,176759361,98533
1388880000,0.0225619,176386448,62956
1388966400,0.0239417,187173572,69314
1389052800,0.0221986,173546208,42787
1389139200,0.0216556,169301094,15322
1389225600,0.021214,165848714,41972
1389312000,0.0222549,173986356,25227
1389398400,0.0210663,164694012,57725
1389484800,0.0204377,159779686,72247
1389571200,0.0211652,165467201,23502
1389657600,0.0213437,166862694,17951
1389744000,0.0207658,162344736,69046
1389830400,0.0199247,155769109,65473
1389916800,0.0199726,156143586,80476
1390003200,0.0191161,149447563,81644
1390089600,0.0182854,142953242,111662
1390176000,0.0185526,145042182,108301
1390262400,0.0191786,149936181,84073
1390348800,0.0204128,159585021,66064
1390435200,0.0209537,163813717,132292
1390521600,0.0204254,159683526,82655
1390608000,0.0203404,159019006,29239
1390694400,0.0203371,158993206,82570
1390780800,0.0206331,161307302,110279
1390867200,0.0208784,163225030,121498
1390953600,0.0214641,167803968,92102
1391040000,0.0214894,168001761,82358
1391126400,0.0208163,162739539,51553
1391212800,0.020027,156568879,91009
1391299200,0.0183476,143439515,94078
1391385600,0.0184492,144233812,137345
1391472000,0.0173264,135455886,46602
1391558400,0.0177394,138684674,78993
1391644800,0.0182464,142648344,135739
1391731200,0.0172474,134838272,84918
1391817600,0.0167991,131333512,64686
1391904000,0.0157666,123261541,104394
1391990400,0.0159131,124406862,158770
1392076800,0.0161888,126562254,81918
1392163200,0.015269,119371359,84985
1392249600,0.0153238,119799780,115312
1392336000,0.0152173,118967174,191498
1392422400,0.0153568,120057770,223546
1392508800,0.0145808,113991087,188522
1392595200,0.0147336,115185661,93763
1392681600,0.0156294,122188927,88774
1392768000,0.0149639,116986121,63366
1392854400,0.0113426,88675197,122708
1392940800,0.0137323,107357608,175388
1393027200,0.0138436,108227739,151039
1393113600,0.0141288,110457401,29209
1393200000,0.0138003,107889224,164650
1393286400,0.0136833,106974531,79966
1393372800,0.0139152,108787500,85549
1393459200,0.015657,122404700,231513
1393545600,0.0158142,123633673,84658
1393632000,0.0160143,125198032,137670
1393718400,0.0152577,119283017,165546
1393804800,0.0147279,115141099,108130
1393891200,0.0145256,113559540,12954
1393977600,0.0144892,113274969,17615
1394064000,0.0147453,115277130,107847
1394150400,0.0143696,112339949,239703
1394236800,0.0143613,112275061,48143
1394323200,0.0142599,111482327,120309
1394409600,0.0143668,112318059,65615
1394496000,0.0143675,112323532,50259
1394582400,0.0140547,109878096,106374
1394668800,0.0136943,107060528,102741
1394755200,0.014008,109513000,109271
1394841600,0.0136985,107093363,72733
1394928000,0.0133853,104644800,219999
1395014400,0.0129715,101409757,100693
1395100800,0.0127485,99666368,179944
1395187200,0.0125302,97959723,113405
1395273600,0.0127123,99383360,95987
1395360000,0.0127315,99533464,158163
1395446400,0.0110146,86110929,229366
1395532800,0.010733,83909411,267406
1395619200,0.0105044,82122242,195563
1395705600,0.00997515,77984623,124124
1395792000,0.00905744,70810068,203590
1395878400,0.008703062,68458134,172709
1395964800,0.009721583,61931056,306889
1396051200,0.007761347,62108287,172873
1396137600,0.007743166,63275967,132007
1396224000,0.008315735,65075567,73596
1396310400,0.008034657,64471714,95708
1396396800,0.00822231,64281113,63143
1396483200,0.008324571,62642875,65204
1396569600,0.007809118,61493410,221844
1396656000,0.005791493,49396946,332953
1396742400,0.00604461,51456022,345888
1396828800,0.006057504,48919273,182421
1396915200,0.00624084,46807035,153005
1397001600,0.006553316,50955129,466329
1397088000,0.006933244,60350200,274616
1397174400,0.006699197,54902382,1024970
1397260800,0.006283824,49554476,261187
1397347200,0.006460904,48547688,209538
1397433600,0.006806054,50604732,207541
1397520000,0.006271176,48577865,162830
1397606400,0.006232317,48015525,172813
1397692800,0.006060666,47371800,20938.570511386653
1397779200,0.006094063,47768870,16198.194905550225
1397865600,0.005975764,47450291,15274.133143399069
1397952000,0.005542385,42927017,5356.513890146549
1398038400,0.005277694,42171574,10920.94915
1398124800,0.004764587,37983608,23151.139108021587
1398211200,0.00508138,40174494,14663.890109592458
1398297600,0.005212855,41918040,19211.73210598948
1398384000,0.005437861,41935004,17808.351116509773
1398470400,0.005306365,42319410,2479.4319873999953
1398556800,0.005037858,41551928,6532.1863199325335
1398643200,0.005156316,39275593,3389.4977991215756
1398729600,0.004955631,39279346,7276.663039403983
1398816000,0.005234728,40766308,21099.304621368086
1398902400,0.006670312,46693519,36686.88040845029
1398988800,0.006607072,49653607,36960.91461168966
1399075200,0.006687285,47531988,24845.91193570982
1399161600,0.00604116,47399240,19784.64902539899
1399248000,0.005964016,46710641,10804.235996881958
1399334400,0.005894187,44981558,7294.355063269134
1399420800,0.005942241,46411606,8310.235136
1399507200,0.006406518,49564405,9619.683967
1399593600,0.007330071,55928245,23471.73186
1399680000,0.006956955,55495760,30870.67167634936
1399766400,0.00674425,54020758,9288.49028
1399852800,0.006192902,50712697,6904.766622771259
1399939200,0.005730352,46938141,23688.77161587141
1400025600,0.006120967,47170411,9404.269972552753
1400112000,0.006487452,52468986,15658.936389235527
1400198400,0.006696172,52135787,19520.118219254487
1400284800,0.002686207,31220117,66532.33806619278
1400371200,0.003340906,25918572,33235.81583231137
1400457600,0.003530981,32136452,17616.963675490715
1400544000,0.003558604,28500195,8741.925575525967
1400630400,0.004068944,29698834,11438.772065458277
1400716800,0.004521632,36294788,13600.455453295792
1400803200,0.004538133,39130024,12649.55930291547
1400889600,0.004516427,37458168,5912.845094651699
1400976000,0.00389459,33082573,17434.126289042466
1401062400,0.00414494,32409218,6895.486898817265
1401148800,0.00447473,31988929,9481.953860436632
1401235200,0.003866255,33921355,8253.421016528331
1401321600,0.004451347,34282776,10743.127576502931
1401408000,0.004135632,30898802,11078.487823560128
1401494400,0.004218421,30031407,10967.867537057547
1401580800,0.003982588,30614778,4645.6756343358875
1401667200,0.003968904,30966505,4379.706387667695
1401753600,0.004003374,31071578,2140.785562534809
1401840000,0.004455823,34835124.91758602,10992.49604232833
1401926400,0.004783548,37397244.65561503,8074.694767228556
1402012800,0.004498462,35168475.29584068,11143.062664952553
1402099200,0.00395321,30905753.62373471,9613.676058006571
1402185600,0.003984378,31149424.39152432,5198.982057374125
1402272000,0.004058423,31728302.97409645,6878.956881457241
1402358400,0.0040547,31699189.18804658,9090.954786210405
1402444800,0.004230593,33074303.42119994,4289.108930988877
1402531200,0.004268323,33369272.74,7858.988834755929
1402617600,0.004265581,33347840.399914373,8681.984393426428
1402704000,0.004153718,32473305.57682841,9905.498213947021
1402790400,0.004189,32749135.54228299,144167
1402876800,0.004169,32592777.77,93206.00000000001
1402963200,0.00417,32600595.66,189072
1403049600,0.004076,31865714.125171993,104818
1403136000,0.00407,31818806.79,190488
1403222400,0.00394,30802481.27,193409.00000000003
1403308800,0.004052,31678084.797644008,19435.000000000004
1403395200,0.003993,31216829.37,17794
1403481600,0.003926,30693030.83,8324.999999999998
1403568000,0.004028,31490455.47,12608
1403654400,0.003779,29543801.19701299,20025.999999999996
1403740800,0.00366,28613472.45,245846
1403827200,0.003484,27237524.05,157373.00000000003
1403913600,0.003357,26244652.19,142354.99999999997
1404000000,0.003243,25353412.88,224760.00000000006
1404086400,0.003129,24462173.58,213094.00000000003
1404172800,0.002807,21944813.43,150898
1404259200,0.003083,24102550.7,198315
1404345600,0.003398,26565185.62,230762
1404432000,0.003419,26729361.28,216813.99999999997
1404518400,0.003419,26729361.284093007,216814.00000000003
1404604800,0.003419,26729361.28,216813.99999999997
1404691200,0.003419,26729361.28,216814.00000000003
1404777600,0.003419,26729361.28,216814
1404864000,0.003419,26729361.28,216813.99999999997
1404950400,0.003419,26729361.28,216814
1405036800,0.003419,26729361.28,216814.00000000003
1405123200,0.003419,26729361.28,216814
1405209600,0.00636,49721780.4,613089
1405296000,0.005259,41114283.510000005,519611.00000000006
1405382400,0.005376,42028976.63999999,190528.99999999994
1405468800,0.005361,41911708.29,135920
1405555200,0.005623,43959995.47,271543
1405641600,0.006148,50736984.8,331286
1405728000,0.005926,48904907.599999994,270005
1405814400,0.006039,49837451.39999999,145360
1405900800,0.006039,49837451.400000006,143147
1405987200,0.006024,49713662.40000001,103330.99999999997
1406073600,0.006159,50827767.56964298,160222.99999999997
1406160000,0.00607,50093286.10938999,124428.99999999999
1406246400,0.005094,42038747.85,468780
1406332800,0.005208,42979544.33,549848
1406419200,0.005341,44077140.22,406580
1406505600,0.005297,43714025.79,220806
1406592000,0.005219,43070322.93,71143.00000000003
1406678400,0.004947,40825615.55,341431
1406764800,0.005104,42121273.86,256642.00000000003
1406851200,0.005258,43392174.36,203670.99999999997
1406937600,0.005343,44093645.41721101,222282
1407024000,0.005461,45067452.297097005,192128.00000000003
1407110400,0.005243,43268385.349511005,320807
1407196800,0.004974,41048435.77,259715.99999999997
1407283200,0.005219,43070322.93,263952
1407369600,0.005045,41634370.41546499,298592
1407456000,0.004969,41007172.76401299,289443
1407542400,0.005231,43169354.14,665609
1407628800,0.00542,44729095.66933999,302191
1407715200,0.00543,44811621.676110014,90692.00000000004
1407801600,0.005166,42632935.09738197,114249.00000000003
1407888000,0.004977,41073193.56942901,500361.99999999994
1407974400,0.005041,41601360.01275699,176131
1408060800,0.005271,43499458.16846699,190844.00000000006
1408147200,0.005125,42294578.47,152099
1408233600,0.005106,42137779.06,164398
1408320000,0.005013,41370287.193800986,104533
1408406400,0.005152,42517398.68790401,85274.99999999997
1408492800,0.004952,40866878.55,288124
1408579200,0.004835,140163034.78347003,457135
1408665600,0.005008,145178175.42825598,165130.99999999997
1408752000,0.005053,146482691.78094596,360393
1408838400,0.005015,145381100.2,175418
1408924800,0.004958,143728712.8,138278.00000000003
1409011200,0.004896,141931379.1726721,111074.00000000001
1409097600,0.005024,145642003.5,267053
1409184000,0.004643,134597098.3,232178
1409270400,0.004777,138481658.15111405,192231.00000000003
1409356800,0.004813,139525271.2,125089.00000000001
1409443200,0.004873,141264626.37018603,115886
1409529600,0.004798,139090432.4,73490.00000000001
1409616000,0.00471,136539378.24821997,88091.99999999999
1409702400,0.004706,136423421.2,107536
1409788800,0.004725,136974217.03244993,180729
1409875200,0.004747,137611980.6,160930
1409961600,0.004746,137582991.3,110880.00000000003
1410048000,0.004696,136133528.7,190686.99999999997
1410134400,0.004713,136626346,126120.00000000001
1410220800,0.005166,149758477.3,565821
1410307200,0.005053,146482691.78094602,343049.99999999994
1410393600,0.005109,148106089.90873793,585082
1410480000,0.005449,157962435.6846179,1291969.9999999998
1410566400,0.005167,149787466.5,495261.0000000002
1410652800,0.004943,143293874,409000.0000000001
1410739200,0.004787,138771550.7,324116
1410825600,0.004564,132306947.41504797,307979
1410912000,0.004653,134886990.9,253584.99999999997
1410998400,0.004595,133205614.23578994,325619
1411084800,0.004629,134191248.8,328371
1411171200,0.004699,136220496.47311795,756185.9999999999
1411257600,0.004606,133524496.01089197,499112.0000000001
1411344000,0.004716,136713313.76191202,224461
1411430400,0.005276,152947295.03983197,461427.99999999994
1411516800,0.004702,136307464.22996393,130082.99999999999
1411603200,0.004654,134915980.12042794,109635
1411689600,0.00477,138278733.38514006,63133.00000000001
1411776000,0.004876,141351594.1,212276
1411862400,0.004986,144540411.87805197,252266.00000000003
1411948800,0.004941,143235895.5,176390
1412035200,0.004798,139090432.44903594,181467
1412121600,0.004709,136510389,198119
1412208000,0.004772,138336711.88970402,145280
1412294400,0.004787,138771550.7,398199.0000000001
1412380800,0.004821,139757185.3,213886.00000000003
1412467200,0.004866,141061701.60421196,140376
1412553600,0.004758,137930862.35775596,260383
1412640000,0.004837,140221013.28803405,274086
1412726400,0.004806,139322346.46729207,459959.0000000002
1412812800,0.004873,141264626.37018603,237256.00000000003
1412899200,0.004825,139873142.26065004,235615
1412985600,0.004849,140568884.31541803,120958.99999999999
1413072000,0.004903,142134303.93864596,245970.99999999997
1413158400,0.004967,143989616.08469403,67759
1413244800,0.004946,143380841.78677198,56704.00000000001
1413331200,0.005082,147323380.1,294752
1413417600,0.005214,151149961.39834794,143073
1413504000,0.005187,150367251.58673397,108689.99999999999
1413590400,0.005148,149236670.74773604,379000.9999999998
1413676800,0.005076,147149444.58343202,282232
1413763200,0.004717,136742303,257875
1413849600,0.004544,131727162.36940797,438453.9999999999
1413936000,0.004897,141960368.4,295672
1414022400,0.004792,138916496.93534398,277509
1414108800,0.004782,138626604.41252404,348101.99999999994
1414195200,0.004891,141786432.9,218834
1414281600,0.004866,141061701.60421202,153508.00000000003
1414368000,0.004659,135060926.4,187547.00000000003
1414454400,0.004669,135350818.9,122041.00000000001
1414540800,0.004809,139409314.2,210558
1414627200,0.004805,139293357.21501005,267198
1414713600,0.004865,141032712.4,307053
1414800000,0.004878,141409572.6,414101.0000000001
1414886400,0.004874,141293615.62246805,434943.0000000001
1414972800,0.004907,142250260.9,148730
1415059200,0.004935,143061960.01167002,187184.00000000003
1415145600,0.004899,142018346.9,577674.0000000002
1415232000,0.004896,141931379.2,796923.9999999999
1415318400,0.005082,147323380.09712395,427819.9999999998
1415404800,0.005043,146192799.25812593,501328.0000000001
1415491200,0.005187,150367251.58673397,318292.99999999994
1415577600,0.005072,147033487.57430398,118027.99999999999
1415664000,0.005182,150222305.32532406,75540.00000000003
1415750400,0.00534,154802607.2,432274.0000000001
1415836800,0.005433,157498607.64810604,457636.9999999999
1415923200,0.005691,164977834.73686197,428109.0000000002
1416009600,0.006075,176109707.6,932055
1416096000,0.006587,190952204.8,722162.0000000001
1416182400,0.007656,221941715.5,1115380
1416268800,0.008583,265054716.81101397,1281590
1416355200,0.008616,266073801.70612797,849567.0000000001
1416441600,0.009736,300660925.4,2617110
1416528000,0.010936,337718558,2329900
1416614400,0.013901,429281791.7,5109100
1416700800,0.015121,466957051.5,2925480
1416787200,0.014033,433358131.3,1865340
1416873600,0.011226,346674152.5,2849490.0000000005
1416960000,0.012432,383917073.2,3370569.9999999995
1417046400,0.013201,407664839.4,2254299.9999999995
1417132800,0.013126,405348737.4,1078100
1417219200,0.013321,411370602.7,2375070
1417305600,0.013784,425668672.6,1355660
1417392000,0.01441,445000404.2,1388010
1417478400,0.014762,455870643.1,927939.0000000002
1417564800,0.013416,414304331.9,2557320
1417651200,0.015038,464393898.6,1618900.0000000002
1417737600,0.015915,491476851.7,1108200
1417824000,0.016374,505651396.1,1620910
1417910400,0.016374,505651396.1,1620909.9999999998
1417996800,0.016939,523099364.8,1302090
1418083200,0.01718,530541772.7,445227.0000000001
1418169600,0.018197,561948116.3,2622570
1418256000,0.021603,667130030,6289370
1418342400,0.025616,791056929.5,5801780
1418428800,0.027913,861991414.5,4089429.9999999986
1418515200,0.023456,724353190.9,6299219.999999998
1418601600,0.022696,700883357,5339690
1418688000,0.022696,700883357,5339690.000000002
1418774400,0.025517,790467544.9,2087159.9999999998
1418860800,0.024015,743938475.9,2744640
1418947200,0.023273,720952744.1,1549510
1419033600,0.024096,746447700,1205890
1419120000,0.02534,784984425.6,2017660.0000000002
1419206400,0.024209,749948222.5,751102.0000000001
1419292800,0.023713,734583097.2,1101280
1419379200,0.024253,751311257.8,1175130
1419465600,0.024235,750753652.5,801162
1419552000,0.024338,753944394.2,590681
1419638400,0.024376,755121561.0751997,433245
1419724800,0.024316,753262876.6,447890.9999999999
1419811200,0.02227,689881734.7,2145220
1419897600,0.018855,584091607.9,3773380.0000000014
1419984000,0.02023,626686461.3,3062829.9999999986
1420070400,0.02068,640626595.1,1781430
1420156800,0.02083,645273306.4,767827
1420243200,0.020683,640719529.4,841536.0000000001
1420329600,0.020576,637404875.3,1092299.9999999998
1420416000,0.019306,598062719.8,1631870
1420502400,0.018835,583472046.4,560386.9999999998
1420588800,0.018523,573806886.9,541172.0000000001
1420675200,0.01563,484187315.4,3061580.0000000005
1420761600,0.014167,438866391.4,1867540.0000000002
1420848000,0.016491,510859438.1,2312720.000000001
1420934400,0.016426,508845863.2,1690220.0000000002
1421020800,0.015384,476566708.9,761594
1421107200,0.015636,484373183.8,1156409.9999999998
1421193600,0.015999,495618225.1,1083590
1421280000,0.016109,499025813.4,1037420.0000000001
1421366400,0.016707,517550702.4,1112600
1421452800,0.016985,526162607.3,1157600
1421539200,0.016724,518077329.6,1070460
1421625600,0.016754,519006671.9,943232.0000000001
1421712000,0.016536,512253451.5,896470.0000000001
1421798400,0.015957,494317146,3059139.9999999995
1421884800,0.015807,489670434.7,1331190
1421971200,0.014986,464237434.9,1301450
1422057600,0.014684,454882056.2,1082339.9999999998
1422144000,0.014479,448531550.8,852954.0000000001
1422230400,0.014409,446363085.6,519001.99999999994
1422316800,0.014154,438463676.4,883401.0000000001
1422403200,0.01374,425638753.2,1465150.0000000002
1422489600,0.01303,403644319.9,1285370
1422576000,0.013472,417336629.1,642894
1422662400,0.014311,443327234.2,1106029.9999999998
1422748800,0.015242,486350143.3,1867760
1422835200,0.014572,464971413.7,532315
1422921600,0.014452,461142387.5,472919.9999999999
1423008000,0.014005,446879265,608469.0000000001
1423094400,0.013651,435583637.7,808431.9999999999
1423180800,0.013761,439093578.4,437298.99999999994
1423267200,0.014057,448538509.7,585122
1423353600,0.014568,464843779.5,980751.0000000001
1423440000,0.015,478628273.8,816914.0000000001
1423526400,0.013711,437498150.8,1140340
1423612800,0.01379,440018926.4,403599.00000000006
1423699200,0.013988,446336819.6,423183.99999999994
1423785600,0.013767,439285029.7,402139.99999999994
1423872000,0.01377,439380755.4,296507.00000000006
1423958400,0.013504,430893080.6,1034010
1424044800,0.013278,423681748,333173.99999999994
1424131200,0.013132,419023099.4,594182.0000000001
1424217600,0.013333,425436718.3,432861.00000000006
1424304000,0.013398,427510774.2,611327.0000000001
1424390400,0.013413,427989402.4,483777
1424476800,0.013293,424160376.2,863495
1424563200,0.013434,428659482,980864.0000000001
1424649600,0.013025,415608884.4,530067.9999999999
1424736000,0.012271,391549836.5,1541400
1424822400,0.012145,387529359,1246390.0000000002
1424908800,0.010593,338007287,3050010.0000000014
1424995200,0.009903,315990386.4,3043820
1425081600,0.011531,367937508.3,3093860.0000000005
1425168000,0.010873,346941681.4,986762.9999999999
1425254400,0.010579,337560567.2,1136159.9999999998
1425340800,0.010461,333795358.2,1370390
1425427200,0.010688,341038599.4,2114810
1425513600,0.010113,322691182.2,1657920.0000000002
1425600000,0.010081,321670108.5,1233900
1425686400,0.010354,330381143.1,682560.0000000001
1425772800,0.010539,336284225.2,696782
1425859200,0.011083,353642477.2,795320.0000000001
1425945600,0.010828,345505796.6,409911.9999999998
1426032000,0.010973,350132536.6,858077.9999999999
1426118400,0.010917,348345657.7,791118.9999999999
1426204800,0.010557,336858579.1,1627629.9999999998
1426291200,0.010491,334752614.7,2781010.0000000014
1426377600,0.010441,333157187.1,473002.00000000006
1426464000,0.010182,324892872.3,395303.99999999994
1426550400,0.010197,325371500.5,306336.99999999994
1426636800,0.010298,328594264.2,652545
1426723200,0.009801,312735714.10418695,627596.0000000001
1426809600,0.009135,291484618.7,1141160
1426896000,0.008749,279167917.8,614812
1426982400,0.008933,285039091.3,469718
1427068800,0.008869,282996944.0251029,410183
1427155200,0.008869,282996944,410183.00000000006
1427241600,0.008869,282996944.0251031,410182.99999999994
1427328000,0.008869,282996944.0251029,410183.00000000006
1427414400,0.007641,243813242.67626706,725414
1427500800,0.007909,252364734.50158298,385165
1427587200,0.008722,278306386.9,1008220
1427673600,0.008848,282326864.4,303696.99999999994
1427760000,0.008715695,278105201,195218.47064756646
1427846400,0.008788328,280422816.39906555,455711.4616083313
1427932800,0.009064408,289232142.5257182,975135.9998169838
1428019200,0.009189533,293224695.6406237,870230.0105
1428105600,0.008886663,283560530.7044646,705618.2752189654
1428192000,0.008442744,269395739.1258977,529357.2168632427
1428278400,0.008387972,267648051,291629.27899655263
1428364800,0.008594057,274223910.6920947,199152.21485905632
1428451200,0.008228402,262556376.77077368,350339.02003519516
1428537600,0.008136352,259619218.59819257,576876.9918
1428624000,0.007900817,252103635.05227554,364410.9240620249
1428710400,0.008050477,256879071.93314448,258195.45924385436
1428796800,0.008050149,256868602.18659446,277507.10377971444
1428883200,0.007861143,250837686.9147055,181624.33430733008
1428969600,0.007762747,247698001.7745728,227824.29629224056
1429056000,0.007933352,253141762.36150452,672612.4775347251
1429142400,0.007952694,253758961.8872989,637786.2103424026
1429228800,0.008031616,256277248.25650558,623316.0719842911
1429315200,0.008020194,255912772.15406838,369870.03604514967
1429401600,0.008080149,257825840.7576974,428945.4964011491
1429488000,0.008073029,257598652.92649183,287289.59217455995
1429574400,0.007717863,246265823.9089196,498330.33309352683
1429660800,0.007758476,247561734.81113186,787016.9210178633
1429747200,0.007611468,242870912.43878052,581629.4462958049
1429833600,0.007852324,250556279.73993653,544565.5318157672
1429920000,0.00802729,256139195.12071264,583316.9814553239
1430006400,0.008026846,256125029.6895908,632072.1372709452
1430092800,0.008060212,257189683.58407247,100326.29376356913
1430179200,0.008037453,256463474.51551688,435646.4558642411
1430265600,0.008017439,255824867.45247644,262166.72250487196
1430352000,0.007912732,252483823.63603988,563851.8377333258
1430438400,0.007813383,249313724.62940443,505242.12616872933
1430524800,0.007523931,240077735.63587743,2159727.763731245
1430611200,0.007538041,240527954.4870508,437391.4552906824
1430697600,0.007561392,241273063.05518702,182288.74980789467
1430784000,0.007368375,235114165.72285563,554266.4159916029
1430870400,0.007359909,234844043.83817786,441133.09154917795
1430956800,0.007213213,230163173.47900444,966734.4412227006
1431043200,0.006881933,219592520.97291797,931983.7144
1431129600,0.006603687,210714098.67257413,639446.7019715194
1431216000,0.006658437,212461067.33111694,252413.8971
1431302400,0.006585009,210118100.5005639,67763.93815060881
1431388800,0.006322455,201740385.33414832,355658.8612653525
1431475200,0.005737675,183080908.39650664,1222401.3574562843
1431561600,0.006534164,208495716.98236537,990976.8542198602
1431648000,0.00662716,211463067.6964682,467420.88078784687
1431734400,0.00655908,209290737.03405437,182847.54657943442
1431820800,0.00658984,210272248.63621083,235787.48225875793
1431907200,0.006767123,215929079.80756143,303130.7415894043
1431993600,0.0068018,217035577.89191103,145157.0509
1432080000,0.006909413,220469369.1622466,305313.4451056279
1432166400,0.006780547,216357428.17934433,472593.09719923965
1432252800,0.006896159,220046435.00794086,399468.5659285029
1432339200,0.007778883,248212885.66522756,1200481.5645711946
1432425600,0.008963105,285999699.75165045,1457278.4599720156
1432512000,0.008380196,267399922.39806402,479474.8978388938
1432598400,0.008246722,263140957.97488913,244931.68752303548
1432684800,0.00759258,242268219.27502665,674742.6732427458
1432771200,0.007862677,250886640.73438555,491307.5514289878
1432857600,0.007983912,254755081.88782787,392910.0969218898
1432944000,0.007864452,250943265.28697252,223350.12181716273
1433030400,0.007948022,253609873.06931528,190979.01802383608
1433116800,0.007891933,251820141.62264457,108435.73711551499
1433203200,0.007870988,251151818.2386933,86381.19706
1433289600,0.008005162,255433126.7447384,221057.72733733736
1433376000,0.007996003,255140875.88072008,205195.0137486027
1433462400,0.007996681,255162493.3542771,252996.9554103254
1433548800,0.008042587,256627305.50548056,194272.22848790258
1433635200,0.008057612,257106720.03266045,134384.3294400208
1433721600,0.008094781,258292724.53849918,79009.07499888653
1433808000,0.008140319,259745779.49088973,313424.3346507637
1433894400,0.008561769,273193636.0642683,640139.2901228141
1433980800,0.009298611,296705209.1239787,1506339.8062601946
1434067200,0.009556657,304939077.9441567,1039075.195995389
1434153600,0.010200592,325486107.1061301,1095829.868205608
1434240000,0.011157673,356025173.69104743,1169680.8483646053
1434326400,0.010986428,350561018.8776787,661354.5831
1434412800,0.010286663,328232520.9661309,547535.7042655629
1434499200,0.010463733,333882568.4888857,478476.16880680615
1434585600,0.010638045,339444600.4205329,483624.16409713734
1434672000,0.010873436,346955581.8918213,632116.8584353211
1434758400,0.011004297,351131193.5633962,324267.8419819733
1434844800,0.011248688,358929329.2408043,317239.1558878228
1434931200,0.011509526,367252301.55460274,238725.8574
1435017600,0.011494165,366762164.58630973,236274.61742882687
1435104000,0.011954964,381465577.80622137,807664.6715157937
1435190400,0.011376403,363004527,871943.7893745872
1435276800,0.011219593,358000976.0777611,465278.46717496804
1435363200,0.011030568,351969456.86451554,393946.474
1435449600,0.011098897,354149735.40350777,230127.83104942727
1435536000,0.01078849,344245091.7283724,118457.52390386348
1435622400,0.010015355,319575483.4453703,676856.6171352215
1435708800,0.009870148,314942121.3126551,803356.1205047129
1435795200,0.009565651,305226058.7983972,589050.5505818891
1435881600,0.009400586,299959071.4247548,794429.9023055588
1435968000,0.008864692,282859469.4153367,889491.4027360365
1436054400,0.008839254,282047786.6173982,1265392.3620378647
1436140800,0.008497069,271129154.75290906,387291.1748615453
1436227200,0.008574929,273613550.20559794,332866.4367087934
1436313600,0.008518609,271816470.86304104,786414.0068752549
1436400000,0.008613248,274836281.3974372,699160.2101063295
1436486400,0.008478053,270522397.66088736,488721.9921842279
1436572800,0.008094657,258288766.46846184,753474.6619551496
1436659200,0.00801398,255714508.03797418,294920.79399955174
1436745600,0.008059296,257160449.70610628,66432.12918752592
1436832000,0.008082289,257894135.8088965,82839.01838655573
1436918400,0.007934081,253165018.66275454,275845.44185073016
1437004800,0.007698594,245650983.49147335,508798.34579634905
1437091200,0.007560407,241241628.80090508,346426.4108776183
1437177600,0.007476347,238559401.4655115,164563.0460961247
1437264000,0.007672516,244818879.01166743,273903.47943118017
1437350400,0.007876475,251326913.86965683,236290.74817513878
1437436800,0.008108821,258740717.72789177,229163.5183651141
1437523200,0.008544551,272644257.9559378,647154.0555785535
1437609600,0.00843525,269156625.59195805,138517.44754761065
1437696000,0.008497085,271129665.12803835,172808.71840395813
1437782400,0.008481734,270639860.09838665,306977.94596879743
1437868800,0.008439202,269282717.06170905,400814.27749806433
1437955200,0.008232693,262693311.8974932,193329.72952501237
1438041600,0.008221594,262339142.7320967,212531.29808844422
1438128000,0.008279511,264187207.17416656,225601.40006540235
1438214400,0.008252001,263309404.8941802,179249.4440010473
1438300800,0.008217578,262211004.53879705,218338.2477794675
1438387200,0.008012509,255667552.54711255,381038.5795669084
1438473600,0.008138153,259676676.26273334,361106.80803249666
1438560000,0.00844904,269596642.38797206,618992.3025390112
1438646400,0.008808926,281080056.33758545,515287.9095965183
1438732800,0.008743894,279004990.8491361,467863.3477734523
1438819200,0.008637151,275598976.5,280076.1766491129
1438905600,0.008325919,265668010.04778057,276176.4744414332
1438992000,0.008168055,260630804.86738017,186776.80828034072
1439078400,0.008327993,265734190.2,398703.5799398523
1439164800,0.008445317,269477819.1879786,152896.28340020854
1439251200,0.008316917,265380759.33563846,285941.61993961467
1439337600,0.008296679,264735018.5295413,332949.9429336927
1439424000,0.008120357,259108814.29224002,185652.0393933319
1439510400,0.007745846,247158725.88189313,484796.70557947777
1439596800,0.007860106,250804591.5899067,202471.40235000482
1439683200,0.007870553,251137945.5349403,258817.53736592876
1439769600,0.007707228,245926493.5920397,175365.59305159922
1439856000,0.007557939,241162878.44137916,136890.97686257938
1439942400,0.00737444,239582641.19794166,526218.0180873466
1440028800,0.00711903,231284806.58014944,592564.2301831596
1440115200,0.00746876,242646921.72104755,186547.88289913296
1440201600,0.007542605,245046008.24693027,196102.91337723954
1440288000,0.007409918,240735235.21316743,411465.80872381636
1440374400,0.007732692,251221618.51731798,352318.70731629175
1440460800,0.00805132,261573281.77500284,400770.2524273285
1440547200,0.0078805,256023643.13257545,606628.4956923085
1440633600,0.00779858,253362209.86134332,396332.3456994314
1440720000,0.007674311,249324900.6354208,392641.47507850936
1440806400,0.007402259,240486419.04477903,319693.8551505453
1440892800,0.007331166,238176750.16138673,463667.67180441465
1440979200,0.00784837,254979792.15879193,847966.9170195432
1441065600,0.007870307,255692470.2996418,283042.74373085756
1441152000,0.007909554,256967561.20971113,232682.3277
1441238400,0.007826767,254277926.99246085,193865.14706101772
1441324800,0.007681692,249564701.23357752,232947.77692045007
1441411200,0.007657432,248776534.22919744,233643.6381
1441497600,0.008419,273518554.32178396,77327.99999999999
1441584000,0.008214,266858463.61790404,24848.999999999993
1441670400,0.008538,277384655.8,63632
1441756800,0.007412,240802889.25443205,270150
1441843200,0.007716,250679316.44457603,680532
1441929600,0.007426,241257724.7,317219
1442016000,0.007367,239340918.12431195,541162.9999999999
1442102400,0.007529,244604014.2,501033.99999999994
1442188800,0.007482,243077066.6,441676.00000000006
1442275200,0.007635,248047768.41035995,444689.9999999999
1442361600,0.007247,235442328.44399202,245304.99999999997
1442448000,0.007177,233168151.13047203,284055.00000000006
1442534400,0.006675,216859050.96780002,973293.0000000001
1442620800,0.006694,217476327.7,419912.00000000006
1442707200,0.006649,216014356.5,408041
1442793600,0.006506,211368537.2,438200.00000000006
1442880000,0.006536,212343184.58809593,270173
1442966400,0.006304,204805911.20614398,574864.9999999999
1443052800,0.005592,181674279.10291198,970329
1443139200,0.005512,179075219.3,742543.9999999999
1443225600,0.005446,176930994.99185604,568455.0000000001
1443312000,0.005862,190446105.9,577241
1443398400,0.005539,179952401.99410397,405103.9999999999
1443484800,0.00524,170238416,355457.99999999994
1443571200,0.005019,163058513.4,628116.9999999999
1443657600,0.005334,173292311.3,349986.00000000006
1443744000,0.005451,177093436.22853598,308791.00000000006
1443830400,0.005451,177093436.22853592,308791
1443916800,0.005451,177093436.2,308791.00000000006
1444003200,0.005053,164163113.8,526101.9999999999
1444089600,0.005053,164163113.78880802,526102
1444176000,0.005053,164163113.8,526102
1444262400,0.005053,164163113.8,526101.9999999999
1444348800,0.005446,180568728.82561803,297063.99999999994
1444435200,0.005394,178844605.81810197,440223.0000000001
1444521600,0.005395,178877762.02978498,344094.9999999999
1444608000,0.005189,172047582.4,391618.99999999994
1444694400,0.004975,164952153.1,243533.99999999997
1444780800,0.005044,167239931.72905198,302750.99999999994
1444867200,0.004735,156994662.3,407004
1444953600,0.004694,155635257.64000195,256746
1445040000,0.004716,156364694.3,301573.00000000006
1445126400,0.004673,154938977.2,296182.0000000001
1445212800,0.004641,153877978.4,185315.00000000003
1445299200,0.00459,152187011.62497002,287547.00000000006
1445385600,0.00467,154839508.55961004,428659.00000000006
1445472000,0.00464,153844822.20911998,360357
1445558400,0.004664,154640571.3,315213.0000000001
1445644800,0.004637,153745353.57407096,556971.0000000001
1445731200,0.004837,160376595.9,1014069.9999999999
1445817600,0.004688,155436320.36990404,314981.0000000001
1445904000,0.004918,163062249.05699402,485170.99999999994
1445990400,0.005117,169660335.2,583592
1446076800,0.005362,177783607.04424605,1025490.0000000001
1446163200,0.004919,163095405.26867697,1275000
1446249600,0.004522,149932389.23052606,1246000
1446336000,0.004561,151225481.5,794178.0000000001
1446422400,0.004693,155602101.42831898,363671
1446508800,0.004649,154143228.1,315374
1446595200,0.004606,152717511.01189792,304132
1446681600,0.004399,145854175.19351697,406969
1446768000,0.004236,140449712.68918806,453354.0000000002
1446854400,0.004503,149302421.20854905,488064.9999999999
1446940800,0.004477,148440359.70479104,335490
1447027200,0.004318,143168522,137048.00000000003
1447113600,0.004165,138095621.65969503,274004
1447200000,0.004176,138460339.98820797,221757.00000000003
1447286400,0.004251,140947055.86443296,251917
1447372800,0.004264,141378086.6,250304.99999999997
1447459200,0.004226,140118150.57235795,176114
1447545600,0.004221,139952369.51394305,290405
1447632000,0.004243,140681806.17096904,205373.99999999997
1447718400,0.004268,141510711.46304408,173958
1447804800,0.004288,142173835.7,311516
1447891200,0.004237,140482868.90087098,178928.00000000003
1447977600,0.004313,143002740.98877892,203574.99999999997
1448064000,0.00427,141577023.9,387565.0000000001
1448150400,0.004287,142140679.48502094,205816
1448236800,0.004237,142098132.99612108,198598
1448323200,0.004293,143976229.63236907,198012.00000000003
1448409600,0.004206,141058472.35819805,272886
1448496000,0.004087,137067517.00617108,310073
1448582400,0.004177,140085886.60014093,330056
1448668800,0.00426,142869494.11457998,138497
1448755200,0.004773,160074200.8,900239.9999999998
1448841600,0.005259,176373396.60764706,739699.0000000001
1448928000,0.00536,179760678.04087996,998953.0000000001
1449014400,0.005508,184724219.15096396,755691.9999999998
1449100800,0.006677,223929486.43264103,2402450
1449187200,0.00849,284732865.03116995,5761720.000000001
1449273600,0.008549,286711573.98721695,3200960
1449360000,0.008445,283223680.23418504,3438319.9999999995
1449446400,0.008466,283927966.5,1599100
1449532800,0.008787,294693484.69127095,1422940.0000000002
1449619200,0.007778,260854207.79887408,2102930.0000000005
1449705600,0.006684,224164248.51217192,4949919.999999998
1449792000,0.006754,226511869.3,1253530.0000000002
1449878400,0.006692,224432548.03163597,557413.9999999999
1449964800,0.006384,214103016.53227198,839006.0000000002
1450051200,0.006284,210749272.53897202,469068
1450137600,0.00624,209273625.2,569171
1450224000,0.006271,210313285.8,519639
1450310400,0.006187,207496140.86547095,462921.0000000001
1450396800,0.006028,202163687.91612393,363393
1450483200,0.005971,200252053.83994296,336219
1450569600,0.006488,217590910.28530398,792754.9999999999
1450656000,0.006182,207328453.66580603,685867.0000000001
1450742400,0.006355,213130430.77421495,472464.99999999977
1450828800,0.006338,212560294.29535407,466008.9999999998
1450915200,0.006248,209541924.70138398,315986
1451001600,0.00619,207596753.18527004,270827
1451088000,0.006043,202666749.51511905,375142.00000000006
1451174400,0.00594,199212393.20201993,202905.99999999997
1451260800,0.006072,203639335.27317593,278544
1451347200,0.006008,201492939.11746398,291194
1451433600,0.00596,199883142.0006799,309972
1451520000,0.006042,202633212.1,383534
1451606400,0.006008,201492939.11746398,320954
1451692800,0.006008,201492939.11746398,320954
1451779200,0.005941,199245930.64195293,289496
1451865600,0.005995,201056952.39833504,313462.99999999994
1451952000,0.00595,199547767.60134998,192853.00000000003
1452038400,0.005901,197904433.04463303,217803.99999999997
1452124800,0.005883,197300759.12583905,297315
1452211200,0.005789,194148239.77213705,485992.00000000023
1452297600,0.005527,185361430.5,849157.9999999999
1452384000,0.005474,183583946.19324195,724813.0000000001
1452470400,0.00511,171376318.1,329552
1452556800,0.00511,171376318.05763003,329552.00000000006
1452643200,0.005331,178788092.3,524883.0000000001
1452729600,0.005271,176775845.9,220146
1452816000,0.005369,180062515.00027695,725223
1452902400,0.005319,178385643.00362703,349802
1452988800,0.005104,171175093.41803196,355429
1453075200,0.005147,172617203.33515105,327528
1453161600,0.005222,175132511.33012596,342213.00000000006
1453248000,0.005127,173908751.38064703,406316.99999999977
1453334400,0.00536,181812152.79896006,764677.9999999998
1453420800,0.00536,181812152.79896006,764678.0000000002
1453507200,0.006234,211458388.16207397,2212140
1453593600,0.006887,233608264.24000695,2889670
1453680000,0.006632,224958618.9,1235620
1453766400,0.006405,217258738.55920497,957897.9999999999
1453852800,0.006551,222211084.51231104,842502.0000000001
1453939200,0.00677,229639603.44197002,823529
1454025600,0.006881,233404743.17344102,803020
1454112000,0.006977,236661080.23849696,1174280.0000000002
1454198400,0.007265,246430091.4,1180190
1454284800,0.007893,267731963.06757304,1849760.0000000002
1454371200,0.008349,283199564.12658906,2471040
1454457600,0.007991,272419913.1,1048799.9999999998
1454544000,0.007778,265158563.92696407,771055.0000000001
1454630400,0.00787,268294921.33006006,679746.0000000001
1454716800,0.00781,266249470.84977996,549705.9999999999
1454803200,0.007941,270715371.1,835966.9999999999
1454889600,0.008274,282067621.2306119,673949.9999999999
1454976000,0.008542,291203966.7,1135610
1455062400,0.008617,293760779.8,749244
1455148800,0.008452,288135791,998678.0000000002
1455235200,0.008159,278147174.4767419,1536299.9999999998
1455321600,0.007989,272351731.4,879841.0000000001
1455408000,0.008247,281147168.51448596,717553.9999999998
1455494400,0.008295,282783528.8987101,481937.0000000001
1455580800,0.008098,276067633.2,495910.00000000006
1455667200,0.008057,274669908.6602659,587656.0000000001
1455753600,0.00797,271704005.4638599,829951.9999999999
1455840000,0.008069,275078998.8,470760
1455926400,0.008027,273647183.42012596,827608.9999999999
1456012800,0.008049,274397181.92956203,571449.0000000001
1456099200,0.007974,271840368.82921195,417091
1456185600,0.007887,268874465.63280594,567906.0000000001
1456272000,0.00793,270340371.81034005,699525
1456358400,0.007975,271874459.67055005,760808.9999999999
1456444800,0.008028,273681274.26146394,428689
1456531200,0.008048,274363091.08822405,678271.9999999999
1456617600,0.008136,277363085.1,528695.9999999999
1456704000,0.007929,270306280.96900207,1158790.0000000002
1456790400,0.007859,267919922.07534203,583804.9999999999
1456876800,0.007922,270067645.1,579040
1456963200,0.007955,271192642.8,662395.9999999998
1457049600,0.00805,274431272.7709001,396606
1457136000,0.008188,279135808.87554413,1342330
1457222400,0.008808,300272130.50510406,2796150
1457308800,0.008676,295772139.4,1574980
1457395200,0.008594,292976690.4587719,855384.9999999999
1457481600,0.008488,289363061.27694404,848173.0000000002
1457568000,0.008175,278692627.93815005,284630
1457654400,0.008207,282648016.10196906,217798.00000000003
1457740800,0.008283,285265446.24986106,177764
1457827200,0.008106,279169589.19490206,229210.00000000003
1457913600,0.008018,276138880.60260594,163982.00000000003
1458000000,0.007964,274279127.6,114972
1458086400,0.008043,276999877.36178106,80477.00000000001
1458172800,0.008109,279272908.8,607934.0000000001
1458259200,0.00833,286884120.1571101,1025449.9999999999
1458345600,0.008231,283474572.9907771,956683
1458432000,0.008192,282131418.0464639,759699.9999999999
1458518400,0.008053,277344276.1,305743
1458604800,0.008029,276517719.17664295,419730
1458691200,0.007561,260399859.84488705,2100870
1458777600,0.007563,260468739.6,1119049.9999999998
1458864000,0.00733,252444249.79011002,1211310
1458950400,0.007389,254476202.14176306,1045170
1459036800,0.007421,255578277.9935069,822108
1459123200,0.007498,258230148.01176605,394147.99999999994
1459209600,0.007506,258505666.97470203,266345
1459296000,0.007494,258092388.5,308755
1459382400,0.007474,257403591.12295803,469603.00000000006
1459468800,0.007302,251479933.41983405,795051
1459555200,0.006877,236842988.5,1446380
1459641600,0.006671,229748375.21825707,867534
1459728000,0.006292,216695664.3,1036040
1459814400,0.005927,204125111.7,740126.0000000002
1459900800,0.006068,208981133.38695598,1807669.9999999998
1459987200,0.005877,202403118.1,1191660
1460073600,0.005707,196548340.2,1385790
1460160000,0.006315,217487781.4,192288
1460246400,0.006373,219485293.8,155910
1460332800,0.006489,226262861.02891806,69562
1460419200,0.0065,226646416.5,56584
1460505600,0.006984,243522857.36260805,1061730
1460592000,0.00713,248613684.6,403883
1460678400,0.007245,252623582.70219004,1313140.0000000002
1460764800,0.007475,260643378.97845003,956562
1460851200,0.00728,253843986.5,1004390
1460937600,0.007347,256180188.00731397,316474.00000000006
1461024000,0.007254,252937400.8,499271.0000000002
1461110400,0.007277,253739380.4,590718
1461196800,0.007117,248160391.7,821664
1461283200,0.006743,235119505.6,865930
1461369600,0.006689,233236596.92131796,745304
1461456000,0.006758,235642535.80419615,535007.0000000002
1461542400,0.006813,237560313.17460594,410256
1461628800,0.006796,236967545.6237519,237705
1461715200,0.006713,234073445.22840592,583376.0000000001
1461801600,0.006559,228703668.59125793,331478.99999999994
1461888000,0.006314,220160842.1,564031
1461974400,0.006193,215941731.90816602,509392.99999999977
1462060800,0.0064,223159548.55679998,677240.9999999999
1462147200,0.006486,226158255,385986.00000000006
1462233600,0.006403,223264154.59518594,376595
1462320000,0.006396,223020073.83895192,337240
1462406400,0.006271,218661488.9,409766
1462492800,0.006192,215906863.2,470955.9999999999
1462579200,0.006166,215000277.56269193,371250
1462665600,0.00611,213047631.51282007,475996
1462752000,0.006067,211548278.29595396,271866
1462838400,0.006058,211234460.18079612,311439
1462924800,0.006023,210014056.39962605,393185.00000000006
1463011200,0.006025,210083793.8,320297
1463097600,0.006028,210188399.8,696941
1463184000,0.00604,210606823.95048007,793191
1463270400,0.006082,212071308.5,552519
1463356800,0.005991,208898258.6568419,223375.99999999997
1463443200,0.005936,206980481.3,271289.99999999994
1463529600,0.005908,206004158.3,509675
1463616000,0.005956,207677854.9,519775
1463702400,0.005761,200878462.4,513401.00000000006
1463788800,0.005671,197740281.2,679715
1463875200,0.005676,197914624.6,1069750
1463961600,0.005679,198019230.6646981,846000
1464048000,0.005644,196798826.88352796,1050310
1464134400,0.005754,200634381.6243479,480406
1464220800,0.005705,198925816.33071008,841980.9999999999
1464307200,0.00581,202587027.67422006,1020200.0000000001
1464393600,0.005767,201087674.5,614033.0000000002
1464480000,0.005821,202970583.14830193,438919
1464566400,0.005783,201645573.32874596,609434
1464652800,0.005796,202098866.2,550878
1464739200,0.005769,201157411.81627795,693464
1464825600,0.005776,201401492.57251197,781573
1464912000,0.005769,201157411.81627795,754756
1464998400,0.005786,201750179.4,509843
1465084800,0.00574,200146220.1,545539
1465171200,0.005756,200704119,375383
1465257600,0.005844,203772562.8,1168090
1465344000,0.005831,203319269.9,1567810
1465430400,0.006987,243627463.4,9770470
1465516800,0.006878,239826777.3,3365100
1465603200,0.006669,234137432.58293697,3064050
1465689600,0.006678,234453407.52569395,2164170
1465776000,0.006615,232241582.9,1186140
1465862400,0.006816,239298356.6,2390380
1465948800,0.006634,232908641.1,1715360
1466035200,0.006187,217215218.98195097,3258710
1466121600,0.006501,228239233.65147296,5033480
1466208000,0.006381,224026234.4,3225400
1466294400,0.006406,224903942.6,2392560
1466380800,0.006419,225360350.8,1184560
1466467200,0.006396,226072910.8,1236600
1466553600,0.006397,226108256.83331996,1124300
1466640000,0.006765,239115578.8,3173080
1466726400,0.006756,238797464.93135998,2060630
1466812800,0.006666,235616248.9,1055820
1466899200,0.006808,240635376.91986397,995115
1466985600,0.006734,238019774.99682203,821821
1467072000,0.006614,233778258.4,539443
1467158400,0.00701,247775263.3,877304
1467244800,0.006708,237100779.7,597693
1467331200,0.006696,236676628.1,600557
1467417600,0.006595,233106684.89813504,788366
1467504000,0.006708,237100779.72656405,605469
1467590400,0.006687,236358514.3,579077
1467676800,0.00667,235757632.79310995,571780
1467763200,0.006531,230844542.69442302,723026
1467849600,0.006381,225542646.9,963564
1467936000,0.006428,227203907.58532396,938645
1468022400,0.006385,226273274.8,696405
1468108800,0.00644,228222379,756878
1468195200,0.006572,232900229.00634795,653354
1468281600,0.006532,231482698.70198795,540673
1468368000,0.006488,229923415.4,447554
1468454400,0.006407,227052916.50086305,542536
1468540800,0.006409,227123793.01608098,691382
1468627200,0.006416,228089715.53753597,814120
1468713600,0.006305,224143649.69827998,772704
1468800000,0.006309,224285850.26906407,370709
1468886400,0.006293,223717047.98592797,322483
1468972800,0.006247,222081741.4,878540
1469059200,0.006,213300856.2,1546840
1469145600,0.005968,212163251.6,1362120
1469232000,0.005974,212376522.4,1279810
1469318400,0.006112,217282441.4,773543
1469404800,0.006122,217637942.7,449641
1469491200,0.005956,211736619.9,645633
1469577600,0.005909,210065763.4,954685
1469664000,0.005692,202351383.5,1520290
1469750400,0.005653,200964928.2,1606280
1469836800,0.005818,206875764.8,999099
1469923200,0.006444,229134999.7,707344
1470009600,0.006352,225863674.4,2161160
1470096000,0.006177,219641044.8,1303140
1470182400,0.006026,214271804.5,725965
1470268800,0.006167,219285466,1097260
1470355200,0.006201,220494434.03945097,882068
1470441600,0.00619,220104310.44099006,406905
1470528000,0.006131,218006385.7,645633
1470614400,0.006089,216512947.7,601562
1470700800,0.005993,213099375.2,496671
1470787200,0.006034,214557255.12131405,486413
1470873600,0.006138,218255292,1238530
1470960000,0.00611,217259666.7,1367080
1471046400,0.006104,217070897.4,1070290
1471132800,0.006103,217035335.3,1357320
1471219200,0.00612,217639890.53603995,394388
1471305600,0.00605,215150545.38284996,416810
1471392000,0.006,213372441.7,663609
1471478400,0.006019,214048121.1,974803
1471564800,0.006059,215470604,1128960
1471651200,0.006081,216256963.16713497,721561
1471737600,0.006033,214549952.1,566684
1471824000,0.005976,212522876.5,242501
1471910400,0.005961,211989435.5,591254
1471996800,0.00614,218355164.25689995,1490790
1472083200,0.006033,214549952.1,1043710
1472169600,0.006008,213660883.9,1173350
1472256000,0.00599,211547709.9,686362
1472342400,0.005974,210982640.9,582914
1472428800,0.005962,210558839.1,678314
1472515200,0.005945,209958453.3,806088
1472601600,0.005928,209358067.5,795151
1472688000,0.005911,208757681.64891097,778444
1472774400,0.005889,207980711.8,687249
1472860800,0.005902,208443639.7,861103
1472947200,0.005869,207278163.58436003,854559
1473033600,0.005866,207172211.20903996,313766
1473120000,0.005844,206395227.1,528001
1473206400,0.005894,208161100.04535997,686748
1473292800,0.005892,208090465.12847993,832417
1473379200,0.005975,211021814.2,1046840
1473465600,0.008299,294264518.2,15821900
1473552000,0.007376,261536942.5,12409700
1473638400,0.00703,249268533.88398996,1725780
1473724800,0.006857,243134329.6,2222500
1473811200,0.006872,243666196.99157596,2925540
1473897600,0.006788,240687739.4,1418680
1473984000,0.006823,241928763.4,1703520
1474070400,0.006835,242359582.8,1505070
1474156800,0.007268,257713159.9,3056340
1474243200,0.007385,261861817,2220690
1474329600,0.007939,281505885.57761997,4641840
1474416000,0.00812,287923893.5,8762770
1474502400,0.008253,292639888.3577399,6179620
1474588800,0.009061,321290443.3,7443020
1474675200,0.00894,317148259.7,6103280
1474761600,0.008857,314203818.4,7548990
1474848000,0.0082,290896614.05520004,5913380
1474934400,0.008153,289229279.8,2074630
1475020800,0.008123,288165023.9,2571860
1475107200,0.00788,279544551.06767994,2771920
1475193600,0.007412,262942158.9,4983430
1475280000,0.007379,261775943.3,2839700
1475366400,0.007367,261350233.7,3030770
1475452800,0.007308,259257161.3,2015030
1475539200,0.007534,267274692.6,3393370
1475625600,0.007974,282884045.5,5565070
1475712000,0.008271,293420358.7,3961500
1475798400,0.007945,281855247.2,2988620
1475884800,0.007984,283238574.30663997,1005940
1475971200,0.008829,313215602.8,1867480
1476057600,0.008146,288985649.6,796875
1476144000,0.008061,285970208.85343504,615802
1476230400,0.008035,285047838.7,2429920
1476316800,0.008347,296116280,3815580
1476403200,0.008584,304524038.30763996,3183470
1476489600,0.009093,322693889.5,6008900
1476576000,0.009031,320493623.2,4108640
1476662400,0.008966,318186892.4,1704230
1476748800,0.009397,333482291.8,931166
1476835200,0.00906,321522780,1715970
1476921600,0.008916,316412484.2,2853580
1477008000,0.008874,314921981.20606196,3085430
1477094400,0.008505,302191854.2,4357390
1477180800,0.00843,299527023.02186996,2711530
1477267200,0.007723,274406547.9,3571660
1477353600,0.007856,279132181.8,2339570
1477440000,0.008229,292385275.5,2434650
1477526400,0.00809,287446455.07080996,1880240
1477612800,0.008211,291745716.01809895,1682710
1477699200,0.008022,285980846.84185797,3109450
1477785600,0.008155,290722239.6,2710280
1477872000,0.00823,293395957.30596995,986716
1477958400,0.008195,292148222.4,777015
1478044800,0.008114,289260607.2,2288450
1478131200,0.008239,293716803.4,2067830
1478217600,0.008087,288298068.9,3656230
1478304000,0.008137,291020878.3,2576870
1478390400,0.008062,288338493.4,2085190
1478476800,0.008047,287802016.4,1682780
1478563200,0.008254,295205398.69434595,2227560
1478649600,0.008099,289661803.3,1278320
1478736000,0.007886,282043830.2,3048710
1478822400,0.007848,280684755.1,2917130
1478908800,0.007731,277273046.1,2390630
1478995200,0.007772,278743515,2503950
1479081600,0.007798,279676007.4,1300900
1479168000,0.007644,274152782.84721595,1872060
1479254400,0.007568,271427035.7,2585080
1479340800,0.007436,266692843.17790395,2413820
1479427200,0.007049,252813051.58163595,3721340
1479513600,0.006948,249270736.6,1854730
1479600000,0.0069,247548658.98359996,981461
1479686400,0.00714,256159047.12215996,561331
1479772800,0.007302,261971059.1,546743
1479859200,0.007008,251423333.6,1816270
1479945600,0.006783,243351094.8,1514390
1480032000,0.006737,241700770.37282798,1486150
1480118400,0.006716,241693735.03768396,1175980
1480204800,0.006672,240110274,1797660
1480291200,0.006595,237339217.2,1217110
1480377600,0.006531,235036001.1,1162000
1480464000,0.006422,231113336.27337798,814426
1480550400,0.006626,238454837.45677397,1384700
1480636800,0.00682,245436461.13117996,2731090
1480723200,0.007103,255669712.04562396,2861620
1480809600,0.007134,256785544.94347197,2438630
1480896000,0.006821,245519232.1,1322590
1480982400,0.006743,242711652.6,981049
1481068800,0.006779,244007458.5,1434590
1481155200,0.006709,241487835.86007196,1974930
1481241600,0.006705,241343857.4,2003000
1481328000,0.006658,238320303.1,1030760
1481414400,0.006709,240145826.63990697,2572180
1481500800,0.006536,233953364.6,1770230
1481587200,0.006575,235349353.1,1192970
1481673600,0.006543,234203926.6,1092150
1481760000,0.006495,232485786.9,2282160
1481846400,0.006439,230481290.5,2305770
1481932800,0.006371,229378913.18682197,2843460
1482019200,0.006281,226138589.5,3560500
1482105600,0.006342,228334808.9,2538810
1482192000,0.006444,232007175.7,2125100
1482278400,0.006329,227866762.1,1695600
1482364800,0.006189,222826258.6,2467560
1482451200,0.006184,222646240.6,2082990
1482537600,0.006336,230233124.24006397,1378090
1482624000,0.006432,233721504.9,1379520
1482710400,0.006487,235720056.33606297,272476
1482796800,0.006376,231686616.18602395,418493
1482883200,0.006309,229252017.2,1047280
1482969600,0.006385,232013651.9,1014600
1483056000,0.006566,238590702.9,1585550
1483142400,0.006194,225078674.80453596,4092710
1483228800,0.00633,230020667,1715300
1483315200,0.006361,231147150.5,1357240
1483401600,0.006242,226822907.4,552923
1483488000,0.006165,224024867.6,690212
1483574400,0.006713,243938189.2,2506190
1483660800,0.006454,234526601.09597597,3469780
1483747200,0.006488,238572341.4,5004900
1483833600,0.006616,243279070.7,2075820
1483920000,0.006845,251699703.6,1323960
1484006400,0.006791,249714052.12973204,777000
1484092800,0.00677,248941854.35403997,710993
1484179200,0.006764,248721226.4,1840920
1484265600,0.006763,248684455.09547597,1337800
1484352000,0.007022,258802562.99420196,775208
1484438400,0.006689,246529527.75109896,618070
1484524800,0.006708,247229791,543850
1484611200,0.006706,247156079.1,360991
1484697600,0.006696,246787519.5,302306
1484784000,0.006565,241959388.5,505799
1484870400,0.006519,240264014.3,531352
1484956800,0.006674,245980442.2,1440230
1485043200,0.0064,235881754.5,942663
1485129600,0.006349,234002071.8,240385
1485216000,0.006398,235808041.5,321562
1485302400,0.006372,234849771.9,398682
1485388800,0.006336,233522937.00172797,651837
1485475200,0.006492,239272554.8,1839380
1485561600,0.006467,238351071.74391195,681979
1485648000,0.006501,239604193.19733596,545416
1485734400,0.00648,238830206.41727996,316467
1485820800,0.006447,237613941.4771919,367364
1485907200,0.006445,237540228.5,388605
1485993600,0.006477,238719636.9,563802
1486080000,0.006428,236913667.72380796,861678
1486166400,0.006301,233417606.6,1608730
1486252800,0.006298,233306472.99067995,891574
1486339200,0.006345,235047566.07269996,336845
1486425600,0.006279,232602626.85113996,225089
1486512000,0.006243,231269023.6,467496
1486598400,0.006281,232676715.9,669313
1486684800,0.006102,226045744.39331996,797576
1486771200,0.006043,223860649.10834697,1338310
1486857600,0.005902,218637357.4,1173370
1486944000,0.005565,206153319.9,1873160
1487030400,0.005874,217600108,900571
1487116800,0.005777,214006779.7,795100
1487203200,0.005777,214006779.7,795100
1487289600,0.005777,214006779.7,795100
1487376000,0.005777,214006779.7,795100
1487462400,0.005701,211758515.5,1367850
1487548800,0.005664,210384183.8,680049
1487635200,0.00567,210607048.40048996,259722
1487721600,0.005613,208489834.68641096,644643
1487808000,0.005541,205815459.5,1681180
1487894400,0.005376,199686682.9,1621640
1487980800,0.006027,225450959.2,3804150
1488067200,0.006311,236074498.7,2686810
1488153600,0.006326,236635601.2,1410650
1488240000,0.006254,233942309.5,922273
1488326400,0.006067,226947232.4,1080960
1488412800,0.006577,246024715.3,2800310
1488499200,0.00649,242770321.1,3543910
1488585600,0.006534,243657047.33350196,2126160
1488672000,0.006227,232208820.59163097,3069740
1488758400,0.006244,232842761.5,1863970
1488844800,0.006243,232805470.8,1513040
1488931200,0.006391,238324485.7,2528400
1489017600,0.006343,236534534.93057898,1348750
1489104000,0.006312,235378525.06413597,1398830
1489190400,0.006236,232544436.4,2893180
1489276800,0.00613,228882644.4,3457130
1489363200,0.006787,253413785.90774396,7146690
1489449600,0.006928,258678460.1,4352960
1489536000,0.007018,262038890.45241597,3443200
1489622400,0.006914,258155726.5,3008720
1489708800,0.007324,273464353.6,4620820
1489795200,0.009612,359382691.1,10951600
1489881600,0.010743,401669605.8,25374500
1489968000,0.009137,341622934.75650394,11570400
1490054400,0.009513,355681184.01429605,5713300
1490140800,0.009435,352764845.0725201,6256690
1490227200,0.009529,356279407.38696796,3195600
1490313600,0.009945,371833215.1,3233830
1490400000,0.014072,526137456.3,19478600
1490486400,0.020393999999999995,762510466.3920479,72586500
1490572800,0.022594,844766180.1,30656500
1490659200,0.054541,2046076848.058583,215971000
1490745600,0.033204,1245630546.981852,160729000
1490832000,0.037085,1391224214.998855,79055900
1490918400,0.035739,1340729734.929057,42018800
1491004800,0.032284,1211175665,48282200
1491091200,0.036571,1372007967.856065,36852000
1491177600,0.035784,1342482654,15369400
1491264000,0.034937,1310706362.226555,15159100
1491350400,0.033786,1267525121,12065800
1491436800,0.033199,1245503063.215485,11294500
1491523200,0.034151,1281218564.169765,13450700
1491609600,0.034256,1285707542.348784,15804100
1491696000,0.033867,1271107465.457913,8899060
1491782400,0.034001,1276136797.857339,4948530
1491868800,0.033424,1254480642.674736,5969870
1491955200,0.033701,1264877098.455639,7916960
1492041600,0.033259,1248287808.003801,8978900
1492128000,0.029687,1114222320.460893,12164300
1492214400,0.029851,1130902909.130334,26158000
1492300800,0.032739,1240314573.783726,28085100
1492387200,0.031714,1201482525.213876,9231890
1492473600,0.031088,1177766561.892192,4948700
1492560000,0.03139,1189207809,6386250
1492646400,0.032263,1222281349.277142,13473400
1492732800,0.032754,1240882847.665236,11836100
1492819200,0.034555,1309112789.335655,16184200
1492905600,0.044695,1693265695.828595,81317400
1492992000,0.055114,2087988489.985394,111952000
1493078400,0.051487,1950579950.355227,44624600
1493164800,0.053275,2018318155.168775,60236000
1493251200,0.054064,2048209342.863344,34435200
1493337600,0.060929,2308289195.237509,40572500
1493424000,0.080567,3057967151.420575,152609000
1493510400,0.092864,3524706909,186493000
1493596800,0.102521,3891243937.726225,88525900
1493683200,0.137873,5233049574.488425,246048000
1493769600,0.201431,7645430278.870975,403253000
1493856000,0.160441,6089631086.438225,215174000
1493942400,0.187175,7104335541.439375,140488000
1494028800,0.182093,6975231489.699445,104818000
1494115200,0.204731,7842399862.255315,120422000
1494201600,0.214357,8211132204.079805,122191000
1494288000,0.221262,8475634263,69553400
1494374400,0.261789,10028056413.244486,214068000
1494460800,0.339733,13013769445.778046,439467000
1494547200,0.405379,15528396841.519835,478734000
1494633600,0.363136,13992551773.275265,271915000
1494720000,0.341917,13174929846.291634,219898000
1494806400,0.353756,13631116565.437643,240698000
1494892800,0.338757,13053167025.740793,130390000
1494979200,0.316974,12213812747.241125,263348000
1495065600,0.332185,12799931185.025564,165972000
1495152000,0.303762,11704720853.216537,153389000
1495238400,0.250816,9593545308,235036000
1495324800,0.271538,10386148036,255599000
1495411200,0.213315,8159156981,254920000
1495497600,0.231631,8859731808,122872000
1495584000,0.230942,8833378016,86131200
1495670400,0.205543,7861883146,92380400
1495756800,0.247677,9473480644,158351000
1495843200,0.333491,12879987331.410103,587690000
1495929600,0.304602,11764245215.379665,296791000
1496016000,0.282311,10903329035.919163,152004000
1496102400,0.297987,11508762710.01287,155295000
1496188800,0.294139,11360146431.758686,78560800
1496275200,0.285504,11026648104.647232,132644000
1496361600,0.282413,10907268448.700329,146362000
1496448000,0.289515,11108946498.920416,104224000
1496534400,0.286557,10982692841.312632,101675000
1496620800,0.261162,10009394388.630846,155158000
1496707200,0.272619,10448499738.990177,116329000
1496793600,0.254826,9766558436.821758,150340000
1496880000,0.266639,10219307978.917837,112785000
1496966400,0.277881,10650173157.301323,429088000
1497052800,0.258172,9885475938.328436,190970000
1497139200,0.262451,10049320009.490713,88797200
1497225600,0.26828,10272514001.26564,120759000
1497312000,0.284225,10883052378.148676,232286000
1497398400,0.290239,11113330070.125757,144326000
1497484800,0.325172,12450924119.649437,798940000
1497571200,0.292925,11216177739.006775,354012000
1497657600,0.299346,11462373769.38534,197393000
1497744000,0.320574,12275223349.39146,176870000
1497830400,0.310808,11901269656.23432,313668000
1497916800,0.298092,11414356369.09668,158126000
1498003200,0.275927,10565627758.73133,276635000
1498089600,0.27538,10544682370,187278000
1498176000,0.2809,10756050830,126783000
1498262400,0.269185,10307467222.25115,102166000
1498348800,0.262806,10063206459.53874,67769400
1498435200,0.255292,9775484972,53742700
1498521600,0.259801,9948140839,54073700
1498608000,0.259848,9949940534,60477900
1498694400,0.254387,9740831266,55383200
1498780800,0.255837,9796353778,73521600
1498867200,0.254885,9759900377,44024300
1498953600,0.239652,9176607667,87737800
1499040000,0.236171,9043315346,124965000
1499126400,0.234352,8973663311,82656600
1499212800,0.20535,7863136483,117046000
1499299200,0.186181,7129128870,279893000
1499385600,0.205163,7855975993,150973000
1499472000,0.202281,7745620214,218920000
1499558400,0.189839,7269198767,97098600
1499644800,0.171654,6572869880,132139000
1499731200,0.144688,5540304317,250358000
1499817600,0.176842,6771525600,311909000
1499904000,0.18925,7246645139,300616000
1499990400,0.16227,6213543497,139979000
1500076800,0.187339,7173470297,184828000
1500163200,0.182354,6982587729,105787000
1500249600,0.19439,7443462872,83281800
1500336000,0.194755,7457439229,196450000
1500422400,0.191998,7359722935.548832,56759700
1500508800,0.176387,6761317562.853008,163416000
1500595200,0.173817,6662803578.622128,77214200
1500681600,0.173468,6649564573.037432,34618900
1500768000,0.165379,6339488202.575446,74608900
1500854400,0.168693,6466524065.069082,78547200
1500940800,0.165704,6351946457.044496,42421600
1501027200,0.167145,6407184441,56473400
1501113600,0.17656,6768090489,119502000
1501200000,0.173609,6654969538.822466,58932400
1501286400,0.174492,6690693657.848436,31552200
1501372800,0.174084,6675049370.360172,45331100
1501459200,0.184159,7061363577.331397,112647000
1501545600,0.180304,6913548066.872432,74602800
1501632000,0.178999,6863509353.215117,58673900
1501718400,0.191757,7352700087.958431,178582000
1501804800,0.183649,7041808217.971067,99753300
1501891200,0.180664,6928941743,48078700
1501977600,0.179888,6899180093,54005900
1502064000,0.17429,6684482002,64949200
1502150400,0.168459,6460847746,110460000
1502236800,0.17043,6534940972,84239200
1502323200,0.162467,6229608959.205361,99978000
1502409600,0.160204,6142836845.024132,108090000
1502496000,0.160787,6165191304.841921,108083000
1502582400,0.158533,6078764285.237639,146522000
1502668800,0.155775,5973011969.324325,87806000
1502755200,0.159505,6116034499.547915,68565100
1502841600,0.193611,7423789570.809513,424030000
1502928000,0.24087,9235881194,1464530000
1503014400,0.248587,9531780622.169321,1782180000
1503100800,0.220536,8456197513.509288,1349560000
1503187200,0.218694,8385568156.760802,512362000
1503273600,0.212467,8146801053.355361,184897000
1503360000,0.203322,7796146619.335326,194379000
1503446400,0.223638,8575140111.030354,540170000
1503532800,0.218175,8365667702.823525,270649000
1503619200,0.22681,8696766777,177740000
1503705600,0.254085,9742595064.842054,421998000
1503792000,0.249645,9572348406.881535,301857000
1503878400,0.22457,8610876572,325019000
1503964800,0.228848,8774911527.240784,189239000
1504051200,0.206462,7916546282.847946,240074000
1504137600,0.216226,8290935554.993558,242231000
1504224000,0.22686,8698683970,164915000
1504310400,0.223218,8559035697.439494,103081000
1504396800,0.211528,8110796185.827224,151429000
1504483200,0.210045,8053932268.314735,51433500
1504569600,0.212904,8163557312.258232,116985000
1504656000,0.214914,8240628434.443062,137781000
1504742400,0.20922,8022298599,95200800
1504828800,0.200845,7701168922.991135,105461000
1504915200,0.164177,6295176928.825291,151959000
1505001600,0.181167,6946638802.417461,292527000
1505088000,0.178489,6843953993.854787,84819600
1505174400,0.178507,6844644183.008681,49237300
1505260800,0.189366,7261019962.016178,87804500
1505347200,0.183936,7052812900.591488,54680000
1505433600,0.18244,6995450513,34323100
1505520000,0.171347,6570102275.126401,43701200
1505606400,0.173483,6652004721.388489,37657700
1505692800,0.177651,6811821854.356833,32293700
1505779200,0.175581,6732450101.659023,20622200
1505865600,0.181323,6952620441.751209,35564400
1505952000,0.187749,7199017969.691367,68676300
1506038400,0.203149,7789513134.689567,250229000
1506124800,0.196986,7553200037.164638,119123000
1506211200,0.193591,7423022693.971853,72779800
1506297600,0.196932,7551129469.702956,54584900
1506384000,0.203369,7797948779.903827,40788800
1506470400,0.202849,7778009982.124667,87714100
1506556800,0.203454,7801208006.463882,49127700
1506643200,0.213899,8201709434.931817,122758000
1506729600,0.236733,9077252720,404202000
1506816000,0.233753,9022197850.568747,166435000
1506902400,0.238596,9209123811.691404,79461900
1506988800,0.279843,10801140148.347656,525909000
1507075200,0.249302,9622344819.285698,611117000
1507161600,0.259381,10012223696.514927,383954000
1507248000,0.264808,10221708346.512367,162503000
1507334400,0.250161,9656327534.182806,241877000
1507420800,0.259367,9993809655.582375,405766000
1507507200,0.258943,9977472283.079447,210881000
1507593600,0.265509,10230470367.641298,283097000
1507680000,0.255936,9861607945.540993,962326000
1507766400,0.226969,8745464857.587418,396170000
1507852800,0.219275,8449003197,362534000
1507939200,0.213848,8239892535.391856,304018000
1508025600,0.210527,8111929294.631894,183001000
1508112000,0.207555,7997413561,112474000
1508198400,0.203929,7857698200.824538,77794100
1508284800,0.198939,7665425821.603758,99132900
1508371200,0.207547,7997105308.644334,221929000
1508457600,0.204953,7897154496.680666,75572800
1508544000,0.203689,7848450631.483258,38415300
1508630400,0.202493,7802366910.932546,29633100
1508716800,0.20161,7768343562,26578600
1508803200,0.202587,7805988875.591214,62100300
1508889600,0.202776,7813271336.447472,35235700
1508976000,0.200793,7736863294.765146,43202900
1509062400,0.194131,7480166182.466782,67053700
1509148800,0.205095,7902625975,177140000
1509235200,0.208601,8037717550.668122,384713000
1509321600,0.204145,7866021013,75498300
1509408000,0.202402,7798860540.890644,46527000
1509494400,0.206486,7956223345.848092,102457000
1509580800,0.209832,8085149875.081104,112888000
1509667200,0.216912,8357953170.648864,156998000
1509753600,0.217419,8377488660.882318,147850000
1509840000,0.206187,7944702415.710414,140712000
1509926400,0.210117,8096131363.673874,137105000
1510012800,0.196401,7567632775.819722,243874000
1510099200,0.203654,7865702051,133388000
1510185600,0.20995,8108871643,127124000
1510272000,0.212758,8217329354,100024000
1510358400,0.223418,8629049387,1003870000
1510444800,0.227181,8774387332,404303000
1510531200,0.228036,8807409905,144759000
1510617600,0.230733,8911575846,193756000
1510704000,0.239804,9261924103,212055000
1510790400,0.232854,8993489867,220314000
1510876800,0.238634,9216730058,166264000
1510963200,0.245077,9465577212,238979000
1511049600,0.24466,9449471475,214700000
1511136000,0.253218,9780006000,212938000
1511222400,0.249117,9621613608,134241000
1511308800,0.253946,9808123449,195641000
1511395200,0.298582,11532093893,711246000
1511481600,0.240521,9289611414,546398000
1511568000,0.250447,9672982026,272495000
1511654400,0.255387,9863779006,184477000
1511740800,0.255487,9867641293,118712000
1511827200,0.251969,9731766035,133663000
1511913600,0.252982,9792132095,104732000
1512000000,0.245933,9527234149,173229000
1512086400,0.23525,9113383863,260916000
1512172800,0.222823,8631972508,274201000
1512259200,0.251643,9748434627,659633000
1512345600,0.244248,9461958651,206400000
1512432000,0.238779,9250094267,199457000
1512518400,0.250616,9708649525,175432000
1512604800,0.379427,14698677512,1521700000
1512691200,0.478039,18518822064,2808790000
1512777600,0.865028,33510444989,6367070000
1512864000,0.76057,29463831396,3210330000
1512950400,0.762863,29552660255,1346740000
1513036800,0.729334,28253775468,821122000
1513123200,0.776894,30096209197,1318580000
1513209600,0.792545,30702515553,1455610000
1513296000,0.774137,29989405374,1004990000
1513382400,1.15914,44904092358,3493390000
1513468800,1.10586,42840070721,4608170000
1513555200,1.17695,45594036528,1544270000
1513641600,1.0328,40009788798,756540000
1513728000,1.12038,43402563104,685907000
1513814400,1.18401,45867534890,922634000
1513900800,1.40645,54484670270,2876210000
1513987200,1.43294,55510870217,2838000000
1514073600,2.20813,85541067911,7511360000
1514160000,2.17644,84313424411,8189150000
1514246400,2.28004,88326799817,4654810000
1514332800,2.31012,89492073294,1697900000
1514419200,2.45529,95115834951,3206290000
1514505600,3.12571,121087332439.71637,6678660000
1514592000,3.22005,124741983364.58235,8104150000
1514678400,2.93138,113559154421.59886,6173580000
1514764800,3.09163,119767102383.33061,2833080000
1514851200,3.39845,131653046805.28716,2412330000
1514937600,2.4485,94852796158,3307200000
1515024000,2.14126,82950581295.08722,3717140000
1515110400,1.95614,75779186818.30954,4840510000
1515196800,1.93361,74906393930.77771,6211300000
1515283200,2.02577,78476593332.23947,3325760000
1515369600,2.0225,78349916335,2165090000
1515456000,1.86561,72272132219.62971,1990660000
1515542400,1.66706,64580475414.50566,1798380000
1515628800,1.19515,46299086530.56665,5720560000
1515715200,1.29116,50018431631.85076,7145750000
1515801600,1.61161,62432389945.63571,9205920000
1515888000,1.54157,59719100383.15327,3689240000
1515974400,1.58205,61287260884.14255,2348780000
1516060800,1.38127,53509215790.54997,2835820000
1516147200,1.30411,50520103531.25321,2445750000
1516233600,1.34234,52001100960.91774,3071850000
1516320000,1.33309,51642763889.91599,1819990000
1516406400,1.30965,50734718382.42615,1006410000
1516492800,1.21336,47004526321.15496,2043480000
1516579200,1.23119,47695245237.47509,772842000
1516665600,1.41666,54880194054.63126,1307040000
1516752000,1.31967,51122884593.39237,1093900000
1516838400,1.31231,50837764502.30341,1249430000
1516924800,1.13747,44064612773.22817,1106340000
1517011200,1.14397,44316417201.49967,1262330000
1517097600,0.958196,37378474579.108246,1403940000
1517184000,0.896766,34982138450.17991,3559920000
1517270400,0.919951,35886567119.38394,2021760000
1517356800,0.840231,32776752432.77858,1231960000
1517443200,0.692773,27024531483.738773,1261390000
1517529600,0.779269,30398672616.862423,2345600000
1517616000,0.732428,28571441937.794662,1159110000
1517702400,0.777794,30341134023.501373,881291000
1517788800,0.929139,36244983794.50348,1682040000
1517875200,1.08609,42367519229.49342,4747340000
1517961600,1.0132,39524137487,2571620000
1518048000,1.09286,42631611620.71668,1790120000
1518134400,1.02514,39989907524.16732,953263000
1518220800,1.14767,44769706740.79746,1442970000
1518307200,1.14836,44796623099.72568,1210330000
1518393600,1.14125,44519267575,579454000
1518480000,1.21041,47217144942.47358,1168690000
1518566400,1.12868,44028921732.03384,1120790000
1518652800,1.14499,44665162042.35162,574668000
1518739200,1.09852,42852403782.35976,734276000
1518825600,0.949136,37025051083.61597,895935000
1518912000,0.95568,37280327392.05984,904021000
1518998400,0.999782,39086279525.12215,899234000
1519084800,0.949314,37113243048.09629,491804000
1519171200,0.95122,37187757741.07424,361005000
1519257600,0.961025,37571082277,463012000
1519344000,0.953311,37269504972.45771,316422000
1519430400,0.90914,35542648464.83488,327035000
1519516800,0.931663,36423180694.60529,476784000
1519603200,0.914247,35739704142.590385,275997000
1519689600,0.904932,35375562565.87399,282330000
1519776000,1.01533,39691236402.30298,694109000
1519862400,0.957767,37440986098,1754140000
1519948800,0.916863,35841968701.333275,868140000
1520035200,0.876384,34259565385.831104,817321000
1520121600,0.827276,32339837575.912857,502973000
1520208000,0.845867,33066596143.034103,966093000
1520294400,0.802784,31382397372.269505,426465000
1520380800,0.831416,32501678276.675697,472828000
1520467200,0.8032,31398659626,356504000
1520553600,0.788572,30826633076.45515,280713000
1520640000,0.700401,27379877339.522915,468306000
1520726400,0.703766,27511420965.599255,901276000
1520812800,0.697978,27285158110.404648,510127000
1520899200,0.648311,25343589826.204475,322763000
1520985600,0.661157,25845762016.56901,925265000
1521072000,0.73457,28717349247,1067000000
1521158400,0.70411,27526543118,818311000
1521244800,0.691842,27046936762.29528,530297000
1521331200,0.660199,25809969768.572502,447842000
1521417600,0.637919,24938950384.35078,381653000
1521504000,0.64259,25121559520.06441,392593000
1521590400,0.642111,25102833385.18819,231315000
1521676800,0.600615,23480579329.188885,382954000
1521763200,0.579457,22653423667.996643,350731000
1521849600,0.578339,22609716321.87636,259622000
1521936000,0.512946,20053227516.112854,419233000
1522022400,0.509616,19923193221.81077,520045000
1522108800,0.51199,20016003613.76977,293509000
1522195200,0.485634,18985628428.22998,297669000
1522281600,0.499772,19538346760.797955,261899000
1522368000,0.560281,21903917109.175064,576895000
1522454400,0.502687,19652307288,419147000
1522540800,0.498358086,19483070475.346943,349725972.08669823
1522627200,0.475235074,18579087389.017345,208766084.89862934
1522713600,0.48796101525009716,19076601973.914944,202138801.4300799
1522800000,0.4991247346125835,19513042230.761047,131492857.30160367
1522886400,0.49243672165957736,19251577570.442856,264924279.0894582
1522972800,0.492965905,19272265721.731026,150082659.6644195
1523059200,0.5403846415674554,21126078514.111347,337059733.26195085
1523145600,0.6252226794383534,24460458697.010292,1340107146.7971597
1523232000,0.6350362834715515,24844394315.498234,1206794142
1523318400,0.6309482496476118,24684459006.381996,612117534.9279608
1523404800,0.6798732655156434,26598542370.99314,594497971.2410383
1523491200,0.6630442960055803,25940146047.32822,518372866.6709006
1523577600,0.6565748513426256,25687043290.222622,434471522.5759449
1523664000,0.7053496440989777,27595249506.83608,605238192.8886201
1523750400,0.7899012376166655,30903144164.246254,857326219.2
1523836800,0.930385185,36399268819.260284,2237130819
1523923200,0.872205703,34123124890.348217,1514444295.872118
1524009600,0.8692469938830634,34007371918.23744,924815947.1
1524096000,0.875024745,34253896642.821957,659161314.9701616
1524182400,0.9401980864874295,36805185528.04731,1535514066.9498756
1524268800,0.7953002558454108,31132985577.805885,1556787044.8702054
1524355200,0.8515961170691477,33336754811.735878,1004687865.0402496
1524441600,0.813650162,31851314720.44511,643178788.8
1524528000,0.861026768,33705929006.036583,767659487.6720052
1524614400,0.8706406027493231,34082274121.782322,867436015.2
1524700800,0.8353429408829374,32700504670.886955,547950108.4271138
1524787200,0.8373001268002688,32783524443.022736,609191492.3750373
1524873600,0.85539609,33492051107.82479,526700349.02963585
1524960000,0.887598645,34774570001.17967,242937512.4081948
1525046400,0.8938443947004426,35019267619.59135,973087673.3602813
1525132800,0.9041918053424821,35424661158.54711,643161107.7601397
1525219200,0.8715255463137187,34144853986.469322,615666633.3589588
1525305600,0.8313793091170872,32571994288.915825,580022615.6070418
1525392000,0.8122589941124547,31822893626.554436,445003618.6339801
1525478400,0.8002862741916879,31353823298.960938,589218874.2270923
1525564800,0.7555703576735637,29601931519.264442,377984516.1351162
1525651200,0.6861705452686968,26891001875.61754,962972031.3189715
1525737600,0.6978208341001307,27347576324.89661,576819276.8917745
1525824000,0.7458698874391296,29230617199.165997,519301882.2754752
1525910400,0.7417097145733362,29067580156.686802,597681544.7364846
1525996800,0.6972161198829727,27323877593.932518,401164090.18645334
1526083200,0.7135938643471674,27965720879.31077,411155395.36855686
1526169600,0.6670501177156759,26141672927.09855,319392431.92858446
1526256000,0.6795148512493371,26630165438.390327,329205517.24410963
1526342400,0.6740308522634255,26415247692.30975,234842714.61236975
1526428800,0.6978465715801341,27348584975.920494,253782972.9395947
1526515200,0.6802212770529341,26657850243.196507,233863050.4741114
1526601600,0.6452086140185985,25285705090.918083,217172399.08006775
1526688000,0.6011985500843849,23560952083,449045060.81866807
1526774400,0.6316376227983644,24753858376.025364,433631467.4378295
1526860800,0.6117224805821483,23973384585.096687,283146364.4574213
1526947200,0.6123489388672598,23997935465.393265,212645750.35254568
1527033600,0.6066559739739604,23774828352.03912,187161084.87209526
1527120000,0.5518930700208218,21628671885.44021,314041867.15550727
1527206400,0.6014789740983263,23571941891.339714,368630220.9141462
1527292800,0.6053633793737994,23724171610.712906,325334388.84330624
1527379200,0.6132001460199593,24031294246.672367,272020881.1584282
1527465600,0.6227891584207793,24439196858.02318,249614620.06202757
1527552000,0.6411219825666228,25158604850.609135,305541830.52713734
1527638400,0.6791204356358016,26649722128.90733,325995260.20032376
1527724800,0.6618939313238894,25973727814.68074,532703939.38305724
1527811200,0.6758379731331133,26520913291.762997,368807544.74954176
1527897600,0.6733903685203042,26424865552.083763,261160236.25705957
1527984000,0.6754460008823177,26507414005.071888,235286860.65121812
1528070400,0.6722952672207965,26383765628.330357,215231567.20817316
1528156800,0.6542822794202005,25676858304.16974,167926779.8379266
1528243200,0.585695519,22985218043.939972,475133281.50036806
1528329600,0.6048890795121539,23738456126.51589,319214672.83283275
1528416000,0.5638768679967714,22128960077.26586,299713066.7689646
1528502400,0.5351623503897837,21002078572.05289,353045253.1889741
1528588800,0.5603573,21991392984.94754,373201980.4479861
1528675200,0.534229405,20965995759.13145,232030093.9146642
1528761600,0.5338467085676655,20950976728.55166,197933206.77017656
1528848000,0.5256089842812864,20627684729.08759,164492571.10019204
1528934400,0.5360366600338907,21036922041.07151,266958371.0592306
1529020800,0.5479882365286848,21505965301.980175,251602367.70073858
1529107200,0.5376038877861932,21098428371.70887,251585004.20623958
1529193600,0.5336605585468722,20943671214.269997,191501615.9994723
1529280000,0.48839541,19167226665.26373,325654524.35729295
1529366400,0.492234104,19317877390.076183,193945095.56402752
1529452800,0.4776674513480335,18746204662.43965,367276172.11768126
1529539200,0.4813881402171685,18900301813.472134,236171609.20141268
1529625600,0.45544959291621323,17881900378.883587,186485862.2097633
1529712000,0.4696914370950493,18441070917.823708,205808532.6656166
1529798400,0.44918968776276375,17636129240.12475,206377401.4744439
1529884800,0.4531321565940195,17790918835.094063,294970557.8981606
1529971200,0.4650056508316145,18257097121.485836,329081328.9345769
1530057600,0.4594759775288301,18039990550.074345,265723733.7
1530144000,0.4859413788865257,19079077714.03124,323227123.1605018
1530230400,0.48352484797536144,18984199642.19857,387397562.55064434
1530316800,0.48893090030818254,19196452595.055458,295314167.3021129
1530403200,0.47642423241202114,18705580086.916138,278943078.68874496
1530489600,0.477898129,18763448866.00384,246779300.5772633
1530576000,0.4841518656913012,19008985861.337124,210764155.7085477
1530662400,0.47697862897457227,18727347051,228601389.8991549
1530748800,0.4725777304555357,18554557016.495796,198792540.84468725
1530835200,0.44489385762341305,17467620489.872124,232761626.1636006
1530921600,0.4490359413004713,17630248821.25581,191665461.0673246
1531008000,0.43582934884153135,17111725714.936731,181142235.0238918
1531094400,0.437947097,17194873676.221233,191554578.0173478
1531180800,0.43841298709113163,17213165668.88039,147985465.54448727
1531267200,0.44565990446836257,17497697361.772587,167484142.7303365
1531353600,0.48158496916250987,18908203228.281193,312590882.03266764
1531440000,0.5041827999420894,19795449309.988556,384106043.54503685
1531526400,0.4841949598838564,19010677844.689945,413129052.0361457
1531612800,0.4755518895242561,18696647564.949375,351829814.0758807
1531699200,0.4459423273280479,17532527389.780315,350130265.20215386
1531785600,0.4541505104533904,17855237719.449326,210109683.32239097
1531872000,0.44875320806011076,17643039086.930885,178738821.4106066
1531958400,0.4450601835926384,17497845305.89862,204996682.79326153
1532044800,0.4580777946748731,18009641582.82143,320459822.37046486
1532131200,0.45866430297770966,18032700557.611797,270143730.18156236
1532217600,0.4487912781165996,17644535837.221714,231096150.4
1532304000,0.452254669,17780701399.526608,204700070.54754168
1532390400,0.45454442284945107,17870724654.53012,168216669.36772478
1532476800,0.4528507343740088,17804136134.522682,194852520.27703553
1532563200,0.4465192649086967,17555210085.086514,248726668.7194455
1532649600,0.43543457562142046,17119407949.638153,233995826.92066345
1532736000,0.44729845576933375,17585844506.33071,338834094.11826074
1532822400,0.4311476932093057,16950866237.624617,222305399.53186354
1532908800,0.4409187818195647,17328052829.884464,287546122.7245024
1532995200,0.43004948561222806,16900890852.054571,201577122.81443125
1533081600,0.43447367117237534,17074760789.731249,207675194.61148027
1533168000,0.4133342092283022,16243982586.429096,258285637.01182634
1533254400,0.38018655211349806,14941283818.864973,337672018.5289978
1533340800,0.3317368870611741,13037218058.381136,387146374.9247961
1533427200,0.3462053831045791,13605828138.392862,387949885.27212375
1533513600,0.320764595,12606008339.247646,308624072.8380873
1533600000,0.30066296993965713,11816017012.485464,308616055.5470788
1533686400,0.29711500180609407,11676582309.78712,272765373.01604617
1533772800,0.27917264750023035,10991696997.63905,269511987.4784459
1533859200,0.2739365573815652,10785539565.841753,296755785.8454655
1533945600,0.2816796138691155,11060106468.746155,340842440
1534032000,0.29235691031813965,11503979081.781641,244969420.58437437
1534118400,0.3659425085627602,14392224772.330652,525847021.47458124
1534204800,0.32636428053985966,12848349081.28397,444762175.5159049
1534291200,0.3437034751291751,13533274221.317991,341168051.0647279
1534377600,0.31849139623777956,12539770479.476439,302218417.5452294
1534464000,0.33463304246761144,13187602526.119719,253887820.8082218
1534550400,0.3193222552345032,12622787195.61311,292955423.1148977
1534636800,0.3274691863814143,12938768345.759274,224088236.9447054
1534723200,0.32729258279553575,12938386209.036669,249317627.9381173
1534809600,0.32802231307315555,12964917156.24975,174724569.27970305
1534896000,0.32358914015941737,12757017922.365421,174306308.69864276
1534982400,0.3383181301154409,13393344196.130842,236770852.89093497
1535068800,0.35239789363432517,13977910759.286558,340767467.29203665
1535155200,0.34466053251451045,13658735245.760155,284340626.20150805
1535241600,0.33556185746703293,13305408387.628397,268653221.49236953
1535328000,0.33551950320835444,13304200788.849567,227827316.73193341
1535414400,0.34798281799922076,13793452838.62913,267450670.5538395
1535500800,0.34265406398759846,13586107297.704435,255056352.7135004
1535587200,0.3357545478069385,13310757132.365767,341896700.2962835
1535673600,0.3308121774807694,13116772261.20795,468808206.8583943
1535760000,0.2814681761478718,11277920397.115484,394545978.7502645
1535846400,0.30148935196335885,11949917779.488306,421848840.5829816
1535932800,0.2893650523023391,11472459908.440998,300432868.0842056
1536019200,0.2745819954620263,10886581606.789198,298131545.27168393
1536105600,0.27749808014040456,11000686585.72234,278611709.4954461
1536192000,0.2688117095167822,10596352112.37574,302129589.1
1536278400,0.26383639351660326,10479436626.168451,311759794.9838595
1536364800,0.27015110727100333,10728419561.688984,342327516.7
1536451200,0.28081593329265214,11159313709.477243,363840606.5867251
1536537600,0.2768805465013173,11041033721.071878,326677786.44595754
1536624000,0.28188391766658527,11216254780.528734,250387720.51287615
1536710400,0.28120383977383406,11194463090.429113,241091500.85941184
1536796800,0.2713479055110803,10795790569.815594,285533927.5424672
1536883200,0.32195017453398533,12819035863.049355,674858731.0026356
1536969600,0.3260046139961996,12977940207.449564,525069885.21176994
1537056000,0.449615905,17898790632.300175,1394001878.255684
1537142400,0.5654185509177353,22508786167.298504,4307403389.008946
1537228800,0.573448623,22828455869.729145,2492897027.684864
1537315200,0.572512681,22800880961.213734,1064007679.1837506
1537401600,0.4944318777867952,19718230715.169506,1013020980.962001
1537488000,0.5281232616151041,21056753595.738876,1723375409.182053
1537574400,0.5149985655194846,20581970432.18768,1639250152.1956763
1537660800,0.5423211153226617,21627253103.296227,859572804.3009448
1537747200,0.5401109786282969,21542536789.536087,738590479.0948968
1537833600,0.5716408695349071,22791840106.113216,1081239677.1286824
1537920000,0.5816127502591653,23189480865.26736,1308391504.2404637
1538006400,0.5773829319341285,23123938642.88499,1397493860.1884134
1538092800,0.5166624976780154,20634734487.43324,700808852.0455769
1538179200,0.528511844,21124163661.194836,828787430.3071119
1538265600,0.527541728,21067595467.36635,596664917.2537743
1538352000,0.5197527810802645,20752173732.476128,582795301.1392149
1538438400,0.4886787856592851,19516196478.888077,710572866.3788797
1538524800,0.4830676900010518,19291506495.61421,559788282.9429944
1538611200,0.4911823601582122,19615382264.346497,571441759.6639591
1538697600,0.48025563,19168497764.885136,434700458.36173064
1538784000,0.4631301956076673,18518925200.843914,419667835.81864566
1538870400,0.3827658983132607,15322354788.049217,919679024.4076544
1538956800,0.42127858425725245,16856988701.192656,974718176.8852942
1539043200,0.4221324275877779,16883106434.543224,420676075.2775871
1539129600,0.4052294499258164,16207792649.503016,339593825.34062314
1539216000,0.45302589929818526,18121375435.246593,1229625623.4448094
1539302400,0.47581051810127967,19021766473.118164,696224404.0064733
1539388800,0.4758981496045672,19035355587.47732,711807146.9203615
1539475200,0.4614499882396756,18456907922.110493,637016687.1544831
1539561600,0.45767206676431177,18303290653.94065,444255149.0777193
1539648000,0.46420607928321866,18562875454.128372,426405354.3062249
1539734400,0.4608295736733428,18434111772.681038,446592474.0009685
1539820800,0.4567760577976926,18269961761.09505,317539422.8461864
1539907200,0.463953781,18555820663.916576,646754243.9847931
1539993600,0.45879775435088754,18351057348.479713,520379443.11206263
1540080000,0.4604520388780604,18513396467.526398,445181041.13247615
1540166400,0.461604975,18560429762.780533,396254310.2027455
1540252800,0.4574333612228476,18386651634.08071,289043924.6332402
1540339200,0.46305842888872795,18621107767,334957518.39887416
1540425600,0.44091381016919695,17730905670.74596,480694704.68585455
1540512000,0.44672032843053366,17992858602.574776,227040091.18113282
1540598400,0.4536180307581987,18235384769.580273,302071251.8051166
1540684800,0.4580677016478053,18407702949.31377,382968051.22778344
1540771200,0.46171766648449136,18563394440.707493,493211574.1821052
1540857600,0.45713384256022543,18374670192.030453,420589523.1516317
1540944000,0.45994434094168035,18464055437.74131,618149344.7
1541030400,0.49667128994838566,19968924485.02773,924082201.4435482
1541116800,0.5499785392991835,22052163757.53378,1853044742.6153755
1541203200,0.5391213228385459,21647736307.299713,895312330.9
1541289600,0.49665147943451854,19989669414.538494,898074715.9610361
1541376000,0.5025685527333951,20201320299.59929,671999305.7276108
1541462400,0.5080529756541826,20364615755.763073,438844393.5590643
1541548800,0.5087858598057983,20455994329.648937,514239181.19477665
1541635200,0.520972685,20945971834.069374,857397372.1645775
1541721600,0.5133516434128776,20634554378.108093,764601053.5
1541808000,0.47733407786276144,19223078147.536877,1739603421.6553605
1541894400,0.48661408818885643,19596800393.614944,1304087630.0706875
1541980800,0.47483121816677704,19122283610.21063,695872789.5182846
1542067200,0.495510037,19927766078.410328,740803249.7613866
1542153600,0.5131615688115037,20683559661.248222,1019902684.0112827
1542240000,0.48170970842039146,19475180318.07843,1849155450.3441095
1542326400,0.4365696229970872,17470153482.70859,1948711156.443433
1542412800,0.44966013270735183,18177510275.85437,1389721463.274982
1542499200,0.42589733345570646,17319330511.41042,233415635.5819044
1542585600,0.4124455003989376,16631185564.048267,1028685413.0798199
1542672000,0.37721297815419813,15211737209.168392,856816582.2198724
1542758400,0.3783131854754654,15256365101.797823,1580182738.2326925
1542844800,0.359461325,14584111459,1371317182.3991518
1542931200,0.361691441,14637764209.215908,770673150.8
1543017600,0.39132924183559503,15837154996.202969,1005109623.0877391
1543104000,0.3796982303457673,15301150890.891167,814252722.2040832
1543190400,0.3625003937119171,14607505065.57019,640077941.5033094
1543276800,0.3728938527414696,15037828750.622845,563433646.8794563
1543363200,0.3658156369270511,14726250317.919899,490227128.43539727
1543449600,0.3492607965624095,14105961946.025335,572225365.6169361
1543536000,0.3519264589931989,14192258566.497477,612588703.9708402
1543622400,0.3400297672767691,13710340970,516275230.8265868
1543708800,0.30745641048156885,12398899724.575516,618353022.0128005
1543795200,0.3017390158990849,12349261631.388659,789737466.8838176
1543881600,0.3047234863823046,12452898106.709892,560386252.7822305
1543968000,0.3098202390975418,12684353401.858206,490041596.4505556
1544054400,0.29930729105179504,12249738517.795769,441301530.03789735
1544140800,0.2984031354609271,12215030952.889633,434127326.3994019
1544227200,0.30413464305165333,12444768877.331896,415346726.8371265
1544313600,0.29856200654419823,12204504799.59126,345848701.6
1544400000,0.2877462638802257,11774199963.56171,374582816.1116598
1544486400,0.2837480151188949,11614715521.826195,331022737.6109589
1544572800,0.28584162348298026,11722261490.328615,377515174.2
1544659200,0.3250806924368425,13251262692.552494,766955295.8408235
1544745600,0.3475603965958686,14171921169.491089,887290814.3520457
1544832000,0.3480658904336207,14212434652.549297,1221881562.6261837
1544918400,0.37328284240726917,15161220922.752743,1189319604.039187
1545004800,0.35516768259531917,14504196617.269583,890230980.5226151
1545091200,0.35826241512589374,14597973729.318842,576220385.4312642
1545177600,0.36679833577271725,14948565151.309673,703609620.5031618
1545264000,0.4052025476286227,16596816211.777884,2027380717.3608372
1545350400,0.37524144636354173,15275469186.631643,1180670034.8585677
1545436800,0.373783351,15259145515.584234,830120655.2
1545523200,0.33484392777588784,13692601724.80256,701672123.3682529
1545609600,0.3695485552559722,15059014736.113764,916292442.6195465
1545696000,0.3635894461883706,14868735706.887466,643772898.1106855
1545782400,0.3642331894931558,14832331451.769978,611648633.0243944
1545868800,0.34917292328511085,14249680464.478922,579044791.7744502
1545955200,0.3600887624318323,14676635140.833633,530562678.8317979
1546041600,0.37077035554683946,15133869936.188208,637546647.8228813
1546128000,0.35394253277498233,14441488490.569548,493301288.4368563
1546214400,0.35535221470959916,14496424116.249329,487862712.33329636
1546300800,0.350772456,14315013504.533316,493710851.7944223
1546387200,0.3625506997596083,14789291600.76397,558490987.9
1546473600,0.3618096962771975,14762623132.969643,604509982.9338614
1546560000,0.36259175787944437,14788107342.618557,551158708.6065013
1546646400,0.3672779880684339,14993887227.395033,528848998.6620967
1546732800,0.3290160675846843,13510760656.19224,982892808.3487959
1546819200,0.32753219324551897,13425186803.396797,565606578.0884812
1546905600,0.327120936,13421281192.901644,411130981.22269297
1546992000,0.3140212935661152,12882801188.973438,474444573.7488991
1547078400,0.33124255244522693,13596992392.167492,519065000.45911944
1547164800,0.32326650342261226,13250399888.87465,408479335.5900175
1547251200,0.32725797559633635,13440666466.868021,403570445.80944884
1547337600,0.32623295288260423,13386850948.18767,405007131.63153076
1547424000,0.32067217050557384,13158726687.538002,332351555.7327561
1547510400,0.3274986099061246,13440395811.46948,393170270.9368138
1547596800,0.3169184081242551,13011477628.847239,388184198.4944774
1547683200,0.3179811884134676,13063342082.801643,367655023.86731446
1547769600,0.31767092097341926,13038285033.526447,532065422.59768134
1547856000,0.31488832568477776,12914976704.160997,328647954.77512914
1547942400,0.31570992195797104,12951257563.418509,303813845.5360176
1548028800,0.3138726069944991,12880172477.973282,503232743.33871585
1548115200,0.3127327212361572,12873766718.758944,495940405.2321722
1548201600,0.3074706667599157,12647626145.279543,368746842.9616335
1548288000,0.292859916,12070520515.381594,581673448.9016954
1548374400,0.28660870624572465,11798293273.639153,413279470.8158555
1548460800,0.3199951256691925,13165745045.173086,754107735.9
1548547200,0.3084742831518904,12697870804.593693,791829713.6
1548633600,0.3066263256305771,12621802467.167784,597851854.4890903
1548720000,0.30830160857466615,12690762920.427702,382674595.81157345
1548806400,0.3017471299030884,12420957857.546078,436671940.2304603
1548892800,0.2992280869548261,12318981576.56354,493327591.8826044
1548979200,0.29916720939443214,12316475295.97821,410993072.6
1549065600,0.2890269028840952,11901512124.32993,475307629.7990475
1549152000,0.29024638225409494,11949211960.815048,382512258.7159663
1549238400,0.3104267577501689,12750124566.529068,720913070.4714884
1549324800,0.3106041291328784,12778025493.495745,472315846.9331795
1549411200,0.30764679845620524,12665573211.52443,515971971.9183471
1549497600,0.3015301943348576,12425484305.535395,480367181.29456824
1549584000,0.3036888156008824,12518085053.862162,496371470.82398534
1549670400,0.3028161091417303,12468633883.24942,517511866.9911768
1549756800,0.29964816576536635,12352693520.45647,391017834.8080254
1549843200,0.30034783455227554,12373107746.476965,411145286.00028247
1549929600,0.3002033152455591,12370806148.557484,365939556.54193544
1550016000,0.3028632464563751,12476018298.173288,428440993.34143496
1550102400,0.3198146029619839,13215662884.045328,996402525.3
1550188800,0.32151332724402787,13281393663.775656,1178422700.4009051
1550275200,0.3314494864449227,13691846452.729155,823368856.1067202
1550361600,0.3200079244352406,13219206980.886202,604882327.6034607
1550448000,0.32154367940121226,13300858353.265532,602767737.4837847
1550534400,0.33129836333034973,13704367044.414268,644852641.5168257
1550620800,0.2971769158095791,12343221624.719486,1236206775.479996
1550707200,0.3253251207658441,13457280075.05403,1267016271.3112097
1550793600,0.31638328237381236,13087395255.387577,1029935582.5327955
1550880000,0.3104579357086018,12872053115.844961,827703872.0783693
1550966400,0.31336136119570573,12954764942.679686,830241999.4893934
1551052800,0.31512793629703345,13049579376.232838,669236941.5
1551139200,0.3130880420274274,12971908194.179266,780813635.1
1551225600,0.31100343362899663,12871747420.762299,668159008.3816918
1551312000,0.3025428391500395,12534997851.87214,649085227.6230991
1551398400,0.3144673452605086,13019127269.240784,799811398.7307925
1551484800,0.31455191585087905,13028850393.694176,771805588.0731788
1551571200,0.31260281782435984,12949586022.306864,709386014.5
1551657600,0.30745784370945434,12752022413.294306,675665353.2366471
1551744000,0.3135130089002694,12988644467.373795,778491280.7796341
1551830400,0.31305242221430074,12969802503.302814,611718278.8352133
1551916800,0.30884485565370556,12819357214.261234,591542610.7429271
1552003200,0.3102317009938003,12850662385.684265,543201123.9056262
1552089600,0.3131691581340176,12980064617.475113,832098059.6368948
1552176000,0.31086399332787285,12880656916.594118,680828412.8990194
1552262400,0.3145422923120605,13026304156.228418,633393467.4073706
1552348800,0.3184925057020855,13193638994.16571,827158151.9123324
1552435200,0.31514319977266525,13059410827.740152,583878764.9
1552521600,0.3149082506809884,13051430548.043495,893210078.3
1552608000,0.31665803421752464,13115943538.61332,743442769.8813801
1552694400,0.31742439439543624,13225810085.754425,978925124.2762313
1552780800,0.3106503688589173,12944219113.785494,1063184398.9236925
1552867200,0.31054639690217345,12938273099.614456,951557646.5184699
1552953600,0.31129015823656286,12977887328.842228,1037795018.082312
1553040000,0.3079100847628493,12839035060.35756,1236303097.556161
1553126400,0.30268622683701013,12634520320.834866,999354191.9643741
1553212800,0.30119011981810245,12562002566.76535,1102652562
1553299200,0.3099693256433301,12934648160.99119,1304070221.079658
1553385600,0.30695619008943753,12801968361.38052,1070281983.1165979
1553472000,0.3079396927025501,12849798129.98228,1365754603.382128
1553558400,0.31100017135531227,12976136065.589048,1100416818.134314
1553644800,0.3093437737308098,12902812759.54749,1002498524.8423936
1553731200,0.3129402729724225,13051805828.323729,1156661193.4163582
1553817600,0.3518736428917325,14751322849.327442,2883366599.3890543
1553904000,0.3417426428629733,14265624598.414612,3014372285.2450743
1553990400,0.33102197792169713,13825253951.510794,1836094470.3531175
1554076800,0.36211143374714566,15119619889.479095,2784434882.315715
1554163200,0.35347648869224785,14751663676.733376,1864724985
1554249600,0.3592233385545214,14971247730.613243,1696965254.6708674
1554336000,0.3580143252716769,14952285303.88718,1769888509.6409569
1554422400,0.34868546856946836,14568207806.754398,1239241795.8362613
1554508800,0.3546560890651317,14822938546.774567,1361509045.762026
1554595200,0.3298599839107897,13794801321.963398,1853565246.8091552
1554681600,0.3267281054634614,13638818283.867538,1249642704.415288
1554768000,0.32564927226908136,13590031721.840157,1154974892.819901
1554854400,0.32824359487073484,13698171139.896444,871876938.7987264
1554940800,0.31963345273696764,13424535740.112926,1094979034.7830312
1555027200,0.3263403207883792,13680409703.54894,885493212.5006288
1555113600,0.33483196087055733,14055604800.81118,1334374335.9537647
1555200000,0.33640150649965944,14115043056.818666,1270634053.458099
1555286400,0.33100774391645865,13905538093.288944,1233067833.1441004
1555372800,0.32764739391135816,13746239989.046755,1064420338.4787904
1555459200,0.32288136247361093,13548590783.188202,1180576148.7452052
1555545600,0.32345663839248523,13585188703.461403,1311614257.7079237
1555632000,0.3210244732265786,13468301102,1294500293
1555718400,0.30179512098072336,12662565537.01285,1742498918.254119
1555804800,0.290039376,12175771462.06511,1375461388.2715502
1555891200,0.29940211275376843,12572380124.531511,1417595418.6346962
1555977600,0.29679527782578874,12447474265.301832,909997148.0832446
1556064000,0.2967732843158799,12450873795.59083,790117690.6484704
1556150400,0.29180850641677997,12251847495.659832,934458146.3621022
1556236800,0.3067203063730033,12889724840.292702,1352991941.275222
1556323200,0.3016809635472125,12667472179.101122,999894306.5227537
1556409600,0.30071477553347126,12638714920.644684,909268140.8818136
1556496000,0.30613875339821905,12868846188.377821,1248362417.1874719
1556582400,0.3031285673695555,12758536340.477417,1190213827.0855913
1556668800,0.3005618555589483,12642009337.063793,803803648.9712865
1556755200,0.3011475456986682,12676457605.811451,973493927.3601532
1556841600,0.29790339914123076,12550461206.096888,1093487926
1556928000,0.2997663165666108,12620364938.618639,948761478.7494427
1557014400,0.29632271750808825,12506733788.512634,931581746.8368655
1557100800,0.29961408583891663,12618027632.289663,1078848959.4386067
1557187200,0.32831731110684287,14025656335.089315,2458965760.207966
1557273600,0.30935237,13003310163.38719,2362625017.0521126
1557360000,0.32477331530412995,13695103887.96502,2100539901.4053109
1557446400,0.40749103338427184,17161276915,6817202849.651052
1557532800,0.4589964483924191,19301044733.637108,5301693094.801105
1557619200,0.4196057515361442,17653003012.508133,5869587317.356841
1557705600,0.38820758914885806,16383501275.085762,4326345937.706392
1557792000,0.37372548549206697,15749728254.381968,2103693649.157987
1557878400,0.4165254503990362,17545117532.265755,3168824166.002931
1557964800,0.39763111421646663,16736722403.094288,2487606991
1558051200,0.39776555884957665,16758916343.04223,1924321271.9917443
1558137600,0.37508568981736423,15807458475.171375,2089984806.893093
1558224000,0.37983190674034745,16014322672.554684,1791080635.9339194
1558310400,0.3827019405418893,16115558398.434864,1968184359.3226404
1558396800,0.3863107913825079,16260053210.267584,1486911309.4616783
1558483200,0.4080803697095843,17191653624.05363,1961705855.8250906
1558569600,0.43667355749082487,18405115118.683525,3140944823.944916
1558656000,0.44706800395884505,18850479778.811153,3088106781.021212
1558742400,0.44421148392210086,18702381002.157177,2770037170.7916527
1558828800,0.423119421,17848092752.66428,4047752336.7291055
1558915200,0.43942583956115755,18550333540.562267,2503864362.947346
1559001600,0.42953998187742165,18119284756.20579,2002109820.861947
1559088000,0.44594169185369104,18805608636.346355,1822417826.270634
1559174400,0.42526877601327534,17982157524.46176,2802129125
1559260800,0.4000123337729527,16823463256.32088,2636439040.269349
1559347200,0.40339352292140596,17016824287.543633,1948366855.4571414
1559433600,0.4223714220327487,17850984274.32532,2292525765.235385
1559520000,0.4231568709971077,17884721553.83345,1948324586.554901
1559606400,0.4115452048545947,17401225505.226234,1433146777.4105122
1559692800,0.3870513612665122,16358957730.441664,1908623422.9889174
1559779200,0.40094335072003495,16918473751.468435,1826034467.6028223
1559865600,0.3929726791133927,16598752535.305893,1493055010.1714642
1559952000,0.4009998907280815,17027842290.850485,1448401396.3600838
1560038400,0.40089664879068343,17022857947.078163,1476173702.2015498
1560124800,0.40490736601560867,17237603648.787327,1511681420.3548443
1560211200,0.4099321007992998,17417379239.959103,1691204116.9115326
1560297600,0.42707984579882496,18239801084.91914,2704062272.640241
1560384000,0.4455181226198829,18974636052.468895,2924019807.891432
1560470400,0.42874431911968836,18227858735.080383,2771980976.293154
1560556800,0.4362055466770004,18530036954.61989,1880443514.4894888
1560643200,0.4311924587376944,18349745154.63111,1872182942.7894351
1560729600,0.44419543376328835,18874628120.21579,2197641115.2434354
1560816000,0.47566898494524945,20263950769.413776,4632564299
1560902400,0.4688108645393041,19946875099.538143,2947533576
1560988800,0.47357824533616727,20091885984.030888,2327447810.186076
1561075200,0.4699466182010064,19972957101.406395,2819077634.1700883
1561161600,0.46567098695510195,19803154744.736454,4686624019.381552
1561248000,0.40862143636692605,17456010264.591877,4079102906.128352
1561334400,0.42419799835559024,18022571581.23273,2518459272.760998
1561420800,0.42896030971311205,18219179341.600826,2524008308.457106
1561507200,0.39643748864425954,16831748098.04542,2042972341.6974328
1561593600,0.4072883273013282,17336877754.212288,2599021590.7396393
1561680000,0.3988303337337495,17028337734.931097,2060372052.6549523
1561766400,0.4078721505653602,17341255103.139385,2074587322.6151896
1561852800,0.38954227448018497,16573208977.826082,2030600591.452092
1561939200,0.37942942175258837,16114742611.58369,1990548634.4520094
1562025600,0.3915895158348332,16671723145.361917,2188947742.3766565
1562112000,0.3958213306486169,16819872957.736542,1740393390.5105326
1562198400,0.40187294188188344,17076092243.293385,1876546419.054725
1562284800,0.39468358821365523,16774388739.137636,2105251167.7122507
1562371200,0.36382796349467034,15485492118.34823,3097274139.2750907
1562457600,0.33217329442431803,14118488461.449438,2987364186.6516166
1562544000,0.3447696128350739,14664460412.439537,2417853774.789672
1562630400,0.3331680881382959,14165785462.682325,1742813425.6812415
1562716800,0.3064131803866211,12926890404.342726,2105009226.0283072
1562803200,0.3097409525654331,13234306671.312214,2937047969
1562889600,0.2978603972565497,12688163582.394085,2218366259.4323545
1562976000,0.31088273157682106,13264731228.020422,3188296353.499149
1563062400,0.32269232604642406,13932325656.554388,2138625334.6926086
1563148800,0.3203889632165953,13712066756.222063,1631651761.8143077
1563235200,0.33461173428263213,14269906274.021574,1681046618.8869295
1563321600,0.3309390918125642,14161880934.071201,1482884903.112106
1563408000,0.32230396188388133,13814272018.726711,1412589495.9376864
1563494400,0.31101458993581405,13310659700.399818,1313466594.5930967
1563580800,0.31208183894043207,13407153895.023327,2023936433.672067
1563667200,0.3129737267944508,13413623886.914587,1825936400.316726
1563753600,0.3226590806212089,13816683720,1936254122.6825924
1563840000,0.3094914568083015,13245600603.576176,2050528518.6764786
1563926400,0.3117148012177424,13347074383.797607,1150295664.3333528
1564012800,0.3100015361284801,13256765885.515093,1072835089.9320006
1564099200,0.31712458778136754,13593294984.071028,1161116716.9658158
1564185600,0.31989806364828316,13704301136.532732,1228517591.1468859
1564272000,0.3157915602678795,13537956703.128693,1113075282.957399
1564358400,0.3126327406662382,13406690931.70826,1147816423.5689313
1564444800,0.31581320947219194,13542119343.85811,1065829329.5276005
1564531200,0.3187297098404126,13668611714.50451,1214318296.4782372
1564617600,0.321464413,13777732234.366962,1542252024
1564704000,0.31326371634697087,13399477814.693472,1412038823.4333668
1564790400,0.31206552756318395,13381939438.004198,1303318321
1564876800,0.309097744,13237128826.167734,1194634495.3442996
1564963200,0.29666610341597854,12718860852.125933,1324572937.297205
1565049600,0.29846464639147163,12805122338.233112,1355558181.3267343
1565136000,0.30305450289595276,12985212682.646797,1150952645.8478682
1565222400,0.3004360083668976,12889295804.49523,1028626745.7771633
1565308800,0.2974800679437484,12764025324.45258,1110547503.7560756
1565395200,0.2627759056907905,11253728617.294868,2347825616.450723
1565481600,0.2645103553949027,11332614728.499443,1895907030.435476
1565568000,0.26102966315469156,11195747150.717352,1656168251.7823443
1565654400,0.26574470528445515,11401791011.938265,1729599062.0181088
1565740800,0.28202860047193007,12092359196.325548,1838892908.0792031
1565827200,0.28256569881785576,12116329853.533146,1917072317.771991
1565913600,0.2742952345377511,11764716903.884872,1621294114.931639
1566000000,0.2665130275923684,11413635523.484053,1548186502.1363297
1566086400,0.2710777782594598,11626842602.287285,1320547723.7097263
1566172800,0.27614546208072294,11856671101.497023,1118588743.8310144
1566259200,0.268681552,11544575165.199856,1093850805.203893
1566345600,0.2697890566921288,11574629576.681505,1118735287.0596344
1566432000,0.26965392223677626,11576918969.810022,1434705559.7447586
1566518400,0.2694450048715817,11557280521.018646,1163074581.081293
1566604800,0.2571314021090532,11035776388.262804,1426107478.8076546
1566691200,0.2558310903917157,10998830452.849558,1517389984.2828093
1566777600,0.25591476419024856,11002156702.48706,1121182682.8766906
1566864000,0.2577589803875106,11079217477.103878,1016109451.2772769
1566950400,0.2569747981261323,11058689734.468735,1012851666.013649
1567036800,0.26035708366907917,11191359716.170008,1167199958.786681
1567123200,0.26296075290134663,11305577074.081997,1366405318.8458538
1567209600,0.25897657043811234,11128996581,1295514126.1212256
1567296000,0.2561608213480815,11012302414.124718,1197647728.9781425
1567382400,0.25213140606196255,10837405622.518383,1283660171.6047964
1567468800,0.25942470593802425,11151281780.004286,1169054717.1042008
1567555200,0.2620627186965279,11250359538.167639,1257546823
1567641600,0.25912465321417905,11142671481.000729,1421440805.3163204
1567728000,0.25889724260052593,11139211367.506126,1220665019.5928526
1567814400,0.25574011427357424,10995546137.788956,1257218645.130903
1567900800,0.2543574196134629,10942799516.563921,1222944772.9091167
1567987200,0.25533469834850253,10986207071.001532,1147662537.315168
1568073600,0.2609641208796706,11242609462.210733,1325622919
1568160000,0.26076181400840165,11220417029.639263,1221139575.904966
1568246400,0.2609455043474798,11200849262.69035,1155758073.8608801
1568332800,0.2846462475817335,12253909114.818693,2354997938.910167
1568419200,0.31161326516629345,13425240272.670347,2973613472.354118
1568505600,0.3025226060199861,13034470000.754793,2799185175.3913994
1568592000,0.29426474512387574,12655906849.897917,1883642466.390467
1568678400,0.28907727996575444,12446451549.391525,1503798939.0234883
1568764800,0.2791021043909529,12022291332.433779,1515159376.587487
1568851200,0.26844230961089144,11564497711.033684,1680668863
1568937600,0.2366457898689468,10337515050.708233,2229758623.2587996
1569024000,0.24519565769447127,10567964183.50547,2136113653.497143
1569110400,0.24256592697918897,10486709580.042631,1680170207.5249827
1569196800,0.2422231186683567,10429700104.054972,1608373835.4644372
1569283200,0.2420720435365249,10428466352.570108,1395071381.9520047
1569369600,0.23971394512701386,10326879446.621078,1547225755.797721
1569456000,0.25526830768228254,11011194094.297218,2170139828
1569542400,0.2529608156546108,10908109286.37359,1549695650.7185812
1569628800,0.2528556507739294,10896223274,1547405306.6519043
1569715200,0.2522759168526039,10878575261.654922,1651799924.2860808
1569801600,0.25187451812908623,10861266252.225098,1677352456.105901
1569888000,0.253062916,10912512009.289984,2233934413.0352416
1569974400,0.25429168654304485,10965703928.182156,2208847512.736993
1570060800,0.27404731181340763,11829742018.638048,2430730120.084313
1570147200,0.27688640983111695,11943803745.380253,1967860608.1424108
1570233600,0.28087008491486865,12124305995.110683,1830311148.9234886
1570320000,0.27140043712616724,11716210076.409117,1698702163.3727648
1570406400,0.2678099641647878,11548287614.399103,1477806676.2125459
1570492800,0.27198566863407597,11740658552.909243,1326083118.2493963
1570579200,0.2766027264822885,11963366049.011003,1400020590.0693386
1570665600,0.29589976050882405,12773042023.41355,1921364554.520583
1570752000,0.28804793955697866,12437205953.801718,1930256540.5454137
1570838400,0.283363567,12231894810.885754,2014811545.3617702
1570924800,0.30125493573300094,12996784402.28962,2216299406.840458
1571011200,0.29466321158463643,12742019107.658873,2167173025.5896897
1571097600,0.2914877406912295,12585151584.053505,2064923352.044381
1571184000,0.2938813587229984,12692575256.61417,1960894138.5309122
1571270400,0.2922858993183195,12655454831.360157,1659509597.8302536
1571356800,0.2908430268443793,12588423583.287157,1670706016.9237754
1571443200,0.27381810772019327,11837865247.793247,2334353956.997631
1571529600,0.2760423928385034,11937847659.436197,1650192468.5257485
1571616000,0.2971700043832714,12847998139.877121,2647318897.032256
1571702400,0.2939846775607903,12690766220.45456,3314773164.477733
1571788800,0.2967535004127484,12834022589.54068,2259575654.9856777
1571875200,0.2948471211335502,12755988476.618378,2191125634.466923
1571961600,0.301284782,13031272592.452734,2393351298.7583146
1572048000,0.2951265556427586,12763660332.984507,2302767694.4733005
1572134400,0.294531579,12740421990.771605,2082418410.2235837
1572220800,0.29165658626780633,12613085476.648623,1962881932.3477864
1572307200,0.29529726364440956,12769788945.39278,1866053018.9913964
1572393600,0.29054260422075967,12580680013.37127,1689929185.766098
1572480000,0.298872721,12925674845.131813,2057202922.567568
1572566400,0.2996909057585615,12960159399.445711,2361947990.029955
1572652800,0.3090009497240582,13363701400.09213,2042708061.1676855
1572739200,0.29173271465291817,12617635477.367332,2766281976.0571494
1572825600,0.27667504282700345,11985109492.527893,2369137321.293406
1572912000,0.28006076959509285,12110759164.907185,1689202917.3272338
1572998400,0.279821593,12115850141.561035,1952366805.7377975
1573084800,0.2746914080805309,11896088190.328583,1747295899.9049609
1573171200,0.2721772769946853,11783537839.590683,1753771010.5347853
1573257600,0.27187109935630743,11779466996.879496,1533460114.2050319
1573344000,0.26856549757644416,11630052198.562307,1583946238.0848918
1573430400,0.2615442322498581,11311819693.686783,1920714192.377945
1573516800,0.26237988779723864,11356604230.906582,1444131994.0934596
1573603200,0.2634004405345416,11390521192.50825,1565745959.2119908
1573689600,0.2530251620546223,10961759752.798306,1729040725.8239985
1573776000,0.2543407625786477,10999666254.839508,1638576969.1946294
1573862400,0.2503667127922819,10840849305.624098,1567957909.9081807
1573948800,0.24354349554680102,10535355333.386894,1908985314.8716104
1574035200,0.23166707238611148,10055459873.027853,2268409878.1330075
1574121600,0.2336667887350819,10124475242.140131,1570878083.139302
1574208000,0.22040516534837126,9616492903.661354,1180253687.6046126
1574294400,0.21869284569131184,9489533519.461237,2199193280.2041306
1574380800,0.22021257541061043,9539776013.866621,1360148283.0929322
1574467200,0.2241536255514911,9714931313.847008,1671143397.771012
1574553600,0.22424714,9704761163.163174,1302013210.7520978
1574640000,0.22920653638723604,9936151608.056837,1344642297.9359195
1574726400,0.22612316595208198,9800096980.027464,1116903291.4747913
1574812800,0.2246781041456338,9723070572.226942,1239780730.239237
1574899200,0.2195849101640445,9504650285.869356,1244090274.1824234
1574985600,0.21925213614089303,9493559560.191479,1087126001.450581
1575072000,0.21486021288219878,9318454253.012413,1496527703.0165699
1575158400,0.21955436751663168,9528707125.763216,1551842223.2826447
1575244800,0.22469071553602393,9721988101.533855,1350726087.4848318
1575331200,0.2265675612675488,9816353905.887003,1175620040.0523336
1575417600,0.2288273452266773,9913283820.811443,1260776037.237512
1575504000,0.22425809466687757,9702431731.802275,1305001708.668749
1575590400,0.223029838,9652282172.703062,1226787756.5237048
1575676800,0.22121757155908783,9579377037.188805,1121923734.289289
1575763200,0.21866369382763226,9488179879.695215,1195013016.275011
1575849600,0.2202734548796847,9538428330.816734,1192363743.2227676
1575936000,0.21616494400791345,9362512935.803154,1021876080.0575187
1576022400,0.21759116379788443,9421061834.634323,1116573944.3489087
1576108800,0.20673040283397381,8950378006,1378455406.3911438
1576195200,0.18560999708994821,8026650033.613962,2031835846.8763812
1576281600,0.19550694359326068,8433452995.451696,1973167348.2621262
1576368000,0.19003622481374205,8222963566.866712,1442126233.515745
1576454400,0.19412847133390698,8449021525.702751,1683833506.419328
1576540800,0.19314187900428673,8349024844.113404,1212967874.8826249
1576627200,0.1964041103252563,8496336849.786618,1245684250.5654864
1576713600,0.19052743643995887,8255381378,1334054094.2048976
1576800000,0.1902105407283241,8237503092,1220452826.5165844
1576886400,0.1887222986575721,8181632450.380563,1082512473.510649
1576972800,0.18961403378778133,8215272622.549049,1181611503.3189309
1577059200,0.19000943278035307,8224492981.965064,1145185003.0103433
1577145600,0.19309731185296622,8368577081,1149268069.6782694
1577232000,0.1962650992171923,8505334096.455835,1119363221.7426622
1577318400,0.19316615940492496,8369269616.756703,1226858692.8538432
1577404800,0.19299328680049138,8359480714.050397,1125486226.8996513
1577491200,0.1925555238273866,8341958972.432188,1043385828.1124829
1577577600,0.18743331904176772,8125379010.023234,1082069170.5192986
1577664000,0.19229914510656726,8347736588.237065,1276806150.4908261
1577750400,0.19281164080052574,8353409154.389953,987421522.1363721
1577836800,0.1938156066611448,8392968450.124307,1151983921.4447215
1577923200,0.21886937694958472,9465463489.326942,2315410062.424789
1578009600,0.21402337779784072,9305934112,2246849401.0656867
1578096000,0.2077455033575198,9024811867.845201,1751818179.3607318
1578182400,0.20355935867224603,8789096375.417276,1375082672.979332
1578268800,0.21267387579066802,9152207373.444256,1715289860.970222
1578355200,0.21105224358784117,9174759874.804424,1616008355.0527637
1578441600,0.21474449708822158,9309701295.480135,1497339722.9534612
1578528000,0.21157499912373928,9203081181.314354,1344392775.5026226
1578614400,0.23286865448480604,10153845095.502394,2696981092.1720905
1578700800,0.23300283331519447,10123709179.009432,2536228717.563669
1578787200,0.22853059053530053,9976223216,2022448461.469136
1578873600,0.23686460613195828,10373376854.06169,2396388745.8834558
1578960000,0.24213615589873505,10570157519.33709,2424579070.6483755
1579046400,0.235603868,10284998478.072683,2271192817
1579132800,0.23289279406637656,10166649872.106089,1732824923.0854318
1579219200,0.23685345936131622,10331513194.577929,1689519338.779692
1579305600,0.23499544043382634,10259917352.455172,1517848018.8288903
1579392000,0.22724888132389257,9883783791.647701,1588344751.2599707
1579478400,0.2225431426290054,9719772858.770794,1700488421.523553
1579564800,0.22061763237296175,9638438751,1378215639.489156
1579651200,0.22943058906684347,10020588305.88766,1612338569.6517098
1579737600,0.23047236239936733,10066088697.599735,1806433337.1744275
1579824000,0.23759353224638982,10379406076.854149,2085600978.3634768
1579910400,0.2347214961660962,10253939577.564808,1977002934.2965088
1579996800,0.24276686561020783,10605406032.519274,2181535959.948334
1580083200,0.23842652774418766,10415795950.139376,2017282252.7990386
1580169600,0.24058383524812516,10498465190.459534,1716886038.0747964
1580256000,0.24945938103026924,10897772304.292992,2640052158.2307854
1580342400,0.2542159606960318,11100987585.881157,2278216762.8389688
1580428800,0.2656747180889477,11609513518.064352,2704937501.8976245
1580515200,0.2764575489693778,12080704084.369738,3007089781.3190074
1580601600,0.2823097578555551,12336435223.046865,2897162400.397639
1580688000,0.2795854197829911,12219130649.62797,2279182999.2916217
1580774400,0.27737310854342834,12120712412.328041,2203834681.657999
1580860800,0.28228522263887856,12335363077.636406,2235349086.4563556
1580947200,0.2743149002963578,11989933095.065647,2336299972.3317795
1581033600,0.28059588101972865,12264466263.199255,2313861746.3463297
1581120000,0.30062527136408457,13139923811.820684,3939347661.1381044
1581206400,0.32323749080237313,14128273325,6605455718.645415
1581292800,0.33328200848325845,14547897322.234125,4390704528.584524
1581379200,0.3054624254862439,13351349272.969727,3430602807.6012707
1581465600,0.2964534198879656,13014571135.584288,3980732101.4108753
1581552000,0.28908812446999876,12589617075.790451,3853954524.987112
1581638400,0.296577455,13006965403.789303,3811855427.8079524
1581724800,0.2791443337343405,12286661487.356989,3177109702.4000826
1581811200,0.27234077933160267,11903878854.716238,3305374380.6193023
1581897600,0.2741735340187518,11994931288.88298,2686108808.308024
1581984000,0.2750165598980362,12031813176.600395,2170573839.236917
1582070400,0.2828391709232468,12368568030.53096,2366852812.7249575
1582156800,0.27168308521714457,11885975614.657633,2475554285.309856
1582243200,0.2549377168645062,11161956330.394718,2567025289.697201
1582329600,0.23266378428241924,10107015239.20526,3277214495.244253
1582416000,0.23617604299477746,10372076911.34373,2700620092.1848893
1582502400,0.23717611347675766,10383454661.41943,2477143911.606179
1582588800,0.23037150494861858,10085552216.249443,2044539704.0515926
1582675200,0.22917706895795528,10025695675.143848,2069107143.4855473
1582761600,0.23935065416728013,10478654993.098969,2463124755.610758
1582848000,0.23457912088562113,10269759591.410824,2454087704.964802
1582934400,0.23463668153171868,10272279568.445084,2236741729.1902986
1583020800,0.23799885638303916,10432581064.571096,2193770065.4365125
1583107200,0.24386760361915502,10685792781.178034,2329507514.6243596
1583193600,0.23709215080017237,10388905930.494232,1974512300.6903646
1583280000,0.20384611735996336,8932130947.405481,2212569692
1583366400,0.20882219538631508,9150172777.740633,2703449654.798481
1583452800,0.21152859473962587,9268761808.195688,2198016132.888562
1583539200,0.20985557507598007,9174518395.667374,2049343228.0515945
1583625600,0.13782959908786777,6028784807.164941,2844634644.5898576
1583712000,0.15793320292960084,6828007204.563598,5002103249.521113
1583798400,0.14740449415734955,6450069989.016672,2154086289.8254404
1583884800,0.1536465110327934,6732484159.771578,2079737198.446287
1583971200,0.14233610354273207,6240388468.092608,2529761544.987209
1584057600,0.14855496359845247,6533184465.968457,2083392083.9541287
1584144000,0.14686144782598295,6436304690.825929,1931411749.8110197
1584230400,0.1630137642312299,7154342167.204617,2490205855.675707
1584316800,0.1578654199821656,6932408770.043524,2852880595
1584403200,0.1572388916037732,6893765822.423717,2026937931.3596132
1584489600,0.1506641854751117,6610426078.543431,1876934021.256626
1584576000,0.15818223865173547,6935124633.666894,2149427563.4819174
1584662400,0.16232648779448133,7127137923.557504,2083687565.2443302
1584748800,0.1616945113158979,7106446510.326314,2007027965.7754834
1584835200,0.17414388125687338,7645994668.6750965,2139429595.5853508
1584921600,0.1741474352175186,7646150710,2647454047.447796
1585008000,0.17685014138047248,7760076485.941018,2638537629.977689
1585094400,0.16447701662718836,7221559455.172825,1869916824.5573218
1585180800,0.17093843850410675,7516283687.083531,1990274338.689318
1585267200,0.17392564111197442,7641538582.275465,1985080187.5900197
1585353600,0.17508389119266285,7634756565.062687,2002659987.2943866
1585440000,0.17815815095276072,7796534797.044705,2346925185.3665543
1585526400,0.17903878936652484,7866188147.539315,2001601449.389316
1585612800,0.18002309457934823,7901465588.758275,1754643970.4112556
1585699200,0.1781015255131237,7825008837.509199,1640070010.3468537
1585785600,0.19471507618414166,8563367775.746166,2390554002.134605
1585872000,0.192698795,8473684262,2553384541.0569887
1585958400,0.20004763010892992,8812426645.650202,2045635629.867087
1586044800,0.19806941770953088,8710888248.686846,1815834538.3656497
1586131200,0.18842873691679146,8286901072.887856,2101666681.991302
1586217600,0.1885856605415796,8293802411.695811,1781001895.317215
1586304000,0.18793418546556673,8265151211.275384,2018968368.000913
1586390400,0.18827236788185847,8299611707.552383,2228364721.4187016
1586476800,0.18610888684287522,8202409954.834599,1862120141.679969
1586563200,0.18169801367609822,8011761733.297829,1937688979.9904425
1586649600,0.18856584786352443,8313796758.115251,2619561036.3051047
1586736000,0.18890422687848843,8333268489,1866168812.0107803
1586822400,0.19410552542802123,8564164034.737875,1914325546.147416
1586908800,0.18984854465276943,8376547768,1849385510.2163618
1586995200,0.18330269141211422,8086477705.570027,2266839384.9033456
1587081600,0.18313346135006744,8074284895.834148,1826836936.6230843
1587168000,0.18768951931615696,8275159764.626271,1760936753.9293184
1587254400,0.1901184454663675,8382250197.9264555,2284073444.0555773
1587340800,0.19238168847343698,8482035724.246257,1858298807.3877132
1587427200,0.19442200981571112,8571317096.772564,1645169648.3148115
1587513600,0.19693094024713242,8682610510.595545,1670524318.453444
1587600000,0.19789304938794036,8729627019.338083,1707500454.9858208
1587686400,0.2133646263583613,9405727836.780415,2539833760.635142
1587772800,0.22602861693321166,9970767177.657255,3099767025.4387383
1587859200,0.21310049835339237,9449611235.487078,3081128998.8249784
1587945600,0.21763942367204323,9616759489,2290295884.770336
1588032000,0.2229278108306535,9833981773.529413,2161381421.7909484
1588118400,0.2193996373715576,9678343975.978186,2152766758.0567203
1588204800,0.2183355316840978,9590628118.624918,2467883145.441815
1588291200,0.21665867531586175,9557432319,2076215754.529813
1588377600,0.21316859552060752,9538926053.665503,1917689134.9933252
1588464000,0.2193568557668683,9676456757.334675,2597154210.5145693
1588550400,0.21817125944521623,9652873648.681679,2408353529.8585777
1588636800,0.21623674329232112,9545970574.247509,2545120609.5792956
1588723200,0.20087033236420565,8860901078.056873,3090382984.656238
1588809600,0.19388790957730762,8552948875,2435998568.3509817
1588896000,0.197123255,8693754579,1955868887.2627707
1588982400,0.20180311736508466,8892830320.503365,1887395769.1549468
1589068800,0.20339121602916818,8971968255.938885,1981280575.955368
1589155200,0.1984767930027895,8755377615.674406,1861283854.619996
1589241600,0.20068503569720783,8852789501.286718,1618674614.034291
1589328000,0.20066391162784475,8860387827.044128,1540402812.7256665
1589414400,0.20463934825919036,9011434283.414942,1746308904.9745858
1589500800,0.20474144959670157,9031729491.792507,1785715895.5300689
1589587200,0.20187100598936145,8905106035,1733979832.258884
1589673600,0.19501216560766965,8602543016,1544535157.9958904
1589760000,0.19960886868775185,8816681088.275835,1454970548.1993108
1589846400,0.19754927942344438,8714462345.390297,1249075196.4790466
1589932800,0.19419036291235778,8586301007.646535,1289364325.3179705
1590019200,0.19685487196537504,8682758874.370806,1572175495.217402
1590105600,0.19413459787001003,8567002549.941864,1392748661.8291106
1590192000,0.19720175798010187,8699660782.665977,1358329184.3187313
1590278400,0.20079689798971392,8857724066,1499537828.1718988
1590364800,0.19790502860899387,8731198880,1388432175.7669818
1590451200,0.20577482926769294,9100788486.566254,1464684241.188124
1590537600,0.2032687101969978,8966762754.982592,1594357118.5912654
1590624000,0.21087234962022489,9302180983.968418,1561471396.2505286
1590710400,0.2032858789259503,8967520116.600977,1737361211.0604463
1590796800,0.20362470318243275,8982880357.683361,1256977102.3094773
1590883200,0.20484984489666377,9036511117.737663,1313145139.9027412
1590969600,0.20313854754795302,8983729851.068195,1297990440.471073
1591056000,0.20320959689430387,8959322858,1058657481.0092325
1591142400,0.20293189504238213,8950315641.572674,1197102621.5350354
1591228800,0.2040536556633028,9001388939,1251561325.8446476
1591315200,0.20126914749084193,8878556339.039703,1328042189.9544604
1591401600,0.2028000526521789,8946088933.548634,1303802102.0559528
1591488000,0.19011049188788876,8386316203.510396,1464763764.6771228
1591574400,0.19341171844237245,8531942725.594468,1332835186.6451855
1591660800,0.19278129355715468,8528927628.977804,1187813850.7313433
1591747200,0.19038565076060282,8426050743.047891,1150138451.2404819
1591833600,0.19210767925088426,8520123141.714212,1454758196.3784769
1591920000,0.1911280314860965,8470921493.314353,1246601572.7074816
1592006400,0.19317215500214915,8577386518.673258,1319933194.810691
1592092800,0.19041681951138753,8445132213.438693,1163790865.0304394
1592179200,0.1872217853352464,8313481454.272817,1194918136.1065462
1592265600,0.18867538287461827,8365620576.287947,1064702970.5453695
1592352000,0.18540995922524967,8223074113.743773,1015362822.0192441
1592438400,0.19003525021647294,8440336061.247619,1031254003.7220415
1592524800,0.18829237051161374,8350911268.409599,1139321571.8165243
1592611200,0.18392972980810404,8157424802.059575,1180122764.4242494
1592697600,0.18352365517619634,8174313655.851336,1065596334.9274625
1592784000,0.18277971321724198,8147773073,1282600124.6016247
1592870400,0.17589429098928788,7834494705.544174,1203944528.5554078
1592956800,0.1769985457927027,7893165939.317899,1184828112.2307308
1593043200,0.17759720673089446,7910841789.320565,1162669419.6907592
1593129600,0.17570051360531663,7825863681.306612,1042249688.527783
1593216000,0.17673982795801382,7876682375,1164143368.3559296
1593302400,0.175210258,7804027232.306131,907150118.1
1593388800,0.17602967232868488,7844409345.792821,965079482.8005862
1593475200,0.17776145865886417,7927764847.482127,1028972055.3926406
1593561600,0.17718496372331566,7886205457.101266,989670839.2420546
1593648000,0.18838913245133598,8382624840.303058,1449017121.488291
1593734400,0.18482483944539824,8221452519,1118759148.3724747
1593820800,0.20433609878096115,9112910280.659475,1887140940.6239734
1593907200,0.20236856149258253,9043230527,1805510389.2195594
1593993600,0.1987890313083414,8893727516.201387,1271305899.553482
1594080000,0.20141619522058504,9013255810.651312,1148229968.005948
1594166400,0.20084690446497824,8966264523.682837,978263600.5955677
1594252800,0.19860646792657077,8890650610.877533,1295450904.9373937
1594339200,0.19887149161484804,8915032188,1229683954.1416867
1594425600,0.19723002143999407,8838298047.426737,1087859005.570823
1594512000,0.19404640279005098,8697735762.463654,1142507498.2131786
1594598400,0.19426776570870785,8705421339.112036,1006735467.4007933
1594684800,0.19947076313006376,8938710463.140823,977356287.6924582
1594771200,0.19952293195919907,8937948631.520885,1234247613.9802349
1594857600,0.19467002770335812,8723579266.387522,1231350389.8074782
1594944000,0.19905021723545974,8912758867,1211211329.9152627
1595030400,0.20343764059404754,9117327614.133474,1088497490.0178118
1595116800,0.20818695285280153,9317240501.250225,1558970692.8591578
1595203200,0.2042966234637715,9164825017,1451104338.1077611
1595289600,0.21426161557790874,9607904717.300404,1348536567.2629757
1595376000,0.21528330980922147,9655192377.359356,1517041766.201547
1595462400,0.22387632064128649,10031095202.674301,1826151829.5592408
1595548800,0.22995643899629792,10311201250.050516,1862380443.3500698
1595635200,0.2426965515770819,10884642645.428476,2015964293.046442
1595721600,0.24435884316605191,11025956249.094622,1678463250.1292753
1595808000,0.25923265617918223,11629863144.261322,1847648958.4997876
1595894400,0.2913018478979388,13102382209.080418,3150860709.8492293
1595980800,0.28630975029015604,12840645689.037197,4493672388.136328
1596067200,0.31009269952720975,13884633781.743803,3166695299.039239
1596153600,0.3006844248898732,13462388683.522419,2418576841.795307
1596240000,0.3023822645129705,13565668790.998877,1922038117.7264874
1596326400,0.30336700769757885,13609846976.87266,1861387417.2002969
1596412800,0.2938976678070039,13200238136.076149,4636202683.783627
1596499200,0.29388630365412904,13179779923.53841,1988635774.0523977
1596585600,0.28776096348798696,12903150357.63545,1915384481.2994814
1596672000,0.29418889600186643,13205041144.120667,2553724778.5855603
1596758400,0.28398286725502375,12779443008.676954,4975063105.047601
1596844800,0.2823902059280601,12671000194.634298,2427549933.5754943
1596931200,0.29433364365567655,13198440485.89151,2478119401.7520084
1597017600,0.2995466202839251,13455250546.009106,2173076304.2160726
1597104000,0.29931113568183204,13435515076.955982,2605016821.8602157
1597190400,0.3032923477695733,13623503827.413843,2521984969.298177
1597276800,0.3146297531934636,14132765558.945097,3420857738.9387383
1597363200,0.3029762978947723,13616539460.561516,2727046213.8384895
1597449600,0.29012669674711095,13039045107.718191,2493335942.2243185
1597536000,0.29225257818676637,13121088346.449871,2370638516.8312345
1597622400,0.2791806305823162,12559855812.78279,2286851251.474602
1597708800,0.2854389359353903,12828364996.706217,2079080814.4632735
1597795200,0.2851067954158283,12847345400.40493,1854462300.194022
1597881600,0.2889889462508965,12990310946.328604,1854683294.3507082
1597968000,0.277714277,12481198829.120821,2090806113.4462192
1598054400,0.27651090847081833,12444058389.73597,1722297777.186539
1598140800,0.2643129566362412,11892725357.024134,2044208784.585677
1598227200,0.2713516293652327,12209429474.405241,1662139152.0528982
1598313600,0.2743044410353674,12327872181.022144,1474071862.2568681
1598400000,0.28231066481099576,12698936383.28671,1797744333.9432154
1598486400,0.2824332033877913,12734844410.00787,1713133363.5142736
1598572800,0.29461882535601464,13354060728.872845,2200424987.252293
1598659200,0.2750951115567203,12382372183.463934,2141694657.2245405
1598745600,0.24528634018368428,11065297518.795168,1905179784.3997455
1598832000,0.25549889572209644,11509605205.140549,2213832554.2559366
1598918400,0.2371246990690675,10673276821.059345,2295524359
1599004800,0.2394869983145511,10779606840.159895,1877164435.4658952
1599091200,0.2419253901835391,10890870593.009487,1999444569.4422069
1599177600,0.23644528243717094,10612102851.321522,1836240274.3074849
1599264000,0.23911660696787632,10762935066.23375,1664634671.0189152
1599350400,0.24300108452596714,10937780219.207964,1707722753.4164515
1599436800,0.24245595533237194,10913243278.057064,1582869715.0586348
1599523200,0.2462457036617809,11065127814.291183,1419186192.1654565
1599609600,0.2423228845096534,10882899642.99869,1590391766.8511598
1599696000,0.24619724094997353,11089299566.068031,1606167309.6798735
1599782400,0.24303385677974093,10924989830.669458,1656784495.1654375
1599868800,0.24721681201776985,11135223431.648582,1770612287.3259656
1599955200,0.25188079438064914,11385313831.484951,2004021133.6144068
1600041600,0.2500861615516868,11264465645.812262,1869517172.4901931
1600128000,0.25188767319648075,11350057025.953384,1705001457.9575903
1600214400,0.24639633759934934,11108885769.40159,1633405640.589034
1600300800,0.23165657547696566,10487928992.66827,2007044758.6876988
1600387200,0.2331628823635652,10492066944.17281,1595971759.2937121
1600473600,0.220603416,9962004555.544462,1403281426.5600727
1600560000,0.23269943296881682,10494131135.670378,1649632989.8135304
1600646400,0.24120724878904104,10889835408.523603,1460716986.2118957
1600732800,0.24148169015235318,10890187788.561167,1333243982.283363
1600819200,0.24223482636791577,10923070031.636724,1195058238.2178154
1600905600,0.2417008797939546,10909450364.66475,1470905663.8388202
1600992000,0.24284379123134617,10971187241.150055,1401216766.162057
1601078400,0.2413448305484734,10899063751.06877,1349173492.0133767
1601164800,0.23834728745856992,10764337318.910017,1415368386.555232
1601251200,0.23405931691768309,10556863497.81936,1493443327.1830103
1601337600,0.23280858759018197,10514196298.522305,1145307260.036307
1601424000,0.24798473904593277,11199587834.605822,1473868105.1706815
1601510400,0.250219733,11307554311.79234,1595356340.6613643
1601596800,0.24537989393058346,11084643136.206514,2034209028.9786022
1601683200,0.24828740607847744,11218818700.668955,1492371196.0073524
1601769600,0.2510242903592255,11334024210.08485,1472564328.7716405
1601856000,0.2532068473668065,11430599247.425383,1554527896.585378
1601942400,0.25419498847657096,11480057649.969584,1490278457.418809
1602028800,0.2551648551764613,11528592963.20647,1296567088
1602115200,0.25600889580827507,11547933259.808218,1604712335.9012508
1602201600,0.2560156485194728,11579458886.39285,1614693932.0923936
1602288000,0.2496029200412671,11289545967.208305,1443292568.1826408
1602374400,0.24566060392770817,11112767380.445564,1255528005.873619
1602460800,0.24008484211029915,10874858493.814573,1284609568.4313276
1602547200,0.24089456466337247,10900012046.55129,1001465502.6832975
1602633600,0.2423149793877639,10954294383.128601,1091102779.5805285
1602720000,0.24607410414943875,11127972262.118706,1123099540.009736
1602806400,0.24348868191330514,11010364585.952297,1058484216.1747323
1602892800,0.25074143136061766,11329214560.353268,1488427410.241125
1602979200,0.2565068816779679,11608695449.016638,1809225301.7491198
1603065600,0.25459575935136547,11528694804.751501,1377767246.4234743
1603152000,0.25607692145127053,11583185134.49128,1065720691.8801731
1603238400,0.2528741516061227,11437584758.527473,986772444.8715435
1603324800,0.24857321838858923,11251937997.81557,1502596188.4010634
1603411200,0.25261267174415025,11442642257.775915,1466043827.7495875
1603497600,0.2461502127664269,11130573950.231762,1558391750.3345783
1603584000,0.24228689266556752,10984724881.899355,1445411416.5274038
1603670400,0.23861386233985746,10810777275.29966,1536363578.5097647
1603756800,0.23964967955674707,10856481131.012754,1338496256.239028
1603843200,0.23959737006119536,10850086644.81099,1192228486.9881938
1603929600,0.2354071291310812,10658907925.256021,1505085410.319655
1604016000,0.23945068188190569,10825564613.24112,1872205676.4893262
1604102400,0.23731496749607678,10743521737.795147,1835277991.8163948
1604188800,0.24551217214077564,11124604142.737074,2015568105.5288682
1604275200,0.25790509860171873,11704359403.324839,2223426440.8685336
1604361600,0.24895241737553578,11317038198.801226,2200117588.315933
1604448000,0.2536826612170206,11505066439.712793,1608358807.3372793
1604534400,0.2507418820679295,11352430154.034582,2036407256.192724
1604620800,0.25358971624621984,11490781189.881498,2283102329.2928214
1604707200,0.2558078141731928,11581743651.842678,1850729923.863295
1604793600,0.2544774022814587,11568349653.60645,1630173241.0836065
1604880000,0.2648847398933393,11967905201.744621,1990257295.6645842
1604966400,0.26855016993655373,12168486548.547995,2758537841.0898294
1605052800,0.2697450913919404,12225964205.426842,2253509325.842203
1605139200,0.2872437054360881,13020227238.11232,2619354064.0371037
1605225600,0.3021307416235462,13699226052.693602,3708626433.3566875
1605312000,0.29414452016877635,13333028438.790695,3536858599.256962
1605398400,0.30296022474478607,13688238714.07078,3299823590.057705
1605484800,0.3277601704282896,14856763848.314428,4031626953.711598
1605571200,0.46054586530497443,20875694423.800144,11568110626.132616
1605657600,0.4440995477248506,20263167572.455383,13267899387.434443
1605744000,0.6120580566284565,27755744126.98821,16337857185.588816
1605830400,0.6919616416524175,31379229573.72973,25054631707.694504
1605916800,0.6327004070529666,28365023766.984234,15881817933.691149
1606003200,0.5308775386405923,24167249535.986282,16365178183.68151
1606089600,0.5588811610780686,25290590706.82122,12327164429.379679
1606176000,0.6240390592147861,28482039221.782608,12099372210.01124
1606262400,0.6054386155414733,27374753041.126007,9754558134.524963
1606348800,0.6641238171287605,30191107728.904293,11254530543.020834
1606435200,0.6143821057518846,27852580172.90597,10829413534.042892
1606521600,0.6320169268594741,28652042370.99992,7999607157.515091
1606608000,0.6297547067388412,28523422427.20637,5936378170.104812
1606694400,0.5585692385543637,25322343136.79266,6782106960.236756
1606780800,0.5835748277615719,26383914795.40367,6182557946.629466
1606867200,0.6188654468605732,28055829285.312027,7685001707
1606953600,0.6086984106196396,27593689253.630165,5608978769.602056
1607040000,0.5601848070615205,25538249072.542416,5817992263.594411
1607126400,0.5835430243217834,26432126584.83739,9778004331.334286
1607212800,0.5746631872358604,26129930568.260216,6957440057.227358
1607299200,0.5500897722415309,24942199061.447376,7973256774.815366
1607385600,0.5050623854281705,22932137899.870888,8191207377.440986
1607472000,0.510716061,23188566647.30845,6125622311.173101
1607558400,0.4975904536440543,22614178550.15045,4925747725.5478945
1607644800,0.46902231358591695,21274488732.630653,5591960739
1607731200,0.5672060565944123,25131003383.146965,10642868836.239534
1607817600,0.5759350877585054,26149773219.36809,14476826984.942175
1607904000,0.5834703949502055,26367897241.432484,10572616271.292404
1607990400,0.5791575282446899,26296084999.493507,7861567140.236632
1608076800,0.5600658194601357,25235008585.15551,6619472982.510808
1608163200,0.517176019,23545991367.258896,7090693761.650875
1608249600,0.45132059419545256,20501594828.858875,11195910016.75438
1608336000,0.26050698013612983,12163610689.503866,14873825893.383224
1608422400,0.3448041215700403,16602939796.20576,15221335122.706177
1608508800,0.31808441970115464,14088171755.507318,13152417764.349289
1608595200,0.2953833439116206,13418021942.616997,7431667092.912673
1608681600,0.28414724389132995,13068762432.413218,7010555503.559292
1608768000,0.24613443432424192,11125026065.81033,5788819181.423517
1608854400,0.22140743326587264,10057607712.33219,10590299229.511705
1608940800,0.2120697554323437,9633436313.890484,6788558769.855404
1609027200,0.22053451628880869,9986921049.346117,4364513012.765856
1609113600,0.23743683484839662,10785755952.896763,4606019123.280501
1609200000,0.22186998314414794,10066602632.999481,3622428802.954543
1609286400,0.22563669593809668,10455111151.166016,3986801676.0503383
1609372800,0.23461847392850627,10578255930.15237,5235562377.385517
1609459200,0.22669902564356462,10299283152.408031,3965486346.3855453
1609545600,0.2523851552432814,11458017061.61058,5964831226.894267
1609632000,0.32539871330586934,14783360785.307053,13896459827.555267
1609718400,0.3215219169756062,14620012702.672577,7073230046.413266
1609804800,0.3291685242044116,14981088874.901352,5434746112.270671
1609891200,0.31868717998893553,14491113587.04244,7389910221.259051
1609977600,0.29034525666307204,13238979457.402128,7740853849.032595
1610064000,0.2935698883632647,13344731547.471989,5119148557.747889
1610150400,0.3064999201536099,13957393308.172102,3423237246.197349
1610236800,0.29597695623648135,13478198579.22908,3830269072.4567375
1610323200,0.2803368033210713,12758648527.012667,3539150045.4070897
1610409600,0.2802087671576728,12752821363.443003,3219537933.3068643
1610496000,0.27704592201615647,12608874407.39614,2702518877.421779
1610582400,0.2846371762289812,12954366484.188166,2636794498.898764
1610668800,0.2945111481648177,13433997245.77599,4329912741.449357
1610755200,0.29627784655251005,13484155008.268005,3435836186.364772
1610841600,0.2691929557994423,12251471331.286976,3432332258.4765797
1610928000,0.27318647107900834,12348108563.326498,3735006905.770562
1611014400,0.27142759423240986,12353173876.273672,2366507204.2381835
1611100800,0.27359188165054465,12456245393,1991913877.8750145
1611187200,0.26866963018573875,12239551031.522264,2148246353.085917
1611273600,0.26855552578611364,12218188875.589693,1978755667.4820125
1611360000,0.25189792881979306,11407608804.15268,2101770534.4904563
1611446400,0.26357876672093344,12118698621.825148,2031290320.2196462
1611532800,0.282143163,12853353143.140347,5439789951.901406
1611619200,0.43085343036345514,19215011544.534508,19414333088.879105
1611705600,0.4916478062400711,22460670801.01922,18464504612.211376
1611792000,0.37042380457272894,16887446178.179226,25326949014.716194
1611878400,0.3692716435922792,17039497521.900589,8890335318.020376
1611964800,0.39489144954001704,17945935420.571823,5814855434.455073
1612051200,0.4478312095296225,20405940224.787098,8167579932.513847
1612137600,0.4509005614736691,20535328839.092148,6193490021.851766
1612224000,0.44197733914916787,20205229009,4764275824.040723
1612310400,0.41885852514751276,19158415883.033073,4600927431.562356
1612396800,0.45357194589415123,20468514863.339752,4843449977.613201
1612483200,0.4725235786071262,21583065336.769062,5664958932.603473
1612569600,0.5035045440234706,22982765730.237637,9594865064.681908
1612656000,0.525723076,23856145163.797523,5044099241.561654
1612742400,0.6107211056165796,27960966907.84191,8414105411.093184
1612828800,0.6299175792014798,28721338583.23619,8313557340.693602
1612915200,0.5930532342085324,27087614068.25724,6924719591.747257
1613001600,0.547923341,25026313241.817905,7365881442.587182
1613088000,0.5223534662432514,23858413182.24458,6802700451.816495
1613174400,0.5364850178225575,24600084027.406086,6208398652.824409
1613260800,0.5340092777515143,24401068320.804165,5131652517.088255
1613347200,0.570529085,26073015135.898396,6614816653.231531
1613433600,0.517678551,23657760929.564903,6373516533.454249
1613520000,0.550907165,25191390487.04061,5724101112.7970705
1613606400,0.5759370730614737,26315783830.375607,15576169123.11184
1613692800,0.4730045202749351,21616170566.952755,12601693025.426659
1613779200,0.4716137861773422,21552614418.590008,6628251875.245143
1613865600,0.4322793325595881,19755041198.644775,5374923641.563785
1613952000,0.4300942268493778,19740260345.517567,6481821746.793152
1614038400,0.44309358623258405,20027896981.23032,4674293764.747475
1614124800,0.4138281135889511,18911825797.223972,4487418198
1614211200,0.44788571035810554,20552651911.176292,3457084099.710941
1614297600,0.4372064358385168,20062243305.49367,3237450086.7149215
1614384000,0.4506482993644011,20695029438.915802,3428688631.9957685
1614470400,0.4832646814050099,22099684136,5945941442.735083
1614556800,0.4590497723869844,20924229172.953815,4145638369.123248
1614643200,0.46397381121697406,21217513030.920322,2805029015.7978253
1614729600,0.4671623972512868,21346485941.39555,2490033476.6694694
1614816000,0.475372981,21854816055.903694,3582893865.7216153
1614902400,0.4862369216972623,22264238440.69771,3069391216.7494736
1614988800,0.46290611981693225,21262253816.11749,3357543728.4252443
1615075200,0.45338655574763503,20746293012.117126,3087260615.7506223
1615161600,0.4404437709987498,20167421887.68146,3230733051.0779204
1615248000,0.46094646816105167,21131015891.193703,3242064887.3609934
1615334400,0.4430734609001456,20362356691.720158,2509836806.132479
1615420800,0.43733356541721274,20046575704.500507,3253641646.0078254
1615507200,0.4610837639261478,21256330225.999702,5682003788.127116
1615593600,0.47353270436981887,21705878435.49229,4079649095.787073
1615680000,0.47236193099787394,21683764043.52461,3352407082.331825
1615766400,0.46873997633363473,21486188493.978672,2169639378.5943007
1615852800,0.5275777913982836,24299248758.427185,5375557395.352597
1615939200,0.5188056655394946,23912350892.242435,4568448768
1616025600,0.5466715495213489,25443377644.783222,7756576662.830204
1616112000,0.5539316085451409,25328216010.82461,6422561790.015287
1616198400,0.48641604303514624,22421022550.637875,4542722142
1616284800,0.5114260573573015,23454220010,5235387294.759055
1616371200,0.5674371524314464,26022913036.415676,5591212650.382159
1616457600,0.5478679445266175,25186564703,3443735178.039274
1616544000,0.5508514715605831,25262286543.943695,3064078618.6259146
1616630400,0.5658188175083124,25942283784.411938,3316079018.5024614
1616716800,0.5665694123161319,25985680163.48191,3796053087.5094423
1616803200,0.5738184047382427,26345850652.65566,4729377042.2717085
1616889600,0.5706176387429038,26156246584.42219,4048061361.3217688
1616976000,0.6044974611582614,27689105144.11829,4525145344.691889
1617062400,0.57728768,26697487988.47653,5518969358.259809
1617148800,0.6333526453068182,28867765642.151623,4103397668.682517
1617235200,0.9074547526990332,41446009348.247505,21036746727.320385
1617321600,1.097633770923746,50389991767.084885,29325146992.950333
1617408000,0.9221401420253109,42704151358.50662,18282720202.98182
1617494400,1.050768096482137,48192343014.51859,11293815426.956215
1617580800,1.0249751336804138,47443263646.75937,8727138023.869122
1617667200,1.3712758232576907,62809519330.02565,23515619924.123764
1617753600,1.351951907269389,61944875382.23251,19326679264.724567
1617840000,1.4634118897920012,66682095016.478325,12789605612.875385
1617926400,1.7878726912934242,82194439880.46928,28235221430.529316
1618012800,1.837676647316653,84389055763.71935,24111604957.816223
1618099200,1.7570907728716414,80621962486.44653,14139350013.954796
1618185600,1.5693489075445954,72810668537.58891,18725728482.663166
1618272000,1.5483167850731618,71413494678.56975,13404046754.476355
1618358400,1.4107717923413052,64857860314,20913023483.11293
1618444800,1.3148908238252734,60778792590.85363,15852407594.252705
1618531200,1.377134833,63746186778.71684,14743108801.897842
1618617600,1.3067888710923214,60129127303.288475,11764093109.903234
1618704000,1.1731372843894372,54216823754.63583,16529859712.996859
1618790400,1.1661328150232613,53657136235.37748,18020573494.848232
1618876800,1.0525470478085406,48871830051.980896,8029835982.134522
1618963200,1.0348180008169663,47614962664,7637052936.820933
1619049600,1.3602811624977584,62600752594.473076,14255681129.15288
1619136000,1.4012503983945843,64486175307.857185,12515733554.089434
1619222400,1.3622756938570046,62692541827.17323,8368326797.080264
1619308800,1.3978073532674413,64327724818.26861,7019315268.6032095
1619395200,1.592106469985735,73298828829,12717580116.434683
1619481600,1.6541179641605637,76025679530.23318,7745297309.433079
1619568000,1.561172380895276,71701291962.31635,6894666499.901233
1619654400,1.5572160443626692,71679793845.11757,7510975851
1619740800,1.387454800867085,64259873894.806694,12073843733.087873
1619827200,1.6140228560739238,74138782427,12685436992.408918
1619913600,1.6022779267397156,73754025260.05373,14861639652.663086
1620000000,1.5834040495790822,72785522492,9802310917.899206
1620086400,1.5646144361837921,72020347233.61066,5932468398.375749
1620172800,1.5331757649769135,70558561783.21365,7593788112.904957
1620259200,1.3997437570206521,64451974677.036804,10555573612.617239
1620345600,1.4766660629758201,67993904755.77808,7959636910.105108
1620432000,1.2870709951618722,61123682935.37894,10241877058.688364
1620518400,1.359471149169653,62597600197.15654,11980394044.470087
1620604800,1.4079242908866674,64571597604,7123946291.142219
1620691200,1.476855373302116,68002621654.34993,12551722233.328247
1620777600,1.459941089872939,67223794128.39051,11955232328.358067
1620864000,1.4867235149958233,68590542697.55028,11777377469.772886
1620950400,1.5980937497920007,72852567696.53607,13934083456.641142
1621036800,1.0857565408286391,50091782111,18312047629.492798
1621123200,1.1756440637168841,54238776434.31301,12727830549.744081
1621209600,1.0004511919230625,46156188090.29648,10144542507.394915
1621296000,0.9073386931415942,41860408304.124275,8164115632.892728
1621382400,0.800098165,36912826641.026886,9753740534.809917
1621468800,0.985859022,45475035158.975365,8171181757.629337
1621555200,0.9692612688740199,44725206891.78951,9073167435
1621641600,1.0332068928012161,47675888355.92232,7008804902.177836
1621728000,0.9715671557185841,44831608818.18857,5711826339.642609
1621814400,0.8956220322743995,41327227216,6529477329
1621900800,0.8344659624076278,38784269249.758804,5609808156.140347
1621987200,0.9054699787114087,41726594494.88639,4570869242.912308
1622073600,1.0414131362201615,48054553991.807175,6691379571.899238
1622160000,1.0113344632384653,46674110292.99546,6148630529
1622246400,1.0250645299812036,47256850790.178375,3994210155.4317665
1622332800,1.0507204617977066,48491814037.47901,4088714903.3976574
1622419200,0.9706847900041895,44809104088.392914,4190246447.9744473
1622505600,0.9233783109950389,42302337683.14435,3708513148.3181024
1622592000,0.941945875,43471756649.737526,2623774416.9185123
1622678400,0.8545223211275653,39437071032.286285,3741492369.396079
1622764800,0.8757601965321159,40450990715.74534,5068666284.185733
1622851200,0.911214403,42088605426,4800163646
1622937600,0.8748163077058673,40461589120.176155,3598275137.988906
1623024000,0.8471675674249741,39130309347.56748,2718211293.129297
1623110400,0.8350156355659321,38569016787.39522,2834495585.978342
1623196800,0.8860264997320967,40925186890.76209,2761114938.2172465
1623283200,0.8928141249740629,41253166682.60748,3268149002.723709
1623369600,0.872464326,40312888500.39617,2862140885.0995646
1623456000,0.8358306490753268,38620201137.317535,3220071877.858448
1623542400,0.8448349081677214,38819180172.98798,2511575473.3286705
1623628800,0.7983270674267462,36932589366.38297,2429585732.7410707
1623715200,0.761459551,35221141669.96444,2038711275.862578
1623801600,0.7770463247906351,35815532872.76087,3136090755.043623
1623888000,0.6186567449822078,28871387082.357655,4957263283.188504
1623974400,0.5517693616839368,25450718833.253757,6329008646.890634
1624060800,0.6426176789007471,29694967545.318787,5631237222.316207
1624147200,0.6716012213547248,31057874496.418858,3071983450.0651217
1624233600,0.620105198,28700209150.03127,3395191639.1059484
1624320000,0.611711687,28325396042.471207,2672873984.7428856
1624406400,0.6507132008769695,30171056185.70429,2318742760.031586
1624492800,0.6488563939917608,29942729066.831112,2838366693.7156167
1624579200,0.706366184,32605743402.647835,4215461674.407378
1624665600,0.6996532766642078,32268800761.051617,3241276897
1624752000,0.6638724587724228,30647057119.673344,2684814772.462972
1624838400,0.6546725767914099,30215830565.461456,2075137068.984085
1624924800,0.6747676923040596,31138455875.288597,1807223370.9838073
1625011200,0.6968995104043215,32159771283.85795,1664617403.3035553
1625097600,0.6590399913108745,30453863819.504448,1948795190.1724856
1625184000,0.6662899993882386,30723093719.801144,1937393189.3106942
1625270400,0.6530460312591974,30147793682.466793,1618780258.2645764
1625356800,0.6247610645746885,28843574198.216454,2049499074.2725823
1625443200,0.6424991973732445,29681644971.035645,2350318273.957575
1625529600,0.6287264607906748,29048791926.905113,1673959405.818035
1625616000,0.6385084267793238,29486316673.96478,1337323439.0925708
1625702400,0.6336448787059497,29247980265.760162,1674043993.3039484
1625788800,0.6199605865682292,28670030241.537884,1552901484.8336897
1625875200,0.6227052156887538,28779372130.819828,1930227964.4947252
1625961600,0.5967255195676217,27694734252.607735,1583678938.3983681
1626048000,0.5913725404424245,27201988882.770893,1488773939.655788
1626134400,0.5852641997905791,27109511265.747284,1604653849.4093466
1626220800,0.5897955823329759,27175846391.033463,1167325757.066883
1626307200,0.5601383605955838,26075532617.71391,1389516652.8589418
1626393600,0.5323514543433043,24615569713.49713,1679476183.743073
1626480000,0.5737055813634152,26445756208.820633,2019404553
1626566400,0.5950738476348508,27517390338.90026,2245674032
1626652800,0.6094632044963907,28196999500.970444,1813927386.3669374
1626739200,0.6110446430727691,28269947663.60385,1614041890.5268197
1626825600,0.6125591728144815,28326472774.149746,1383796680.001531
1626912000,0.623983789,28868798734.47323,3564334796.5071845
1626998400,0.6422631283228032,29723719168.358337,3032121794.804283
1627084800,0.7242550876175754,32852692988.230244,6697161375.931053
1627171200,0.7497844962597139,34826525034.87061,4216397874.8733854
1627257600,0.7543775937140769,34956569128.79335,4070677889.3198047
1627344000,0.7502964501644548,34822531550.131996,3136242263.0041757
1627430400,0.7269649380557404,33490734955.83339,3243277119.218785
1627516800,0.7416943188793625,34349676133.534256,3341261818.620836
1627603200,0.7170384074303042,33218265132.768913,2831324444.739079
1627689600,0.7314367904089276,33994364798.13678,2915778567.791885
1627776000,0.734172413,34143817201.28548,2696635219.191347
1627862400,0.7458480786964081,34633334804.98132,2823587160.453554
1627948800,0.8163899784247708,37894868456.38714,4488674219.078024
1628035200,0.7812431839912185,36263438396.09534,4467786533.002503
1628121600,0.8160049567711566,37583709631.508995,4313429775.211553
1628208000,0.8538180389687648,39514002151,4471863525.357776
1628294400,1.0058872545464765,46598977910.73202,8624878007.739822
1628380800,0.9659471173643737,44736297538.85398,7982967680.979009
1628467200,1.0882573655865535,50454533105.66228,6770637886.2024555
1628553600,1.2768123622747267,60003066118.75983,12155352324.285776
1628640000,1.2817798754722616,59584210571.94573,10902516170.194801
1628726400,1.1918799071113604,55864357102.57856,8267311800.322677
1628812800,1.0944855705972716,50803400116.72417,7615205365.500671
1628899200,1.1558972500791076,53716679098.06286,8061965404.006682
1628985600,1.1852489496278933,54568786813.40489,5252378789.9310875
1629072000,1.2584294715021178,58384958845.834984,6979164637.937753
1629158400,1.2197381897444493,56683485420.240036,5229699024.887526
1629244800,1.2246487645120476,57001021097,4757633980.348473
1629331200,1.2487668631389008,58032501462,6713418548.767188
1629417600,1.1458793612657157,53731037233.17458,6389709602.506549
1629504000,1.170876776871693,54461699710,4651023694.044695
1629590400,1.0955133852336967,51253633200.265205,4741112858.195668
1629676800,1.1805811945514972,54816173108.79227,4927038356.466052
1629763200,1.148485587,53420204731.61571,3356486936.2898917
1629849600,1.1440525854699375,53214009871.00871,3051611593.028822
1629936000,1.106189235053155,51552699669,3388125204.9344516
1630022400,1.191610433585163,55449845566.08223,5799191345.955378
1630108800,1.2318568493947302,57176500918.343796,4776288909
1630195200,1.2573255129034822,58518869426.32522,5088919871.219462
1630281600,1.291252384471998,60097905361.71874,5627962921.351644
1630368000,1.2532249149224715,58328018007.69259,3879457061.050158
1630454400,1.2984832643777857,60369683926.971634,3722441377.0724664
1630540800,1.3911304469034182,64681235824.03411,7118678175.874282
1630627200,1.131348061182022,52560384655.15143,8624946310.927073
1630713600,1.1056689280662244,51742102326.78837,7312860365.762958
1630800000,1.0912461914893277,50955416305.62672,4560820267.419777
1630886400,1.0535526974723732,49040455295.85219,5795054546.938835
1630972800,1.0752209314359358,50064588773.404015,3715232220.3536344
1631059200,1.1169842609284972,52198672027.55827,3465975902.9797125
1631145600,1.068604148677846,49713889918.76721,4231526906.016336
1631232000,1.096311313495669,51112488081.680565,3535592613.053136
1631318400,1.1188839268554256,52164873856.70661,3333096499.5505505
1631404800,1.090957634109528,50840881076.693855,3353442627.8817763
1631491200,1.0676582584217478,49776618499.80079,3302953461.8778715
1631577600,1.0758127160149578,50095864483,2826213578.2064643
1631664000,1.0490216603570472,48976892028.34062,2689597572.7479634
1631750400,0.9219523462131592,42739802420.452415,5679575996.083541
1631836800,0.8667768999124397,40536055692.84123,4843258119
1631923200,0.9970202456951557,46525234505.14472,5342990578
1632009600,1.000436281381362,46670917777.496605,4349288006.629749
1632096000,0.9409389925960898,44406741436.03866,5002962524.012147
1632182400,0.9425529621409652,44234883872.336235,3397129864.947502
1632268800,0.94576734,44610627727.601494,3744659769.9889674
1632355200,0.9227647628979543,43056599715.41218,3535317785.246621
1632441600,0.898182777,42026727617.622604,3255751838.192269
1632528000,0.9281598600445693,43276000832.10583,4115648364.824045
1632614400,0.9529966405748881,44546255848.781906,3810704691
1632700800,1.041123216492475,48635128492.83734,5450641793
1632787200,1.0400949689546977,48624896672.828384,4306337139.6944275
1632873600,1.0558307110700278,49365458816.466354,3984603570.9359837
1632960000,1.0437072356808659,48793771729.00825,4055935516.5868344
1633046400,1.085381037917221,50742040289.27556,4618206775.554543
1633132800,1.0783609291517349,50510105397.084496,4763213321.928321
1633219200,1.0689411075660604,50032615318.54273,4109614452.9961433
1633305600,1.0614650033600554,49574670484.36498,3619180042.9510336
1633392000,1.164184622292562,54500306203,5215457308.273685
1633478400,1.1360668412266464,53174487201.32791,5873832688.556178
1633564800,1.1330371883980321,52826755743.18047,5387182320.602415
1633651200,1.1014676454979804,51575328749.387634,4900506651.734668
1633737600,1.128457291689578,52904409166.68246,4776071703.094285
1633824000,1.1323296666545746,53092666834,4426576203.664879
1633910400,1.145759547685495,53654404126.03082,6336537375.785692
1633996800,1.1385957390003698,53515008800.351616,5199617764.454336
1634083200,1.0925155626661034,51215070062.497025,4324902488.195447
1634169600,1.0812358492867855,51082154781,4174250709.2106714
1634256000,1.0943871012139437,51167582884.696075,3583236812
1634342400,1.1435470026599415,53654051903.943184,4201205302.3442516
1634428800,1.0929614739451723,51293226624.23202,4665290692.849945
1634515200,1.0934905806691104,51357605672.02348,4143499527.4525847
1634601600,1.095154986811329,51425869926.66042,3315966734.6826644
1634688000,1.0849136418505294,50856627372.07209,3311243968.644989
1634774400,1.0958283643026163,51540864624,3497945390.7252803
1634860800,1.105727143387618,52124585332,4594057660.506596
1634947200,0.996836753,46866516355.16261,5937361026.283024
1635033600,1.0587801978680311,49800059933.16295,6170566995.369246
1635120000,1.0834103873992738,50786029526.88663,4824774933.090287
1635206400,1.0758992453555496,50566114767.03765,4190514902.8476267
1635292800,1.1143882936902771,52393229939.57826,6015356674.923554
1635379200,1.0934533521014969,51393344971.35801,4635542909.623682
1635465600,1.1366587277819378,53415011179,4571603615.529947
1635552000,1.2088823954696684,56780580558.89655,7581930544
1635638400,1.200913826990432,55830878969.167984,5642672341.455357
1635724800,1.1622964291452975,54740175009.61684,4233745983.9072695
1635811200,1.1519973721059782,54193429674.51924,3646729112.5295153
1635897600,1.219290185560037,57472702553.16003,4196593069.9279795
1635984000,1.287089052369683,60874912549.54917,6510421242.806361
1636070400,1.2617122958767892,59453346956.008064,5162156736.937613
1636156800,1.1883132886401981,55649461110.10411,6861365706.089187
1636243200,1.2176287356871103,57494245414.409386,4931779012.400676
1636329600,1.1942130805718565,56317864716,4349613837.684128
1636416000,1.1936921583345361,56293298557.09905,3253100665.457899
1636502400,1.1929348852566946,55951324170.01716,2783129146.692004
1636588800,1.1755600254518253,55534908930.01491,3251109168.690187
1636675200,1.0966493653758616,51599269663.09816,4835970888.340764
1636761600,1.1004596250989471,51594668705.87203,3754088424.9534965
1636848000,1.0375367096779058,48929167670.27969,4952670979.680258
1636934400,1.0913054764142485,51349868689.57812,3888778263.5930333
1637020800,1.1003032895930926,51889175238.31417,2851544952.4843826
1637107200,1.069316317572408,50711625089.19429,2255387934.7151833
1637193600,1.0367725124482448,48855446959.72306,3053644475.667097
1637280000,1.0666446242962693,50301867085.74057,3406271729.2301126
1637366400,1.0324344122101776,48664111213.885345,3196925598.8004704
1637452800,1.0425045005327793,49163443594.61245,3323374794.836688
1637539200,0.9395105333823327,44210729012.078995,4293632294.1260257
1637625600,0.9410355855791527,44336654042.92713,2784594053.442488
1637712000,0.9667814783314153,45579229249.57213,3009148429.120391
1637798400,0.9913792344534323,46807842263.10092,3236264412.1393714
1637884800,0.9976494002579189,47048123045.71624,3219272264.014356
1637971200,0.9903099747669621,46758577987.40217,4045490613.2193785
1638057600,0.9792298396544113,46300485388.87274,3089519334.539089
1638144000,0.9217083373410974,43548226427.108055,3067689842
1638230400,0.8432874106920727,39946504040.82354,6263701028.878763
1638316800,0.8021016424347099,37897133536.91342,3815886284.097819
1638403200,0.8241786091202077,38940210511.585495,3785804089.062999
1638489600,0.8170006530986526,38601071500.418205,3236833724.1647673
1638576000,0.8604950737122439,40656065255.449844,3573691588
1638662400,0.8668183425176378,40954822606.92518,4568607272.285156
1638748800,0.7987992644903693,37741105109.436134,3711198782.3999896
1638835200,0.8370445571139629,39548091761.79502,2958769246.612882
1638921600,0.8398763961847019,39681888499.94044,2575643244.7269173
1639008000,0.7815983218419756,36975860235,3029881075.4716115
1639094400,0.8113031482462705,38320974597.67936,3764420162.373208
1639180800,0.8291672579272524,39175910677.259605,3907096831.805005
1639267200,0.8097740287353964,38189684295.14045,2977216204.777967
1639353600,0.8015706035608363,37872043386.174675,3150197393.749876
1639440000,0.8298301709115998,39207231523.100174,2814179207.0815516
1639526400,0.8360810885092015,39502570475.66171,2607034699.0666575
1639612800,0.8870321270036085,41949396100,5198337121.310719
1639699200,0.9505444057615736,44974972561.30616,4640780123.246594
1639785600,0.9581270482180488,45235063039.09493,4280427620.6701674
1639872000,0.9961806163957586,47262504686.86194,5340836026.841107
1639958400,0.9138028897022306,43438501700.20997,3956089362.117495
1640044800,0.9278571385084833,44106583972,2459150767.314069
1640131200,0.9218739334180142,43822166547.54349,2279713281
1640217600,0.9281516465629353,44120583696.57214,2696398139
1640304000,0.8579611972670144,40784012992.497345,2998170978.022172
1640390400,0.8197794434093449,38969006497.60233,2780329731.337543
1640476800,0.8404662013408024,39952371487.69365,2375836806
1640563200,0.8313977181010497,39521292390.58477,2252303692.382884
1640649600,0.8509994996615762,40453081982.45346,1784805589.729289
1640736000,0.8598583053581368,40928936335.45811,1750696335.7998545
1640822400,0.8344733967743158,39667497742.72751,1965549993.9618895
1640908800,0.8251444343524369,39372072384.767006,2130875732.6783779
1640995200,0.7767865891534059,37016373098.110214,2694718977.663249
1641081600,0.7831224344196491,37364002396.49064,2602668509.463569
1641168000,0.7644151449754191,36426581574.17674,2846907907.4084826
1641254400,0.7489659652322483,35742954145.162506,2189023625.6248217
1641340800,0.7557725172500546,35888908513.520424,1509097856.9053414
1641427200,0.7410376946951257,35256497135.60703,2640172981.2978945
1641513600,0.7727293031543855,36764295067,2379143840.2570167
1641600000,0.802594097,38156686082.61434,2662230500.7550983
1641686400,0.7715666119046157,36738241655.41219,2253993188.5968766
1641772800,0.7740444354801548,36893370983.00779,2142880581
1641859200,0.7826827626015643,37238112155.95848,1749569966.297465
1641945600,0.7794722307417731,37152076627,1714842895.978317
1642032000,0.7648336227276872,36467550909,2106153055.4637177
1642118400,0.7526063988170055,35928632965.60265,2140369166.8100421
1642204800,0.739881066,35361191998.402435,2106991082.2831686
1642291200,0.7202016893369474,34534739952.51737,2012483751.9288023
1642377600,0.6378644563628371,30525594005.19316,3571190454.459163
1642464000,0.5994046390832135,28567576973.565277,4042933250.3269677
1642550400,0.6293953478321436,30045394326.185913,2380836270.455122
1642636800,0.6152955980298455,29396856512.62248,3185161141.2267537
1642723200,0.620497233,29620625747.012314,2500106156.591868
1642809600,0.6231797877754578,29801890236.89736,3242791082.7998934
1642896000,0.6102062555503397,29129366194.81477,2752172909.832315
1642982400,0.6135256035362685,29287821638.577694,2625552677.813721
1643068800,0.6182696996646961,29445353884.42251,2292738751.3174086
1643155200,0.6043668972409529,28850613224.012375,2120800271.1205068
1643241600,0.6205877854732952,29553290453.17287,2593396517.1199713
1643328000,0.6302230740980508,30084907427.353535,2553543909.3620844
1643414400,0.6032174285240043,28766534259.757153,2495342755.8027205
1643500800,0.6096545032975765,29161275665.801453,2386661276.5350885
1643587200,0.6572998399694618,31113642593.887524,2909130867.7860937
1643673600,0.6686843426074051,32145115972.23587,2530469004.389346
1643760000,0.6852335146264104,32810995567,1777811138.8311546
1643846400,0.8300394579696281,39506496107.51002,4986719034.923662
1643932800,0.8808003204859144,42130847575.61262,6887902807.173895
1644019200,0.8789425435462876,42196654317.52713,4535621390
1644105600,0.8345105144850875,40079653442.91532,3983078310.331958
1644192000,0.761696502,36423431829.04126,3708716005.6494393
1644278400,0.8245304978471271,39120421789.46051,3853073023.8076897
1644364800,0.8119315770010118,38806859793.893555,3085176044.0806017
1644451200,0.8033483751203703,38448661595.62696,3147538928.000717
1644537600,0.85247911,40834438279.59535,3043829789.363568
1644624000,0.8391807513652728,40187017226,2930845330
1644710400,0.7685094510286997,36963479625.065254,3303770867.844775
1644796800,0.7877906414879072,37773994946.58903,3429752251
1644883200,0.8251095338668498,39561276268,4253979000.495266
1644969600,0.7782770648932236,37317825787.82265,3922516717.5710244
1645056000,0.7055393424691266,33972778766.692947,4439011970.562481
1645142400,0.7259376269724716,34808187364.35561,4599434726.372438
1645228800,0.7016957279611102,33701843282.350643,3840839043.6681924
1645315200,0.6976871071064188,33453595245.003593,5932775744.138649
1645401600,0.7712477777385272,36980776521.84238,4633609414.809206
1645488000,0.7517707837988913,35942263895.59888,4076260609.6079364
1645574400,0.7210985760953721,34581739036.304855,3731215035.1125417
1645660800,0.7828558999446412,37500615316.86525,4355925146.495378
1645747200,0.7872744283758254,37744545801.86735,3831187527.9892244
1645833600,0.7682135605580057,36857824863.63222,3145198651.708127
1645920000,0.7531647576655045,36230318096.370834,3246276258
1646006400,0.7131881596552319,34196859571.601543,3340359216.669842
1646092800,0.755869807,36199173075.572495,3644210569.6312237
1646179200,0.7268241819511676,34850697038,3212597507.684128
1646265600,0.7241520832461399,34699488211.455986,4149973566.529719
1646352000,0.7206531553362463,34608063705.636986,3407151329.6439953
1646438400,0.7680866721173992,36825355524.15274,3989146224.5449605
1646524800,0.7378000313258812,35355341439,3914195838.985968
1646611200,0.802186613,38564286814.264175,4887949135.758494
1646697600,0.7862234817530646,37752795220.75425,5030802269.117742
1646784000,0.7619373501661538,36608123215.65504,3630836811.535966
1646870400,0.7751485976071154,37138477845.663216,3789866665
1646956800,0.7664837658571177,36906247283.91733,3438081456.373995
1647043200,0.7943801513863666,37530785877.27055,4063597298.4246235
1647129600,0.7938218847195059,38199986362,3505833298.610652
1647216000,0.7984573845178067,38423054070.51003,3518410195.619233
1647302400,0.818980708,39379307066.49004,3627461259.2091393
1647388800,0.8064894377913627,38867169621,2799660154.683884
1647475200,0.8379809664029861,40278680453,3677001141.019201
1647561600,0.8372243965986176,40301095225.540955,3549893085.552186
1647648000,0.8376505621816649,40309455205.726654,3256620136.1043563
1647734400,0.8421114022402378,40523755643.15179,2788824891
1647820800,0.8244213913542029,39672483855.87599,1983331996.3482928
1647907200,0.8310015071136351,39989129613.705086,1421460060.3801568
1647993600,0.8539236502608716,41121465144.908394,1855295728.8144586
1648080000,0.8640548948293576,41579711813.883125,3277202257.529429
1648166400,0.8570422317157436,41224241577.90292,2363256678.4533124
1648252800,0.8604847293390254,41449148705.78688,2300476564.6465573
1648339200,0.8152117836532856,39229302714.938545,2910917620.602431
1648425600,0.8271257464579131,39813871220.935646,2553508655.7091336
1648512000,0.8242671521526577,39816351313.276695,2067165078.9801276
1648598400,0.8425965315597546,40545522531.02838,1819121861.203156
1648684800,0.8281276338170943,39809813062,2337211874.3592877
1648771200,0.8187524569103866,39411319969.837364,2017746802.820634
1648857600,0.7621659169264008,36687016206.95844,3043359043.011921
1648944000,0.78830018,37944994433.974365,2580151283.399397
1649030400,0.7549598472923912,36222968800.71056,2728014121
1649116800,0.7636267236265126,36744121558.51562,2248538561.7904735
1649203200,0.7562784300098224,36403620789.85844,2353543395.1507244
1649289600,0.6955843985559773,33601430163.01578,3463223949.7842712
1649376000,0.7171206298978289,34518751871.64326,2991917530.6422462
1649462400,0.7255258559860935,34923339191.64158,2962354970.672501
1649548800,0.7275666877771264,35057442819.08632,2957491995.833695
1649635200,0.7877335942179761,37917721713.907646,4005911938.6822834
1649721600,0.7829999223908309,37740603800.122475,2670450010.076928
1649808000,0.7537394037896591,36281404230.41864,2325391322.8994355
1649894400,0.7689778999098668,36961492294.77778,3253728969.0565476
1649980800,0.7754484655148195,37281016472.190475,2955754187.371688
1650067200,0.7521764937695645,36163418569.87475,2968256967.5827117
1650153600,0.7332117695793329,35216094189.82071,3087161597.5612164
1650240000,0.7202396768888107,34640114391.674164,2970393681.8864107
1650326400,0.7073588176557891,34027662046,2370632000.882747
1650412800,0.6987978369588094,33679276496.51442,2137895120.5772305
1650499200,0.6956329293874107,33457536154.78493,3506826551.6426578
1650585600,0.6423263433710342,30899259597.563015,3080452315.2575903
1650672000,0.6528348665066932,31365628078.428024,2764376399.572286
1650758400,0.6441268452417402,30955595874.83909,2514240505.1122065
1650844800,0.6124562324749452,29487384901.930927,2822183431.598716
1650931200,0.587810639,28276768858.64577,2317425481.0298395
1651017600,0.6092166608195787,29306510542.64941,2519502423.7075987
1651104000,0.6144864952252795,29560017164.350986,2835507497.2230244
1651190400,0.6054702647179527,29175409587.88523,2607753844.4429827
1651276800,0.6479594190283386,31335585499.299335,3128110704.4090395
1651363200,0.6004742594763544,29028787892.059036,3128274793.044598
1651449600,0.6035240236351163,29205373000.255188,2951960307.5796337
1651536000,0.5838448651199512,28191797295.962685,2102170369.3648608
1651622400,0.5669608041110882,27408643527.874832,2376686424.225748
1651708800,0.4947442712197595,23917472370.21285,3820425216.9702215
1651795200,0.5150902169040511,24901058481.377224,4449610449.6001625
1651881600,0.41668999396116013,20236495510.39983,5654427177.473948
1651968000,0.3877209670878742,18743633948.127808,5171860945.698974
1652054400,0.4221611103052877,20468064488.24979,20446959910.483803
1652140800,0.4300177313049834,20788390700.981167,3004143500.290736
1652227200,0.4481544456391356,21676314969.990356,2107871027.0035691
1652313600,0.4235522358019889,20475828597.591156,2480176431.6243024
1652400000,0.439154212,21206918515.01422,2261832657.6180253
1652486400,0.4064758494281428,19667366546.451973,2023407676
1652572800,0.42163047872276826,20386508123.763515,2149785235.1761374
1652659200,0.41149336598683217,19911044580.081833,2246730608.8392916
1652745600,0.41527535302800195,20075698416.052597,1374886935.528266
1652832000,0.4228608764476286,20460151559.50088,1421121318.9561877
1652918400,0.4055009945873183,19603175616.81888,1813039685.088817
1653004800,0.409202315,19782108930.152927,1706980388.6999452
1653091200,0.40630298199560927,19651540840.327026,2015843764.2379487
1653177600,0.39439817694614954,19066430980.02002,2485081450.728108
1653264000,0.3822834941737768,18480769644.785652,2324419767.860538
1653350400,0.38701377546048005,18709446111.71902,1163579967.864386
1653436800,0.3898603598259622,18842893628.887955,947644980.2610089
1653523200,0.4187053842908315,20236714660.095737,1445550917.8894582
1653609600,0.42444803071239395,20519703901.01127,1735357529.5898669
1653696000,0.39934393599772106,19314953814.235928,1522349174.1251605
1653782400,0.40595433920895124,19625091701.739594,1302678375.7464876
1653868800,0.3914176021539427,18902929145.44984,1275894944.5520406
1653955200,0.39322679036246533,18982750748.83201,683447146.5940696
1654041600,0.3961828350786588,19187176365.392696,705391273.9767989
1654128000,0.4028522036035331,19501680101.245834,1246532475.320551
1654214400,0.40868543927845047,19757121548.77853,1656469090.686715
1654300800,0.4013646967922223,19403214153.929623,1189901698.4859858
1654387200,0.40013286715732643,19337901433.51992,968180632.6239969
1654473600,0.3820658620329248,18470248632.176723,1394625551.8777137
1654560000,0.3600670196345797,17379402375.610332,1084591650.3200622
1654646400,0.3473716238493033,16827700964.903425,1333656925.8682263
1654732800,0.31138286809406446,15053213503.283463,2571889116.4250913
1654819200,0.3229550712743772,15568557097.451038,2039011089.8863053
1654905600,0.3443938243994498,16638203871.66533,2286498342.0860343
1654992000,0.31243655020944017,15102606560.779781,1488890180.7566843
1655078400,0.32235441599660697,15583612153.823809,1375080658.751605
1655164800,0.309330958,14954017806.197191,1397757103.8555963
1655251200,0.3256824232823504,15728564298.65965,1149006659.4837725
1655337600,0.3240971076934186,15701017293.774082,1155228410.4452622
1655424000,0.3291435408891084,15900484925.03035,1204900980.2904763
1655510400,0.32275428268771983,15649591825.880308,1034224812.3256223
1655596800,0.33551746207899685,16219954622.645557,930214775.4482027
1655683200,0.368261234,17889932972.34277,2203591341.2461424
1655769600,0.3673154719665823,17775525052.331444,839552662.1340762
1655856000,0.3603228719112207,17419125060.39781,728876201.2695982
1655942400,0.35371650062009147,17086200868.005722,962846750.9298605
1656028800,0.3374417519060058,16336659163.210838,1017648480.8788854
1656115200,0.3296188316599712,15942967992.329262,1084325830.6370008
1656201600,0.32924807588589466,15916873051.469343,1326945295.0085275
1656288000,0.31563768472333953,15318991092.382448,1234242687.662255
1656374400,0.3164857899276253,15299904569.883673,564976560.4788862
1656460800,0.3225294647379495,15599885643.287638,644134011.6950454
1656547200,0.32908371430087685,15908927302.731928,936245776.3927474
1656633600,0.325509709,15716240546.842815,1069390130.9545662
1656720000,0.33255551826321617,16064248862.684473,1035873113.4054006
1656806400,0.3424005523116743,16549147878.346827,962456688.9760337
1656892800,0.34421421109400624,16669839157.562326,1477936729.899496
1656979200,0.3449893831165381,16689516861.731253,610784365.4046191
1657065600,0.32581075245157504,15750702176.837206,858123901.9091449
1657152000,0.3148525452970551,15220948459.42856,970888703.3390352
1657238400,0.3124987716416906,15105806689.09798,936739624.7320567
1657324800,0.3247437036981014,15695378352.168207,1306451712.9517221
1657411200,0.33363610970833024,16129004215,3450936786.437814
1657497600,0.3338671590882578,16148938887.012407,25137309697.36673
1657584000,0.34994969180523516,16916754130.570707,23310361491.52784
1657670400,0.3439497313500432,16675058880.772114,62468131981.56535
1657756800,0.36466339965144995,17602742086.000675,24287013428.885525
1657843200,0.37225626940575574,17977004406.100082,15747773889.552813
1657929600,0.36061617567635407,17459066563.48312,5943471143.920102
1658016000,0.36641453682043557,17715740062.040546,34998987061.88505
1658102400,0.3582453885163846,17324899057.00061,12852784687.791933
1658188800,0.36007230402718554,17373326657.245926,22728476180.28815
1658275200,0.35913022491325847,17415032492.89394,13511649591.251595
1658361600,0.3365071514433365,16267799275.739422,12266428974.382458
1658448000,0.3367498497765932,16280339620.383312,28749929057.470314
1658534400,0.35954942128264794,17311121486.44676,25637669862.021946
1658620800,0.3724122694615612,17993565318.24411,15143779787.628317
1658707200,0.3698439004011402,18046047855.84583,9366962075.838375
1658793600,0.3871419117499372,18686873330.207775,37779483824.23274
1658880000,0.38090942464251165,18430217002.051163,11383629246.530497
1658966400,0.3794745647488202,18365390789.650043,20993433813.45899
1659052800,0.3721443606390872,18088137791.456406,9268365393.484776
1659139200,0.3697802274672732,17850173244.37779,18045143481.62729
1659225600,0.37288592141949634,17986326951.22402,1009220096.721869
1659312000,0.37673944023534195,18182630929,1083081362.9394202
1659398400,0.3724249101928857,18005459546.993305,528474692.2605269
1659484800,0.37297833616296255,18026251934.20761,558451987.0240587
1659571200,0.3794215621135739,18346010099.870422,1138699148.9583206
1659657600,0.3690576085353753,17885564974.66502,3343031576.7911215
1659744000,0.3818819170672477,18451264891.934143,1239763218.2306042
1659830400,0.38103789907249513,18722737547.626007,1216921626.1301844
1659916800,0.3806867206678796,18689186021.75396,1018932719.2623653
1660003200,0.3791747053498095,18621005139.112835,661994515.9927043
1660089600,0.37789173870428966,18579392207.667027,850831853.8594449
1660176000,0.3768509898908952,18525959226.67408,1162193827.4376662
1660262400,0.37832162183135193,18662404423.880558,1031739476.4237969
1660348800,0.38189978201324554,18885868314.173786,1563237238.528783
1660435200,0.3723714128223131,18412316301.11691,988350335.1681571
1660521600,0.33647346534266226,16619838119.306381,1723039768.1176624
1660608000,0.3387855562056176,16734615067.231573,890708537.3842945
1660694400,0.3470545927088616,17146379649.371073,795459529.3534839
1660780800,0.34562684245445874,17096908382.421494,1092232936.3839886
1660867200,0.3477726001845276,17226011066.46298,980885020.0196048
1660953600,0.34679271408890444,17168064186.93132,893746663.3587409
1661040000,0.35009811479262676,17339114328.047993,880120992.1624258
1661126400,0.3392009860890026,16771137642.241825,1466059795.947098
1661212800,0.337101914,16685950202.083353,699466583.8
1661299200,0.3250929286503036,16183127804.81136,527683239.74135184
1661385600,0.33423074716919543,16597261690.553997,928205984.6
1661472000,0.3275580359165741,16293719360.212246,866624871.3
1661558400,0.32804299150052096,16279792839.534712,796912925.4163057
1661644800,0.33371001688142804,16563286140.750006,809944925.6004992
1661731200,0.33138797677917714,16448201041.409803,846287512.8513036
1661817600,0.33016893541165565,16401705686.288158,444863917.87654626
1661904000,0.33223273827868427,16477181610.602238,405810028.4339963
1661990400,0.3331744434353924,16503579175.836767,714260159.5814117
1662076800,0.322882838,16040602510.232101,1188996326.401049
1662163200,0.337812631,16767664626.557795,1023686540.747103
1662249600,0.3405432304913233,16914537556.626074,1009572640.5292882
1662336000,0.3565520466053419,17726561451.46776,1403094809.6246903
1662422400,0.35763222072390133,17817289842.855175,802561442.9660527
1662508800,0.35447266984431747,17665293814.17329,638880661.7877574
1662595200,0.35859049426894085,17852055047.259144,1059520260.1242691
1662681600,0.3331343427229645,16587780887.87984,1324489792.6553566
1662768000,0.34229766627733377,17046141808.064371,1106999903.5049818
1662854400,0.32697616278820824,16311357746.340384,1337552250.3920174
1662940800,0.3571830539290055,17805028262.431942,1261958274.6868336
1663027200,0.37553542587688626,18707608411.82521,1427789277.6753604
1663113600,0.36011169122072584,18019337973.339752,2096753184.2942493
1663200000,0.3884003338636591,19262269100.349785,2475380016.1667495
1663286400,0.4146975478487356,20670126868.42153,3389711446.2201285
1663372800,0.3987516860564047,19846510864.63612,2923866454.0464396
1663459200,0.4870596202359753,24224069872,4345510563.239003
1663545600,0.5055469016261381,25349689054.64032,6851174094.822689
1663632000,0.4896121534995437,24456632305.120796,3174509674.0623307
1663718400,0.49382068441299476,24659902343.985435,3076786928.7829022
1663804800,0.4675847993795477,23303350158.12698,2761704681.577815
1663891200,0.44973875957430093,22484461715,2605483194.233198
1663977600,0.4523199977661284,22620371849.260277,2399425239.0694294
1664064000,0.48549735837132674,24160534854.875744,2979531131.3341985
1664150400,0.48018560714113456,23954591313.39305,2972868272
1664236800,0.47496133,23685517249.644085,1408593745.5803168
1664323200,0.45025632995366566,22548990353.11134,1408392767.9237182
1664409600,0.46261651515402924,23133346946.76287,1739336470.5764768
1664496000,0.48035597545822456,23940005839.731785,2038303645.0219688
1664582400,0.49018876836815045,24463171586.90248,2280930102.1680975
1664668800,0.4935510217263323,24626852233.603928,1784282944.3489885
1664755200,0.5160327262732206,25843445398.10576,2249633454.4159307
1664841600,0.5166455189625007,25751005671.692387,1610134699.361302
1664928000,0.5342292366286716,26622398815.99551,1653702361.1252923
1665014400,0.4973242512168488,24835054251.926365,2164911186.1609306
1665100800,0.48533425502176925,24198543433.748207,2176382497.818888
1665187200,0.4880393259972368,24372617617.304382,1366104521.1582768
1665273600,0.4808330688637784,24045617337.58696,2784181355.3019977
1665360000,0.48872027306582744,24366649108.626354,2121123366.6408682
1665446400,0.48202686508349174,24078700455.34395,798628206.3475759
1665532800,0.4766938429740172,23783757576.55461,966732868
1665619200,0.48065426232884206,23992818375.128853,1417504115.521878
1665705600,0.4668408131092937,23309738544,1309409841.9060183
1665792000,0.45108342840066135,22499563476.753716,1518939369.798926
1665878400,0.4475857270550886,22305568615.86945,1800114950.362331
1665964800,0.4610825481618852,23003431881.17114,1712778421.4866312
1666051200,0.4656755212931661,23214185274.98662,912940134.4613929
1666137600,0.4692781812601062,23368720307.600094,995497789.5121337
1666224000,0.45271572046883046,22601387269,1356662233
1666310400,0.4610277301114104,23030839580.351795,1689657453.9438188
1666396800,0.4690482574175606,23479164280.20445,1565980824.0310557
1666483200,0.4623407900423064,23163065596.091656,1860834302.8238714
1666569600,0.4728780103227727,23647471398.294582,1353826346.238948
1666656000,0.46876476031677705,23467642103.025345,1521168003.4484463
1666742400,0.45750451953412374,22902197620.77545,1045064808.3506737
1666828800,0.46501747211731354,23224524935.39032,1602014607.304093
1666915200,0.4642729057613325,23248404094.12417,1431760457.2526631
1667001600,0.4513827988804672,22626151059.175068,1524489627.5072906
1667088000,0.45510342141581417,22780070699.42792,1222014267.347436
1667174400,0.5020577520809391,25226441321.76689,3011375714.152464
1667260800,0.49300892862095813,24797324782.66233,1308897160.5093763
1667347200,0.47086252498516856,23668541342.756855,1031713111.6175143
1667433600,0.4660747931757319,23384940963.22353,1755549936.0349088
1667520000,0.40872139243654976,20601640289.624653,3706738060.4740987
1667606400,0.33170407746269504,16605761205.84244,3241614924.1969767
1667692800,0.39896690885411007,19989322488.392494,3217259210.9583864
1667779200,0.3896264895691673,19478630559,1861507915.395455
1667865600,0.36658574825492024,18371602318.29175,1003463771.3330681
1667952000,0.3417074995436799,17086304271.575174,1118704703.3493285
1668038400,0.37754516418942985,18989205360.444775,2595659777.0692306
1668124800,0.39063596815761875,19639994952.653553,2081487497.975052
1668211200,0.378098098,18970779255.099026,1372852887.9511876
1668297600,0.3841956301573169,19303982424.42455,1402527156.5683973
1668384000,0.38462647516151854,19357565131.27626,986101847.6468065
1668470400,0.38668997247083425,19448735815.09945,569755684.8419449
1668556800,0.36437486576706085,18311817579.162518,1052428346.706693
1668643200,0.367583116,18495233972.438004,1780013171.2711096
1668729600,0.37655810489095154,18989891837.637455,1485466338.8330631
1668816000,0.3833062814501991,19284896098.646187,1174797641.9319808
1668902400,0.4038237448074739,20296568045.362335,1423798508.9230359
1668988800,0.4106132467603584,20680013254.503643,1479657670.1579742
1669075200,0.39869918031896884,20049161326.728134,693914954.5763754
1669161600,0.39901892749989815,20105943755.220665,720248826.0615702
1669248000,0.3915898959103989,19693656670.174088,1402123354.6749592
1669334400,0.3997957534980851,20106137882.34614,1140526999.0102472
1669420800,0.4111918971610414,20719087977.17768,1083227863.165195
1669507200,0.398585805,20031963631.717594,858081595.7050642
1669593600,0.398615834,19969808623.71558,888235349.9074985
1669680000,0.3898651923416876,19674166663.67257,533721848.1149885
1669766400,0.3927017597255727,19722117911.690456,491979075.1387994
1669852800,0.3907786665135361,19651351254.574913,1057341827.3438631
1669939200,0.39237805309459417,19722550803.507057,934598154.6602762
1670025600,0.3844779242127989,19328530509.12746,959854684.2095537
1670112000,0.3949164182037001,19854852002.13049,879857521.4372247
1670198400,0.39022389211734576,19664656225.08729,801611082.0733637
1670284800,0.387759799,19506256516.587887,359503303.73512286
1670371200,0.3828656934365775,19283214294.09726,395120823.42169726
1670457600,0.3878258918092492,19594256739.870327,1049862565.8762822
1670544000,0.39501394093007414,19922570552.08643,1355988500.8515296
1670630400,0.3867035852022032,19501737942.722557,1043286573.294691
1670716800,0.3779085576571648,19073834524.492348,819703826.1357329
1670803200,0.3533298415240543,17743456573,1170831763.1244187
1670889600,0.3558315325555913,17909121465.34917,654553881.8687989
1670976000,0.3507100714134827,17712497955.34908,347030394.0865117
1671062400,0.3392138774124123,17095617572.635395,1118134740.0353682
1671148800,0.35002389021623753,17641489469.68155,1027632998.1097451
1671235200,0.3465697645918239,17435599303.21308,858615195.3
1671321600,0.3500778912764361,17620195062.76461,780045315.5394924
1671408000,0.35515833068322133,17856407421.40487,666320112.6559712
1671494400,0.35317997428569975,17779420196.458714,231622343.95766404
1671580800,0.3469858575442719,17471177171.157623,339542349.5552029
1671667200,0.3661426478635404,18434824599.699306,945058966.0773864
1671753600,0.3678858141405444,18546249287.40341,1069684994.9979781
1671840000,0.35632962347408315,17929049867,979984594.6528118
1671926400,0.34325907725585547,17294056583.418842,1037430034.6292995
1672012800,0.3454333605935747,17383390100.95133,798701561.8671073
1672099200,0.34008628295318194,17121133957.937172,404611674.3235269
1672185600,0.33906591377275835,17060108166.49119,327129626.0672564
1672272000,0.34857042266522625,17560796887.615242,1581447168.2871003
1672358400,0.34381782927835675,17382384969.744404,955848915.0366379
1672444800,0.34814888508317116,17597994731,957585438.9511281
1672531200,0.33841798005536067,17116070602.36482,744907998.8296136
1672617600,0.345119534,17457329880.73863,801001834.1
1672704000,0.3447533324613407,17420356238.27483,342946545.84614086
1672790400,0.3452258121803157,17456961142.234257,545985714.4967215
1672876800,0.34968537233821834,17717747212.100025,1539262894.6328933
1672963200,0.3516250959148819,17792177163.847145,917319432.2180703
1673049600,0.37516804184533054,19038727678.203484,1746275470.3431985
1673136000,0.3757077587246529,19039106716.028618,1426759425.2593694
1673222400,0.38668543486765117,19580764523.903866,1170148577.9979725
1673308800,0.39578014157846464,20080653280.131844,1860485927.2466824
1673395200,0.3846604814430939,19502566239.733498,938035524.0987028
1673481600,0.38721874514522614,19619545376.60257,1668494268.0545394
1673568000,0.38834608969729184,19658180910.92554,1138890767.1815016
1673654400,0.3797679869684619,19245926197.709797,1702838567.3220875
1673740800,0.3941963457659705,19971310554.25555,1255535645.9865408
1673827200,0.4135995980254182,20999925928.925415,1186977053.328279
1673913600,0.4042373402682552,20511505868.34467,1142406486.226599
1674000000,0.4023071714072539,20425679976.40058,852878506.6611335
1674086400,0.42666931243794043,21638028918.38685,2285698262.677693
1674172800,0.40877294153604227,20714879210.16023,1400007168.0821967
1674259200,0.4186592896798123,21255807576.526184,1245728191.7718234
1674345600,0.41111588524277953,20916108969.411465,1019272806.0485111
1674432000,0.41400159754098326,21011973835.20259,942400534.0736151
1674518400,0.4096758453041082,20794792977.810905,565735709.6176277
1674604800,0.41497134328311086,21072151658.286156,630042252.5374581
1674691200,0.39633370209239793,20091977273.881798,1441087625.9689953
1674777600,0.4073667927328009,20688747113.486633,1197426392.9076283
1674864000,0.4148527743836202,21064449265.238544,1250397867.2487998
1674950400,0.4112098873232879,20884408869.328255,1151908009.9087086
1675036800,0.41241065941316785,20950682121.522537,978829007.0556666
1675123200,0.4121338298176891,20949793892.670692,648944348.9337069
1675209600,0.39981674751665536,20322531847.385986,863028588.8
1675296000,0.39376562944671195,19987203910.588814,1057791123.2708575
1675382400,0.4048849794610551,20578617234,1161291193.3619506
1675468800,0.3986931996846012,20272568564.15036,950354663.9422504
1675555200,0.3832139446465286,19494029957.977486,1821185002.1664116
1675641600,0.38355436616013233,19484210803.046715,1049701311.5898643
1675728000,0.38527542834720957,19569331797.910236,511402933.88147306
1675814400,0.3760511,19086935160.551865,560863913.2683896
1675900800,0.37205462835350583,18900034646.09865,1370370835.3961487
1675987200,0.38322795129922127,19466658327.996433,1276863097.1649044
1676073600,0.401361856,20368679852.003353,1320600525.785714
1676160000,0.3869228608316964,19624357378.802677,1437284191.6291525
1676246400,0.3953120430532022,20087928758.71447,1212725512.0546696
1676332800,0.39439296683864783,20036416117.84064,575785061.3648797
1676419200,0.38560607248730994,19625731454.880474,863659775.2319903
1676505600,0.39767472521830477,20205624242.572395,1741797303.3956501
1676592000,0.3913842408172827,19872689610.039776,1404135578.9653506
1676678400,0.39535865196447917,20196054648.297245,1391639960.457505
1676764800,0.38957238012624557,19815369081.450718,1131967738.4073946
1676851200,0.3790953257370455,19325068033.96813,1058056427.8744959
1676937600,0.37868932,19283599327.033203,647196607.9575866
1677024000,0.37800947130170354,19267086787.79969,540159353.6332139
1677110400,0.3793366092044523,19332749632.951515,1153758555.8774142
1677196800,0.37840780894045833,19254765044.415302,1097670874.0984151
1677283200,0.3842122173302225,19594492700.912342,1016609362.857389
1677369600,0.37782759167537316,19261288580.63014,909585578.1475348
1677456000,0.3797725783925803,19357672478,1366537887.0953143
1677542400,0.375482521,19125093149.858818,593218721.5744294
1677628800,0.368702052,18772296579.304646,531679793.8
1677715200,0.370949887,18870930797.407375,1262642327.1752026
1677801600,0.38091941771155435,19403006996.615963,1602133801.9946294
1677888000,0.3895455769251921,19902227509.41309,2057330076.4400785
1677974400,0.373153464,19038584759.28343,1880109254.4076498
1678060800,0.3719842680149645,18960880522.27624,1600399582.4666307
1678147200,0.3660374912479876,18618245861.40169,1134168277.5788836
1678233600,0.3724698526505245,18910866411.013874,1204499052.1002083
1678320000,0.3741326627142878,19067422016.807568,1880603926.4135096
1678406400,0.37489297291405715,19095493029.564106,1673162184.292314
1678492800,0.36204011755919946,18449948264.467854,1224433592.2436776
1678579200,0.36834272427536696,18785035463.22649,814391190.5999308
1678665600,0.38098351230143557,19395225306.86912,1269614935.2024417
1678752000,0.37641337100193617,19170540663.397667,1097398135.405194
1678838400,0.38928658424177115,19979252277.275562,1440416397
1678924800,0.3772352416274596,19226276544.650375,1313128522.9714599
1679011200,0.47074919177491503,23963597176.994377,4548747517.178309
1679097600,0.42521840812674166,21687465409.827747,4517426407.7119665
1679184000,0.4482196537624507,22838007730,2294537469.6429935
1679270400,0.42680029659763746,21860547088.836643,1705300121.755292
1679356800,0.4490301632968959,22901966241.344044,2226693785.736741
1679443200,0.4507982030258973,23017901905.08662,1450602336.838315
1679529600,0.4804892582556843,24887269626.43507,2674251774.633235
1679616000,0.5168128670875739,26697226442.289265,4020187191.5459795
1679702400,0.5453960004474748,28206497479.00727,5031225482.463057
1679788800,0.5372314130180667,27787487718.72779,3170922798.8468604
1679875200,0.5389087176387467,27928271774.46026,2114260332.1002848
1679961600,0.5108643384082717,26419768893.368996,1966596473.942674
1680048000,0.5206392045697563,26865238853.589268,1622515475.0157032
1680134400,0.49762314978116595,25757164808.749744,1874356756.5454648
1680220800,0.5042085209801936,26035551812.61459,1359219753.5699492
1680307200,0.5064892991443272,26178153840.81308,1542944161.9162514
1680393600,0.5033907322034521,26032005022.916878,1224093379.5299377
1680480000,0.5141886150364228,26596750375.135258,1226161820.9140668
1680566400,0.506259244,26189001074.264023,752220124.0481863
1680652800,0.5059049357511278,26153157422.11329,706849513.0381583
1680739200,0.5182365433645599,26808568246.60892,1057662396.4063251
1680825600,0.5174873118520239,26750764716.684345,1328973143.7658172
1680912000,0.5054749022427573,26177625993.753777,1295350693.4578412
1680998400,0.5139001277815082,26594690668.574123,1078337862.0535345
1681084800,0.5237427710723968,27098938485.67568,1686463892.485568
1681171200,0.5208058339366209,26973876116.81294,809065912.6958668
1681257600,0.5211750000486894,26957282986.183178,627790567.7404886
1681344000,0.51142446,26426624699.025185,1050565458.3211043
1681430400,0.5313738900166128,27473961872.44431,1197384612.3908288
1681516800,0.49094028917780747,25418640034.33746,2206782404.1051774
1681603200,0.4746185573837571,24546014136.65708,1557750803
1681689600,0.44977836598222937,23247077610.611904,1488791192.3886898
1681776000,0.47401670045814265,24522972208.70548,962045940.8242793
1681862400,0.46537416155196676,24043654913.47115,764793255.6385686
1681948800,0.46137418233489225,23923037222.816833,1371506902.3539543
1682035200,0.4701124118409249,24328714397.27629,1208296460.8797896
1682121600,0.4617665683318512,23900530754.355663,1735110890.1994128
1682208000,0.46712361743135394,24162104799.03539,1709074269.7217984
1682294400,0.48018273189530447,24835475834.136196,1253720406.8721573
1682380800,0.47775943845621893,24729043163.78943,630278066.5984057
1682467200,0.4730668236845426,24497798435.85786,538719110.4492048
1682553600,0.4652310090567144,24061056587.036495,1011865604.860965
1682640000,0.465035476,24075470304.744568,969292690.3818562
1682726400,0.4633651736726446,23972787437.638706,1102846442.044967
1682812800,0.4623041483156036,23925163522.408985,754621495.3331013
1682899200,0.4678262625193613,24242740787.308044,977081363.4144815
1682985600,0.46006463988318663,23817157947.00623,652294979.7361903
1683072000,0.4529586030531267,23508258509.097633,440022180.6111255
1683158400,0.4296745042774418,22244894416.296925,1537388545.443165
1683244800,0.43006347,22304188423.85518,1042751745.9179302
1683331200,0.432245207,22424416872.484283,1182617804.2444046
1683417600,0.42295597310873956,21920201048.047226,994189730.3843771
1683504000,0.43163322736988136,22389881950.833866,1316061803.3985696
1683590400,0.42556150513937774,22111880538.095394,401383427.9821559
1683676800,0.4263508465954697,22099560865.686485,386393405.61760443
1683763200,0.428405441,22182629326.123474,825806498.1413949
1683849600,0.44080993373461025,22818727048.263798,1063961406.8159419
1683936000,0.4487326850226171,23256361575.197758,1641651715.4635224
1684022400,0.4607641094436982,23918491004.363373,1511866848
1684108800,0.4688768031244469,24327746704.90955,1203165079.3727944
1684195200,0.4695940782186896,24377025880.71992,514027085.75605303
1684281600,0.4586412584498675,23796873050.34155,577572180.6831025
1684368000,0.4623516875950931,23977031841.92864,991756168.2991667
1684454400,0.4660385198404762,24171255429.874794,888439002.3801645
1684540800,0.45436486733946946,23595882622.177483,1119381536.2608764
1684627200,0.4541151704696861,23556263618.682175,821478867.1634058
1684713600,0.4697451671376945,24417347419.40233,1052724018.8269242
1684800000,0.472216408,24551886084.47911,759741391.0489581
1684886400,0.48352330128284976,25163437545.644337,706081731.4823192
1684972800,0.49376486696403926,25702162976.181118,1145216727.3080325
1685059200,0.5223191694382098,27185803590,2389465868.2509184
1685145600,0.519347237,26998129476.664906,1728394882.8431637
1685232000,0.5084602612441388,26441448782.04242,1184491773.5746508
1685318400,0.5259130178454915,27330411902.31459,1172447803.4803495
1685404800,0.5199723058938108,27029657254.607746,735045062.6217449
1685491200,0.5376237449981687,27920135061.880856,1044713825.6791098
1685577600,0.512255735,26576194800.017296,2324288258.5782566
1685664000,0.5317141263258067,27595802610.622444,1788963243.7072139
1685750400,0.5208616065533803,27086725457.87463,1857008228.8556283
1685836800,0.5251989570987307,27313881799.618065,1066147795.0472884
1685923200,0.538716297,27947393305.97943,1400687394.716791
1686009600,0.510823107,26595733464.30461,2377566256.8370676
1686096000,0.5234656949507985,27216822149.88123,924538107.3721211
1686182400,0.5272915888541333,27379890906.227215,1366838192.0786796
1686268800,0.5222231726396263,27133015218.43599,2989624103.371322
1686355200,0.4819853694716451,25055080654.37114,1999231994.0299351
1686441600,0.4818701232948997,25039056140.417084,1290064407.4434283
1686528000,0.47743039594018366,24804635141.678604,1314734497.473471
1686614400,0.48091801693676484,25005716435.541878,702204082.5297493
1686700800,0.48873703886019854,25416332506.73837,823404499.6246965
1686787200,0.49394067262722385,25708930078.321697,833887969.3753109
1686873600,0.49227331562276505,25641101459.894615,863398469.9608608
1686960000,0.500997345,26091973532.575783,1047444064.0813686
1687046400,0.4952656835302854,25824265989.03825,1203675448.963428
1687132800,0.4961332787394924,25917023949.95469,856055965.2622167
1687219200,0.48669686131785794,25448414759.665344,519757792.4773254
1687305600,0.4895723008499811,25577584986.08896,520726839.4971085
1687392000,0.479149987,24993365484.350517,781825263.0999359
1687478400,0.48436959597213397,25305718851.56595,696818986.8407857
1687564800,0.46481822681196244,24296794823.833202,821278549.3740807
1687651200,0.47458822908630927,24810347278.937798,575213084.8797239
1687737600,0.473647912,24792368682.025192,1016983988.8105903
1687824000,0.4733162435648094,24715806335.758446,567687674.2493538
1687910400,0.4838261040782226,25298696946.576424,822937093.0322157
1687996800,0.48951641386335387,25565025718.749207,893581246.7063645
1688083200,0.48803429392408554,25539081808.624573,704205207.5325793
1688169600,0.47780553433734296,24999675952.49481,780909277.6090572
1688256000,0.46440877628499516,24328001206.918903,772623037.9496843
1688342400,0.46836384008337706,24465410534,570272199.3048488
1688428800,0.4704270186958301,24583107111.164288,330926326.21778077
1688515200,0.4681921443187148,24462004905.83065,254714219.85400298
1688601600,0.47731724646757945,24922515787.509663,748189491.8631514
1688688000,0.47546330271644877,25025475416.402214,566443960.1459918
1688774400,0.4713759020166678,24756292150.832104,613551699.9
1688860800,0.8125093807114796,42784396920.87513,11251096255.82042
1688947200,0.7196793898171404,37918177999.134254,5758002014.725879
1689033600,0.7132555900513394,37484963831.147064,2658605337.547687
1689120000,0.7476671129966201,39206989775.505424,3239778453.914754
1689206400,0.7394962152284867,38827092428.83717,2262921797.7753544
1689292800,0.7812630940643422,40870157250.464775,2214761174.651494
1689379200,0.8212366992769505,43193317016.13269,3583242003.053844
1689465600,0.793283631,41729123773.57223,2588946338
1689552000,0.7726808563347505,40587624026.986496,1675530391.283235
1689638400,0.7314015935483464,38460345132.56344,1389970268.986684
1689724800,0.7379910760166287,38757878154.63946,1257404824.397465
1689811200,0.7035253934126873,37048588176.874435,1941377513.1581554
1689897600,0.710252779,37425088969.069756,1530207989.3734734
1689984000,0.7158774882632872,37694712104.53819,1495290293.1260667
1690070400,0.713435782,37592231679,1329392797.0606704
1690156800,0.7122965862439442,37543055727.23403,943438023.2856784
1690243200,0.7126071592756545,37568028661.31408,642153174.3261417
1690329600,0.7049110934788799,37157825595.01724,1116791886.5469344
1690416000,0.6990302831310987,36854361562.914604,1406177636.9756496
1690502400,0.7072155102655546,37177683337.37651,1521287462.8124747
1690588800,0.6847397250082338,36120553529.07423,1053596026.1910685
1690675200,0.6642104250823613,35083597032.29245,1277296653.4007647
1690761600,0.6358100524337328,33547950040.331524,1200556083.392803
1690848000,0.6284302339961231,33126867546.145435,1002199104.3092477
1690934400,0.6221532337189516,32768402681.78805,771069752.2066147
1691020800,0.6208379591018611,32710392083.95866,1327007615.2127016
1691107200,0.6426242001562646,33895961202.844006,1375092164.8041742
1691193600,0.6436052062261336,33977423508.897026,1498394768.283378
1691280000,0.6332138416848744,33426764509.192726,1063357974.3368189
1691366400,0.63161758,33340650585.52871,924970915.6402841
1691452800,0.6270807267798834,33093472877.81856,502921367.1804816
1691539200,0.6256892005801732,33020932779.51416,620939906.9800236
1691625600,0.6346809011389943,33526777989.722347,967305278.5730306
1691712000,0.6093303800158635,32153506290.77583,1200448874.4198472
1691798400,0.5892528804005854,31112167895.250828,1563955567.709246
1691884800,0.5045364413631485,26666217677.218605,2195107422.094938
1691971200,0.5055391266986587,26678600727.832035,1918958850.387304
1692057600,0.5197335651388897,27477790031.510414,929698765.9791975
1692144000,0.5390316044671543,28503387802.815838,1321763823.5527134
1692230400,0.5244055106671905,27713849636.61579,1352888173.7099135
1692316800,0.5209235534966385,27488166541.189472,1118462919.748816
1692403200,0.5299193795564925,28039662088.880684,946910663.2229567
1692489600,0.5181136081338515,27413454107.12604,769780632.5350711
1692576000,0.5262962066003952,27831757848.59662,921620470.9409037
1692662400,0.5229085098346918,27646661775.527294,463183659.16820174
1692748800,0.5235465779707102,27700402966.93286,512306936.7
1692835200,0.5232997783274175,27704077323.198868,782151358.5323693
1692921600,0.5400245415413736,28583144570.474365,1344613476.443461
1693008000,0.5278782643099265,27973082441.083015,876424462.5397182
1693094400,0.5103225869981115,27028578365.966022,1026735505.6590358
1693180800,0.4978373806645431,26380844817.71121,995544046.4746456
1693267200,0.49860445803030107,26418016540.413795,569044737.5381685
1693353600,0.5045355543478169,26744459990.248463,556630248.7600876
1693440000,0.5084170373753433,26916390286.56719,787064548.1717074
1693526400,0.5051559349926832,26758851858.541855,699401133.2525038
1693612800,0.5032527281519962,26653596738.741386,739234157.9732441
1693699200,0.504243043,26724295038.157047,653453346.4765404
1693785600,0.5048375493141025,26788569417.17907,652594366.6164432
1693872000,0.5035773861130468,26738254791.96905,311380781.4933387
1693958400,0.49784668531914017,26432693309.239754,456958421.89810705
1694044800,0.47437611189829754,25161919362.34908,1095995324.2294993
1694131200,0.4808061803443956,25528033061.431637,852717638.4641141
1694217600,0.4838766292224757,25684774610.38515,752851203.0508376
1694304000,0.4890299653314932,26009104355.743057,645846604.2882458
1694390400,0.5004927929572198,26621227953.339558,775561028.9944896
1694476800,0.49927484586711185,26545422600.938423,393991940.1176251
1694563200,0.4929015778661426,26191414965.010864,375609507.89936626
1694649600,0.5026838986052712,26748378624.630787,800849784.9655101
1694736000,0.5141436165415822,27327052573.66886,928773565.7555315
1694822400,0.52162769,27732619162.74654,1089688616.9503345
1694908800,0.5066858953472407,26988438031.259907,791982051.2826166
1694995200,0.5121909950476309,27286994937.865612,628603686.1382555
1695081600,0.5074174504708465,27009517834.61695,326646959.5883096
1695168000,0.5021664522567285,26736588307.91274,341112827.3297951
1695254400,0.5053664037106949,26893696415.527393,785753916.1760783
1695340800,0.5016672517390154,26710140230.513245,812043931.8449469
1695427200,0.49922867800462956,26628926353.91246,698504380.8375002
1695513600,0.5095043912598881,27171337296.357525,808681163.9381405
1695600000,0.5212894024048964,27772381783.533085,1854095074.5779576
1695686400,0.5154269237816644,27482408020.331535,565774967.9
1695772800,0.5241865284645633,27970126599.360928,582703736.9102657
1695859200,0.5132709648372707,27354451767.82949,991695142.9714134
1695945600,0.5376404368154039,28676931102.81456,1293072952.3385992
1696032000,0.5329996917807625,28413771898.87814,1585308744.8701847
1696118400,0.5235521685473244,27904180423.34154,751907322.7708093
1696204800,0.526052843,28108307919.36714,629965325.1463687
1696291200,0.5218613815514104,27853981891.11012,285841428.3214274
1696377600,0.5179522650328043,27645312569.35972,315301821.98994887
1696464000,0.5028782420153989,26840318280.791584,842661199.1540691
1696550400,0.4972634454757502,26570805568.502968,616962283.8214444
1696636800,0.4886708683261174,26113725148.64177,719071769.7916657
1696723200,0.48296413941457433,25813623845.136482,749800497.2844275
1696809600,0.4854689862802145,25943808297.82847,653379085.2745034
1696896000,0.48662950299092267,26002019503.441563,301458671.3587269
1696982400,0.48767907801471516,26070363434.70989,320727338.0077401
1697068800,0.4985158743038958,26615529378.722343,1173128812.8506913
1697155200,0.49171788094756197,26254862236.960518,708206480.4
1697241600,0.4879852147639939,26075000650.39692,669895295.5823065
1697328000,0.5200805573097996,27843341777.726315,1520132376.885533
1697414400,0.5167567211918106,27626342632.139732,1454958949.4855475
1697500800,0.5208149431007241,27829299624.100853,700405632.3531286
1697587200,0.5228950727532569,27778804926.229855,598839241.9123436
1697673600,0.5457748399611067,29115617536.649963,1834743242.6470065
1697760000,0.5582475426640131,29831084454.508644,2918832727.899167
1697846400,0.554769697,29627058936.611755,1472662043.4590106
1697932800,0.5538368191324367,29634124371.34865,1513418769.0444193
1698019200,0.54594603,29258986553.166492,1121135370.3095407
1698105600,0.5451150555810712,29196266319.27705,586684484.8323625
1698192000,0.5564637794241395,29800903221.692314,695563241.8312604
1698278400,0.5786581212577311,30976019087.948856,1362473939.3016915
1698364800,0.6004457063634022,32147046524.93987,2414939165.736082
1698451200,0.6093844677140858,32715778225.231693,1620464220.8426595
1698537600,0.6065634645569307,32541765517.664337,1643064324.3744833
1698624000,0.6128581253381936,32857616733.42185,1262111685.5902114
1698710400,0.6160801916648888,33072336738.18057,688099651
1698796800,0.659180464,35253303172.42436,1591851457.634469
1698883200,0.7155023481986591,38345897515.31977,2796911720.114652
1698969600,0.6856205349117217,36752173442.01494,2472019023.458813
1699056000,0.6882299493850585,36916204717.27681,1530224474.5400863
1699142400,0.667769492,35802248809.919754,2822451495.5798674
1699228800,0.659591297,35429255307.00382,1775894621.6727886
1699315200,0.6629780776327308,35652065674.27743,1460051205.9898608
1699401600,0.6614091639025552,35488312501.80236,842786542.6526651
1699488000,0.6710329983039047,36059248429.97814,2773237323.516247
1699574400,0.6295797575234952,33822001916.280613,2018741716.6936295
1699660800,0.6499017732587722,34861905366.83981,1278936903.019164
1699747200,0.6123377361737304,32885726407.701447,1475436445.8810964
1699833600,0.6127256423878851,32979032576.881657,1276945458.802961
1699920000,0.6106601785005326,32803755885.290123,711908539.5938376
1700006400,0.6269907137854658,33710900984.52113,828354871.3246657
1700092800,0.6122065789959923,32889590201.454754,1040771356.2146416
1700179200,0.5801605100784207,31256457029.261547,1518170228.3829706
1700265600,0.611723936,32875274965.156418,1159760290.1444838
1700352000,0.6203233552111861,33346935684.051544,1059826400.1220778
1700438400,0.6219794905425804,33460685913.49907,1117046009.0993438
1700524800,0.6232374410205819,33526092371.475903,519620393.2178093
1700611200,0.6168507134180319,33206657550.881737,992358752.1574291
1700697600,0.6040798420086526,32487335580.549736,1112416577.3057888
1700784000,0.6112661348716434,32881098969.044792,935971714.5003674
1700870400,0.60914511,32836977437.838882,869541907.7580953
1700956800,0.6058189108224676,32669814707.646164,848791232.9303112
1701043200,0.6130010434931292,33025200527.923397,830075844.9978601
1701129600,0.6205777815226358,33412097804.390617,563533093.3716707
1701216000,0.6231180551059444,33614418435.45863,853055901.5763261
1701302400,0.6244086756616258,33650969712.176388,1739624716.1151204
1701388800,0.6217479099188722,33536422011.308704,1261500865.4833837
1701475200,0.6417940161511841,34586239264.31699,1751766685.8418212
1701561600,0.643096816,34572720848.68469,1617826105.8355544
1701648000,0.6737415520210336,36379328710.34854,1764953428.2699678
1701734400,0.6589222499084937,35536897265.788315,1989563714.2246335
1701820800,0.6615597705456061,35681860620.91525,1037587772.5393128
1701907200,0.6195589019990316,33422648227.05964,2052327029.5370736
1701993600,0.6190431290690513,33412155102.476913,1307109718.0257838
1702080000,0.6281203011527012,33902320872.57803,1409914145.3176117
1702166400,0.6321984476459265,34127963922.601456,1325870971.4112484
1702252800,0.6151885755173983,33252169251.15309,1280123112.0624347
1702339200,0.6196883061852944,33443700107.728737,681854371.9693284
1702425600,0.6100285893571271,32920058082.901478,744742147.8193986
1702512000,0.6125333400569155,33081392977.393898,1526938744.4143093
1702598400,0.6047003387381882,32629721782.82034,1093081252.5508273
1702684800,0.6166326094714389,33294546908.866997,1349253323.6723382
1702771200,0.623435497,33698792612.641487,1110957120.5015404
1702857600,0.6251276873999784,33817623430.356445,1314700978.040262
1702944000,0.6197095434300115,33512926248.348976,719236757.1532749
1703030400,0.6133475295925358,33186126989.99529,1122153754.5892103
1703116800,0.6470876013660011,34978755028.00759,1719526532.3008835
1703203200,0.6216348445072681,33610574038.135857,1600554140.262233
1703289600,0.63506092,34357310100.596592,1400197240.3335125
1703376000,0.6346975136885982,34408233528,1802335304.0639143
1703462400,0.6230727903756257,33694900136.482388,1257166870.500675
1703548800,0.6217721667534301,33656223192.449535,654083660.4075979
1703635200,0.6135560601066552,33227239217.747364,616827726.7618662
1703721600,0.6296830385207044,34067597078.148033,661012500.8315715
1703808000,0.6278857937694052,33896300818.06638,1269164248.347777
1703894400,0.5824243596025832,31520096364.55559,3221372100.143132
1703980800,0.5872262385238018,31783098111.105236,1370124013.3500652
1704067200,0.5758983864443551,31199856807.520874,1427534945.8785853
1704153600,0.5679216647603572,30806422995.700848,730296367.5768781
1704240000,0.5518039675917262,29872508422.625614,793183141.4119804
1704326400,0.5773960010046552,31333958163.828205,1804275059.111069
1704412800,0.5664177067521137,30702259695.615395,1668935574.776621
1704499200,0.6003499915103494,32552719946.735706,2053266167.3183093
1704585600,0.6014826396867949,32686481870.45415,1896258425.1317127
1704672000,0.5716934604304549,30991395722.789925,1588743949.2654233
1704758400,0.5747834912448581,31184534023.50033,609660987.4222198
1704844800,0.5757120992815301,31352675165.970333,736795892.9222726
1704931200,0.5762027030427425,31281625079.894505,942767404.5824742
1705017600,0.5758358445162653,31266973572.32223,863359605.2521778
1705104000,0.5679004069804041,30862475546.868515,870905515.4804658
1705190400,0.5516545791416465,29979457245.817932,1003771643.4709705
1705276800,0.5439861751074253,29552099640.597588,1306108750.9025135
1705363200,0.552715967,30063434426.21837,701395819.4290036
1705449600,0.5467948940837077,29736789962.66174,455234775.9838404
1705536000,0.5254414186122119,28594546539.295776,1113753537.1738207
1705622400,0.5175697937341619,28108890254.080593,1344425271.1267269
1705708800,0.5183638044206802,28186397833,848863444.7099339
1705795200,0.5137858881051207,27948401775.17666,801248680.4470745
1705881600,0.5321126490083735,28883619040.32872,1001801726.7892675
1705968000,0.5300126473861743,28828387671.481407,432074210.76432836
1706054400,0.5240514552654629,28491679136.16416,482417327.8391264
1706140800,0.5352891121547717,29116580266.398678,898684199.3
1706227200,0.5109143796227651,27762960986.006603,1687151941.8755033
1706313600,0.5027970870235438,27357902166.227016,1304951336.7588465
1706400000,0.5059532334439473,27539880097.46561,968788612.3064966
1706486400,0.5100665858558499,27763092679.51615,937859487.9224348
1706572800,0.5190243989290595,28262461861.712055,781835490.8126463
1706659200,0.5033199225800314,27388976325.720085,500979062.25723946
1706745600,0.5060746613187489,27551907316.754406,822070966.5127578
1706832000,0.5051095087758172,27490148574.66605,789140665.5492569
1706918400,0.513397691,27959758262.656006,898286413.1191037
1707004800,0.514070497,27996321852.20171,901027524.9214793
1707091200,0.5256892872132635,28667316551.701553,1013315522.8129696
1707177600,0.5238153826465716,28547125060.784267,475064729.1751838
1707264000,0.5258798759142611,28661350039.673046,677665008.2896335
1707350400,0.5321642961374793,28988051593.338234,1032701087.3969544
1707436800,0.5250580324436228,28678136449.237366,1067037730.1200961
1707523200,0.5381650785592706,29342494206.70284,1122372066.1611102
1707609600,0.562670832,30716007836,1792274030.0717752
1707696000,0.5651227438068549,30848652580.134792,1463235041.7476432
1707782400,0.549953007,30027467151.307167,729929998.3722916
1707868800,0.5569989508396108,30390782339.534477,620418394.6569577
1707955200,0.5623610246980961,30667513674.931725,1049065665.4278859
1708041600,0.5632911734985222,30766809783.279495,1797569762.060696
1708128000,0.5494809981825469,29981336732,1285012003.393539
1708214400,0.5411904079951343,29512677683.297783,1076313133.837322
1708300800,0.5348561201928979,29247448361.278053,1150476497.8060915
1708387200,0.5447789067331453,29739728495.27428,629408841.2610437
1708473600,0.5426078981817037,29634164742.976475,591786041.1125059
1708560000,0.5513003044164156,30102826897.084522,1206966880.9799767
1708646400,0.5873753685082636,32057564181.92216,2403061003.604541
1708732800,0.5765292216052678,31498950908.97578,3059403882.3157825
1708819200,0.5872867206934944,32142327275.936535,3649152111.4455633
1708905600,0.6016177948889795,32886853959.017418,1719967801.8693898
1708992000,0.6435751496240234,35177521995.136826,2839786692.0332294
1709078400,0.6266994908696154,34205236865.55742,2001172807.461925
1709164800,0.6511778302883091,35570744478,3572922225.9265466
1709251200,0.5952832703420226,32556305182.55615,4815021313.537044
1709337600,0.6129159478882317,33475073207.13946,2732925867.3626947
1709424000,0.628380182,34344683478.72519,2485835659.273788
1709510400,0.6214824363419392,34010002110.24703,2106352494.9701383
1709596800,0.6225142290687391,34079105232.518787,1496931817.9516265
1709683200,0.6085560455287963,33320881309.13065,1450316469.3279638
1709769600,0.717049252,39250118653.47248,6434513108
1709856000,0.6886932062458541,37673391344.52034,4041001873.5863333
1709942400,0.6896545611989557,37735077222.23291,2315352945.3265333
1710028800,0.6691754077171835,36663647065.34197,3239649834.2935567
1710115200,0.6342637439068659,34831116403.04182,3593312666.2837462
1710201600,0.6023073384430556,33052737666.158787,2112513797.1896114
1710288000,0.6191470281067634,33933430301.468998,1790113429.9921577
1710374400,0.6539066224226806,35964811193.48887,2689094030.3158493
1710460800,0.5852400045025551,32111361436.644672,3542818992.7221446
1710547200,0.6117015793252986,33576953684.137825,2691356105.058331
1710633600,0.6413290562765901,35222340002.48496,2663426301.418115
1710720000,0.6105734569688421,33496651762.91828,1995119918.3362052
1710806400,0.6181207994500303,33955269548.044724,1086083071.5519457
1710892800,0.6337118239432603,34809757519.99831,1195280193.029194
1710979200,0.6400376129032882,35057837184.65749,2070728050.051508
1711065600,0.6328659194902784,34676270602.72719,1759776337.9005775
1711152000,0.612301666,33513188302.808548,1951433460
1711238400,0.624080729,34273574066.13387,1761855168.4155552
1711324800,0.6305848703146155,34637766737.61634,1810865704.4246035
1711411200,0.6210104087173386,34096669844.56455,1006574238
1711497600,0.6289626324319613,34561603886.808945,732142319.3189579
1711584000,0.6121526997891189,33682651601.274323,1800822369.2689497
1711670400,0.5852372065222671,32172051114.724525,2179373589.0881767
1711756800,0.5753905054850376,31647732123.39869,1630542335.8400052
1711843200,0.5934624401692647,32644896842.28427,2192296815.868119
1711929600,0.5880582489371499,32396767457,1522489715.0235868
1712016000,0.593399181,32626389671.822033,844787189.1
1712102400,0.5946706032478942,32726439809.179348,917016883.4845006
1712188800,0.6155434564282665,33906075770.40597,1976633580.7557676
1712275200,0.6136939377820809,33802909045.713825,2325731293.341634
1712361600,0.6173727496999488,33999810733.863674,2307237722.1712985
1712448000,0.6088535069747201,33528540225.702854,1207823948.0649233
1712534400,0.5484622507114363,30211663517,2787087618.837457
1712620800,0.4808669999524838,26528974004.23356,3753284209.2149534
1712707200,0.5051394506387745,27843729570.503105,2763070329.2770753
1712793600,0.49745578757191317,27395426321.647232,2330506723.727513
1712880000,0.4964339164181767,27380210300.230762,1875946816.3732798
1712966400,0.4947978579065567,27284905063.90103,1737556166.4999344
1713052800,0.502630196,27734895374.21874,1400559368.0844016
1713139200,0.5043368864906008,27799384372.03649,2152015538.6553473
1713225600,0.5286489200145418,29130877514.949512,1198726897.2179945
1713312000,0.5242693710717946,28911826071.827423,838991356.8886632
1713398400,0.5560803600247968,30664208232.561184,1670893669.617624
1713484800,0.5453395286462999,30059898224.585014,1260908926.573041
1713571200,0.5271463755065346,29053044957.669495,1425890170.8488202
1713657600,0.5254278109474143,28975660062.835464,1198407375.1373465
1713744000,0.5259415260233568,29039049177.97214,1089752667.7747374
1713830400,0.5185389193383645,28641470302.59924,682968215.5590384
1713916800,0.5100104939611708,28171052737.95641,521543884.07764995
1714003200,0.5148709146825781,28447759625.968727,1060036556.7544429
1714089600,0.5001775403025187,27662546470.185024,1279616341.2014637
1714176000,0.5160164931063639,28631367914.936714,1626869635.1512997
1714262400,0.5183776413164685,28656212776.118954,1103496031.2413957
1714348800,0.5315301341407143,29384228180.813805,1074787783.5846288
1714435200,0.5300105607936496,29279991658.38644,623244491.1997595
1714521600,0.5294979420549052,29235021720.86141,491300319.19705117
1714608000,0.5404023687654772,29865604102.123417,1698268116.0302644
1714694400,0.5246883754721942,29023410742.862503,1075084837.235221
1714780800,0.5178240893599528,28632732926.19496,1070839646.3608068
1714867200,0.5211118430130988,28852553645.412766,956416697.3675985
1714953600,0.5022257971759626,27805566492.72295,1034572060.3529702
1715040000,0.5054656906230262,27983303337.752636,406960446.2
1715126400,0.49963901538682326,27659239453.37374,352076576.2180431
1715212800,0.5045344061884249,27952586454.167534,935231346.8627325
1715299200,0.49970267189552436,27666455909.699646,882943285.5
1715385600,0.5185941502760736,28754605349.06821,883132836.9697149
1715472000,0.5157962414707458,28511823910.504436,897793018.4182512
1715558400,0.5242031832330836,28947104911.248173,803544670.6603504
1715644800,0.5208113211838373,28809721079.404816,387460248.4878439
1715731200,0.509693996,28168681074.26362,434247284.0880661
1715817600,0.5372648118448927,29689383430.590553,1192240453.723039
1715904000,0.5370022098070341,29676043277.621082,1581545851.1602776
1715990400,0.526543821,29118710429.985874,960955918.3390409
1716076800,0.5290688230890979,29345333391.213123,1679831519.9011934
1716163200,0.5350915041339305,29645509385.224632,941518656.9703764
1716249600,0.5414632770632677,29989136001.159008,490212330.01574814
1716336000,0.5282323955100391,29289489526.897034,439766863.08920246
1716422400,0.5339956569298308,29605738423,791092705
1716508800,0.5280899270598433,29300178174,910932117.9856793
1716595200,0.5230226029339523,28993612233.66452,913623872.9601555
1716681600,0.5189280097690969,28781483247.09154,999431026.3674443
1716768000,0.5180167945986709,28762498683.161274,929888631.4
1716854400,0.5180393786089577,28713066172.364727,416219411.1735346
1716940800,0.5131175398510724,28459868298.883907,553036451.9472309
1717027200,0.5200612532272225,28828528153.20471,850885387.7470859
1717113600,0.5258777584003161,29148962147.63284,902630309.9728221
1717200000,0.5262661212762775,29139627869.013515,849105640.8
1717286400,0.5216726475276374,28960043467.06969,848184259.4834132
1717372800,0.4988605379449048,27692854443.163124,1968456097.6407866
1717459200,0.49317326464941763,27387559597.764313,620446466.3582375
1717545600,0.4985482969313284,27675853573.94252,437025958.7774004
1717632000,0.4967328310559781,27551690500.97944,892089729.6870959
1717718400,0.4802545558189862,26658154288.811237,1387973865.1179016
1717804800,0.4914241628785715,27282441135.226692,1129716567.729318
1717891200,0.4765170780323178,26533832939,943675434.2946923
1717977600,0.4741099103256599,26353878419,1118227106.4928167
1718064000,0.4906270007378955,27264082625,645326553.6393995
1718150400,0.4885851148218891,27134294825.743874,555500508
1718236800,0.5044345044736291,27987360241.613247,1766249324.3513258
1718323200,0.49069018810554654,27228211185.581913,1819869616.3806162
1718409600,0.49299634801731906,27374891992.646137,865490750.4717383
1718496000,0.4885909579945817,27181794563.76412,958050789.1306489
1718582400,0.48864418499319384,27175338465.60918,1008516402.6752841
1718668800,0.48627259206597917,27053186980.823914,353317004.2002377
1718755200,0.47895949302593144,26638519238,395174987.5891406
1718841600,0.4743096434475131,26361356093.730564,1160121494.3780153
1718928000,0.47552676206522965,26449940818.178097,751421185.2006447
1719014400,0.46941827415664006,26144492715.000244,773327602.6570611
1719100800,0.47456899754763543,26423340758.58336,722904506.9844775
1719187200,0.470758119,26212053088.528053,841678409.9034871
1719273600,0.4716715444764822,26253286526.958954,295577001.30004936
1719360000,0.47544675090176786,26475867493.393265,368676279.63487095
1719446400,0.47641789703173076,26531756526.874874,705154824.0713142
1719532800,0.4844080973302866,26944245248.106754,738569647.7524897
1719619200,0.46683128830149545,25991163931.716026,1145837102.1507013
1719705600,0.4337163650486699,24235723137.699135,1550106175.3104813
1719792000,0.42539142101390903,23720339809.70215,2249831548.4483404
1719878400,0.44887065803633486,24994023728.318146,712480871.9112093
1719964800,0.4191789178572198,23301649181.377598,693806813.0762736
1720051200,0.4314648922749528,24039488792,1645728119.4983537
1720137600,0.4357682635821839,24300807518.319637,1021161739.4919188
1720224000,0.43888320261057695,24458409688.453136,1023616778.8551557
1720310400,0.4493147618408148,25030432265.972015,1200462273.2058198
1720396800,0.47500366588264975,26468721333.154728,1708143214.6643667
1720483200,0.526839519,29438182786.769802,2976186078.858061
1720569600,0.5234292029632325,29217819449.756477,1532407022.6960382
1720656000,0.5376616453581448,29965552583.371784,1792386347.1365612
1720742400,0.5787634815013228,32265300101.95077,3365824592.3680096
1720828800,0.6273851564998204,35102530730.86112,4234665637.2730927
1720915200,0.5692287514689783,31824985472.369778,2788220012.7058287
1721001600,0.5741558232605724,32077743531.21662,2308007332.073333
1721088000,0.595029934,33275930800.02671,1439012022.3069396
1721174400,0.5980160389473247,33432090664.344845,1647735329.5763204
1721260800,0.6074321975785351,33924582950.39692,2296442499.7947035
1721347200,0.5981912825646556,33445842125.35873,1651790888.6761835
1721433600,0.6185453553161305,34619548841.39433,2087303622.9724011
1721520000,0.5997679317152131,33551041246.844196,2413626637.836705
1721606400,0.6038043973469951,33785118967.62283,1478705555.166696
1721692800,0.5977718576875165,33461222350.94947,1128339419.425111
1721779200,0.6021780816719867,33692290472.99312,919421006.0982493
1721865600,0.6013541874571906,33693210425.325813,1215789202.844237
1721952000,0.627331703,35106027091.88801,2180451702.8585267
1722038400,0.6241359484378766,34922068515.62188,2437342632.355899
1722124800,0.5964948653083605,33435949522.587425,2106574760.7931805
1722211200,0.5608211562625613,31336203534.75014,1950995786.1091292
1722297600,0.5561223750845103,31148787375.519512,1376747027.6518893
1722384000,0.523000237,29353786043.34181,1188979704.3459642
1722470400,0.4902573980386893,27429698169.218105,4475639992.2202215
1722556800,0.5045865751146787,28264677754.315056,1847497499.3279817
1722643200,0.6047117740731156,34080056915.591267,4339719896.699449
1722729600,0.6180253163116132,34614498154.478294,3600078089.7499704
1722816000,0.581838699,32602368401.949657,2002417284.908657
1722902400,0.5859665998030177,32874309915.441666,1153241846.3211687
1722988800,0.5528843062140291,30977000852.659336,1196340831.0371697
1723075200,0.5686121537491582,31916231098.98676,1679555366.0561242
1723161600,0.5764397935244148,32334146418.002975,1312864400.606913
1723248000,0.568488461,31895125288.160538,1198200169.6454227
1723334400,0.5611367072808928,31487109561.59515,1330753520.6637406
1723420800,0.5639502515238202,31653017057.98766,1051389337.7009846
1723507200,0.566181906,31773619165.905563,447792270.1153169
1723593600,0.5641402621351506,31699229123.507595,617194458.1864655
1723680000,0.5991141923286195,33637408468.498966,1755788084.835185
1723766400,0.594394755,33333279765.967487,1401494292.4529498
1723852800,0.6003970672361606,33743715595.89921,1278773168.6333387
1723939200,0.5976871187626694,33589114363.11003,1006578176.215835
1724025600,0.6102506382532653,34283938679.53692,1400222917.466907
1724112000,0.6139391687850385,34491160674.30759,1209425430.7483633
1724198400,0.5995127578984722,33680683543.769005,934683774.9393411
1724284800,0.5872790171235059,32999976385,1188834411.2691946
1724371200,0.5670252246535126,31857488696.739094,1648249019.2532597
1724457600,0.5696993284601568,32069384452.160854,1500729830.1107528
1724544000,0.561506373,31585196062.886494,1064481734.9849228
1724630400,0.5673490796111339,31919312705.246872,1204954666.5125787
1724716800,0.5658008208842239,31833847986.957657,459737907.0343127
1724803200,0.5482578347068274,30827802335.402847,703228575.3986151
1724889600,0.5671557310315145,31895124484.312572,935981359.5257839
1724976000,0.5574298894520976,31460288618.283867,948169272.4189343
1725062400,0.5579234385989325,31353043205.675346,1303738904.947038
1725148800,0.5441098914201123,30607113388.506454,1036536574.2933264
1725235200,0.5213130558804894,29371557075.01245,1723136656.842356
1725321600,0.5247980291815724,29548526637.092266,587212770.4091364
1725408000,0.5285291709201617,29774154782.962955,521287660.7729989
1725494400,0.5396089614101646,30395333618.446358,904225267.2384489
1725580800,0.5409989520278039,30471929007.34304,785524580.6774228
1725667200,0.5355035586141155,30175701058.586052,1003832742.0187716
1725753600,0.5625110835184267,31713263515.45175,1755892728.7051384
1725840000,0.5731586762437418,32316749262.834507,1315658124.0994296
1725926400,0.5963129007980363,33606464240.420605,1221362269.0817983
1726012800,0.5710582563848365,32178771098.00021,727164005.1
1726099200,0.5855052549961755,33045852897.93933,1373012324.854466
1726185600,0.5849889783458981,32985201750.25279,1080504462.4947681
1726272000,0.5854354281725553,32970524763.027065,1301476892.0261323
1726358400,0.5874083871859748,33147629638.33711,1303901084.522276
1726444800,0.5849389522523643,33011549162.039215,1403359787.9714298
1726531200,0.5979982229214985,33764665008.627327,1078170702.8553727
1726617600,0.5879476818374326,33168320660.640076,992887707.4
1726704000,0.585063894,33022282573.37144,1121279489.7439432
1726790400,0.5914408518035444,33380934130.37941,1227141705.7935853
1726876800,0.5838949675172452,32965388380.210888,1184864675.7010186
1726963200,0.590001948,33338294387.037434,1320296148.7263632
1727049600,0.5891149844820397,33329346797.44249,1401603759.7256885
1727136000,0.6150093639492326,34786926383.63196,2770313435.4847174
1727222400,0.6425919277698904,36340530782.95552,2594472533.021398
1727308800,0.6119339379239672,34688823292.79782,2572233995
1727395200,0.5974675047314544,33843017507.639935,3132237056.7574463
1727481600,0.5388310673967639,30482283203.95177,2854956361.2907157
1727568000,0.5216590897682057,29492016906.451572,2514792835.7085347
1727654400,0.5347464951856385,30241736953.735302,1756699967.6584756
1727740800,0.529571423,29950127382.310875,704787690.7
1727827200,0.5331799843165047,30163957726.921448,661126866.9
1727913600,0.5298164990025274,29991350948.888397,1457223446.3666434
1728000000,0.5304632864784646,30047537648.119553,981211616.0414958
1728086400,0.5241586802763855,29716396937.686356,988344201.3982462
1728172800,0.5296651744741632,29991523628.326267,1432557077.6123195
1728259200,0.5383034205225485,30490054705.50027,1190815208.1062524
1728345600,0.5395284850689778,30564659258.72339,645446626.8989004
1728432000,0.5316807964040682,30100697508.467445,722573856.9859535
1728518400,0.5476009966197044,31002265585.27816,1242900975.6585948
1728604800,0.5409632993649031,30629081825.39223,1367435532.1191251
1728691200,0.5479583804429464,31018277725.845608,1323767637.0882344
1728777600,0.5437042949601256,30820760554.066605,1540201676.826673
1728864000,0.5465644502575023,31001905885.914104,1179631857.7752745
1728950400,0.5443283945989427,30867246079.877224,607926219.2223777
1729036800,0.5465831979073458,30973256934.50095,716137205.8632469
1729123200,0.5445056512310072,30875972291.16193,1687139598.4189222
1729209600,0.5335396650481757,30253863576.152824,1413784341.5111709
1729296000,0.5258264655883778,29817145765.75719,1131889382.0732894
1729382400,0.5320282424020402,30184555551.536434,1105162964.2092311
1729468800,0.500895434,28440409038.961575,1539105236.2092319
1729555200,0.5124799627206477,29112702064.221813,746298139.3435653
1729641600,0.516356417,29334461123.41089,515723360.5019684
1729728000,0.5191002715669417,29485957976.542343,883022544.7410569
1729814400,0.528517656,29961006346.77696,1258508083.114544
1729900800,0.5226520345867254,29701886227.67498,981528954.6185482
1729987200,0.5091122552105335,28963392418.661438,1131354676.4350793
1730073600,0.5131424762844533,29166533751.235336,1355947931.230893
1730160000,0.5097643435439516,28985111559.766685,498091504.1066253
1730246400,0.5030000429314513,28618008472.118652,949812735.3091639
1730332800,0.5028741495746917,28588507586.622833,1127632654.5137217
1730419200,0.5128033591125852,29164852946.820103,1210224258.0575829
1730505600,0.5424824356184882,30863600008.502956,2317119597.7454667
1730592000,0.5543554525216197,31525433833.759197,2234023598.9642086
1730678400,0.5540941347726905,31512175151.99012,1737713572
1730764800,0.5574298820177034,31836113890.61354,1440484763.4288023
1730851200,0.5894389337521334,33489525846.208927,4261955471.851764
1730937600,0.6193846945256621,35253524705.02781,4422503003.126635
1731024000,0.7125696384831737,40525483376.80065,12912751557.030237
1731110400,0.6911785818007724,39323944238.49297,7120857884.644116
1731196800,0.7740480569596668,43890734443,10551122422.101799
1731283200,0.8907551084456163,50684897337.31935,13116899767.153698
1731369600,1.1228963632747573,63977542700.94049,25751173599.94672
1731456000,1.0602237280952598,60359853822.81238,13225025169.216898
1731542400,1.1193660942144246,63688503912.77327,10836262760.734638
1731628800,1.1012126123074732,62700374446,5476363653.953676
1731715200,1.107063129231089,63050379292.97722,7141998955.816309
1731801600,1.2323909552423495,69932142127.89014,11144862558.116425
1731888000,1.4608507832127549,83112386522,17433244692.12234
1731974400,1.4647330527827664,83300744233.09833,17125117613.056425
1732060800,1.4316792853395408,81614292719,13367222473.504513
1732147200,1.413864313999175,80506265954,12629382786.491205
1732233600,1.3995450660087485,79759951140.23747,10442232771.880827
1732320000,1.4723732146032762,83883091379.35777,8681413551.471949
1732406400,1.5321753824792639,87107084090.89493,6394089240.385964
1732492800,1.8089606822663937,103191548907.76518,14120989557.306025
1732579200,1.9394127481300492,110604358349.34161,18118226774.28636
1732665600,2.286339588570724,130208395250.7976,18435365983.17054
1732752000,2.7088474745217135,154571837988.4362,53820003124.51403
1732838400,2.5319240970814882,144192803084.12503,37957094663.228096
1732924800,2.3476333135494314,133851646266.63329,24079777836.582573
1733011200,2.254523485462072,1.2868E+11,22923661364.318054
1733097600,2.4172260514832065,137876201991.56064,12689093602.056667
1733184000,2.5927269695998327,148089387443.7888,13898192078.521193
1733270400,2.6181421664576834,149556382944.37164,10399952121.56792
1733356800,2.2158470487122726,126541301099.97853,20516080397.568897
1733443200,2.353484807585262,134366804425.19778,29173861101.339516
1733529600,2.4008764282936887,137137516260.63844,15899075206.770046
1733616000,2.342883102571944,134039705285.1272,11764450479.740368
1733702400,2.420254114567228,138341252309.82007,10210708750.872633
1733788800,2.3977637797048517,137201303559.24551,8261437423.651819
1733875200,2.4558394900030756,140694946111.10138,6560100595.864213
1733961600,2.4936338652184777,142688879208.51086,13981664984.767004
1734048000,2.5561912510090092,146207554966.0596,14678437514.774538
1734134400,2.2976668809594236,131273275335.39302,19736815651.813995
1734220800,2.255279457563669,129714340650.10556,21062431962.10383
1734307200,2.273996883525255,129981103119.06401,24697654647.91057
1734393600,2.236596962769888,127675851842.47113,13839484154.079449
1734480000,2.1983060900755347,126002620224.90738,10514832661.665255
1734566400,2.2548840492056637,129118625050.65549,9514499269.525232
1734652800,2.3273593261078007,133008444957.98181,5432535821.124748
1734739200,2.2971897897775637,131574173973.22885,3322151976.469681
1734825600,2.154071423410433,123818838011.45384,4873873373
1734912000,2.141586772,122935306457.48709,4902016228.946082
1734998400,2.180869510101245,125229822421.2995,2525595970.0449395
1735084800,2.095671915727654,120314515334.02428,2675953522.389836
1735171200,2.056730467743344,117950842451.00076,6059015353.124691
1735257600,2.079333460354608,119440097047.7968,4128284760.622494
1735344000,2.315149796797427,132989230251.90656,6878704641.749808
1735430400,2.404631926,138114900580.5372,7459376387
1735516800,2.4548598712183725,140904684872.33817,5864224741.784014
1735603200,2.4239342995923985,139171492627.42844,4561813417.310058
1735689600,2.403897929295378,138016718840.73596,4325348371.227318
1735776000,2.4191703139906173,138948192568.01584,4601519397
1735862400,2.277173382256464,130820594444.53995,6652119689.816548
1735948800,2.3749601881392275,136415155142.45451,7697257372
1736035200,2.2766790697699415,131013170943.18855,5639756658.075597
1736121600,2.342556974,134623347999.18698,4846732925.585662
1736208000,2.5750017025465097,148073207239.45142,6968218335.110517
1736294400,2.506265236852104,143972439143.77383,4880658835.456561
1736380800,2.521790688596697,144973001160.1348,9352507594.244612
1736467200,2.665683799958985,153183275031.40637,7423364604.740665
1736553600,3.1717669545860816,182346998821.3068,23417331296.55123
1736640000,3.2435591355149156,186758698075.1875,24889336467.66615
1736726400,3.3071606262102122,190386076856.00772,13491956428.691526
1736812800,3.2791397325625398,188798080040.87268,10204987556.110008
1736899200,2.9594983276278826,171067792033.8191,13089511624.10229
1736985600,3.0942466604471988,178304533111.39474,18183898272.877342
1737072000,3.171897087,182080583719.03888,9483639114
1737158400,3.165211637985352,182211918798.90054,7359947674.323075
1737244800,3.1221750787983638,179846211928.48206,7860588482.871526
1737331200,3.1030936929352904,178687952164.23227,6165183598.347699
1737417600,3.1112088914665423,179333230200.2371,3013156759.4045396
1737504000,3.0173114670832017,174315205302.41763,3093938754.203019
1737590400,3.050802421938607,175549811985.1664,14811833894.587118
1737676800,3.0611147556516607,176293961831.06848,8515976594.593953
1737763200,3.0691756838533526,177065119441.67078,6362709455.940402
1737849600,3.1319365812312867,180743899111.4196,4444654575.269272
1737936000,3.0378089439522897,175326105898.6084,4079932391.7375703
1738022400,2.8808649918084224,166457043070.02295,4285675849.353482
1738108800,2.5701343337873217,147851780048.77136,13660382309.418026
1738195200,2.692671869551836,155372328311.50732,31670736568.02988
1738281600,2.5396358959727894,146391101372.16553,12051077026.669235
1738368000,2.382739358632423,137388137146.75491,6660157683.363499
1738454400,2.3220918869431886,1.34102E+11,6304942916.816331
1738540800,2.392435922501591,137991646571.74292,7913782642.824578
1738627200,2.4256391631678023,140105845431.88702,3450039945.4201026
1738713600,2.3984218500627317,138409786399.36917,4110259067.581117
1738800000,2.4205102148292257,139801386331.32983,4147958037.3114934
1738886400,2.415999707081464,139710665798.44403,4814243274.422465
1738972800,2.471858085297504,142635962453.91898,4845109298.913685
1739059200,2.5469915483007073,1.47228E+11,4437008065.063592
1739145600,2.7396888464817004,158349869676.88498,7692468675.335378
1739232000,2.761982091436805,159697712640.8593,3946216492.011967
1739318400,2.7251894289423855,157590298702.77087,2966410173.436753
1739404800,2.657177556541445,153528550403.44104,4243544437.8198156
1739491200,2.5598643991689105,147965082000.5594,4627790087.108664
1739577600,2.735199200390807,158268061805.8835,4421689360.016513
1739664000,2.692229831317779,155803376373.91476,3770413761.6316905
1739750400,2.5717797656907977,148872353458.57578,5146660908.7574835
1739836800,2.575864230459674,149186293144.36478,2039899166.1574712
1739923200,2.5798851271909053,149332625214.34015,2072248429.8119543
1740009600,2.276184020826259,131520287326.65497,7132791349.200123
1740096000,2.3223450440589835,134627197923.42966,11111605787.309338
1740182400,2.189561722001525,126766064785.14323,5936591863.896251
1740268800,2.198289525306682,127370369245.55621,4202173606.0705705
1740355200,2.1465990447641925,124392769084.65245,7266804533.901892
1740441600,2.1894731626978965,126879303287.73642,2722347817.663738
1740528000,2.9400745785854188,169870381405.5461,14741402315.716309
1740614400,2.388920229250619,138435194914.58316,12094018756.991077
1740700800,2.457837324155463,142402404085.68878,9500571374
1740787200,2.499863067769013,144939887560.6096,5198767003
1740873600,2.5997307467157778,150505175945.87762,5916822614
1740960000,2.380727791456965,138185297003.6274,8328229777.709091
1741046400,2.3242332249590425,134862079473.84915,3009552907.467017
1741132800,2.1362635270101267,124005386868.27167,5104105960.491239
1741219200,2.029057833175655,118387557436.81892,6907399289.102193
1741305600,2.169350707525431,125957593301.54716,6722860049.514889
1741392000,2.2417249293681443,1.29988E+11,5394933491.485324
1741478400,2.250418741,130684530591.66603,4700482638
1741564800,2.3564128660327603,136928855738.28758,3738755688.1164246
1741651200,2.392285579817487,138962507103.3046,2903593748.7332563
1741737600,2.3009096388651695,133729450717.8674,3149719385.5106583
1741824000,2.3408005213311123,136034346384.5807,2955610989.2377267
1741910400,2.2893484606821164,133056596229.87404,2950644595.364279
1741996800,2.5520572493716633,1.48446E+11,9834502913
1742083200,2.4346891248225995,141749550828.59042,4258912107
1742169600,2.381259233831182,138510356756.64886,3380818952
1742256000,2.3671814913704625,137633684733.8346,1482324406.8968267
1742342400,2.4358937819105337,141666982426.27832,2036803299.3463094
1742428800,2.4467862393977193,142182563236.7044,3267297475.9622283
1742515200,2.4520786954901945,142530870243.74066,2336452138.4735017
1742601600,2.349686594688749,136740698537.37582,2854543228.9574385
1742688000,2.339530083958925,136083790198.2617,2422690506.5141454
1742774400,2.2038347130132383,128190870625.22104,3837465479.151629
1742860800,2.1388622985209467,124469293101.58473,3354267610.3426833
1742947200,2.135945706762188,124324478160.5522,2477465471.988889
1743033600,2.0905159571547878,121557920573.70189,3972610740.3424234
1743120000,2.140991043686336,124525644957.65971,3641319247.188034
1743206400,2.030360837075233,118295307955.43494,5271112203.164092
1743292800,2.0641704630367608,120421038483.8677,4928791386.955327
1743379200,2.1277037304012105,123967383174.98845,4939434201.608915
1743465600,2.148561695180789,124960176668.53568,1897079007.2541249
1743552000,1.9232068608073252,112137731756.69206,5107597670
1743638400,1.8972731944488423,111374044255.21884,11995374383.503767
1743724800,1.791941720267648,104372568049.6828,5812951206.534424
1743811200,2.0504426400353335,119481580828.56442,8269048094.879033
1743897600,1.969818839,114817594408.03955,3847540778.0903244
1743984000,2.0237864771088336,118009313254.15909,2990956512.0131035
1744070400,2.156688589695265,125823708133.3325,2972887951.415155
1744156800,2.118179146058531,123493869513.43184,3631412098.056245
1744243200,2.127444298086899,124110719906.46971,2865825696.824176
1744329600,2.087166740701441,121753153315.34601,2529137788.826132
1744416000,2.0835198434155506,121582974416.46419,2975625490.375688
1744502400,2.0677436115822867,120634755808.2574,2069087395.311297
1744588800,2.062691684044618,120498813069.50467,1528702114.8309712
1744675200,2.0855273823856817,121758359729.22354,1198082570.278999
1744761600,2.0747196454629124,121133082660.90799,1454273605.4356875
1744848000,2.0806696781556395,121475020267.02992,2357222892
1744934400,2.221159426695198,129738952495.80452,4117163104
1745020800,2.217823599038466,129639794259.17175,4996062046.359891
1745107200,2.206600349886956,128910293391.45277,4208930304.223753
1745193600,2.1852873809524738,127618810209.93896,3234722208.502314
1745280000,2.1932493737799863,128211658278.5239,2459783783.285445
1745366400,2.2566771719971905,131895374150.1833,3751692488.2109566
1745452800,2.2959679622378415,134250948391.53383,4072974943
1745539200,2.2399407863578777,130723771364.09366,2489793878.0180745
1745625600,2.1934727928877984,128224503927.07297,3252726421.623423
1745712000,2.2143085222346612,129560735707.48988,2155611895.0543213
1745798400,2.2089170454344824,129205378828.50716,1739910937.9821632
1745884800,2.188707355411367,128054986434.6052,1214767487.7877498
1745971200,2.1580623583353407,126191990501.91487,1372805879.5778592
1746057600,2.1371617409153263,125040025715.65521,2194829695.4970164
1746144000,2.1553467775958843,126104946148.98138,2048616981.3491316
1746230400,2.1289110212370352,124559831965.93013,3559099566.438218
1746316800,2.318857034757937,135698075505.87671,4731256282.308641
1746403200,2.342604187,137157723819.54608,6008731144.741504
1746489600,2.465515991652043,144193513526.4072,4343182682.254746
1746576000,2.3665185406774456,138618419781.15787,3957902320.317386
1746662400,2.5407166812994824,148849179940.72635,10787624520.70423
1746748800,2.5882656119238727,151577986548.9196,6137110174.707251
1746835200,2.552660064054796,149428679555.88635,4956660171.954109
1746921600,2.3780203600308965,139404660869.70312,5285627666.563696
1747008000,2.387491166631724,139986244266.36224,3668091279.885704
1747094400,2.352615765613394,137901408638.97586,2378581122.524433
1747180800,2.4178990437197814,141620424382.77466,2871045382.6763167
1747267200,2.3808727609208282,139572032487.0291,3326769717.093891
1747353600,2.356578233921423,138242427979.4986,2736702822.998838
1747440000,2.4028996266349396,141104708088.64645,3857208347.067667
1747526400,2.4284164339274192,142497452230.75037,3423292472.9337497
1747612800,2.2991928362328755,135209260273.52768,3803614983.5157166
1747699200,2.3319094660057416,136856085709.11539,1372961335.2188973
1747785600,2.3405861862412927,137358561276.94505,1905275005.1451297
1747872000,2.3082922649115565,135464456690.66678,1661784737.5361876
1747958400,2.3186677687774426,136063470027.7747,2048276738.5749948
1748044800,2.2746048552552507,133537852092.5528,2074053702.379202
1748131200,2.2505538163676135,132132467347.38953,2179459280.652964
1748217600,2.1423194738068942,125892164966.56429,3372833929.9944954
1748304000,2.177000081626197,127925904411.56554,2268132685.3159456
1748390400,2.1802830722675224,128150107940.42342,1521954083.381058
1748476800,2.2004265864927537,129301420887.84296,1856646284.2520795
1748563200,2.2486280245071963,132150735303.62874,2193921747.996483
1748649600,2.202322198067478,129408473711.78876,1714810311.215842
1748736000,2.0970164299223453,123342049733.6962,2893388349.562232
1748822400,2.163852346114403,127281615711.7592,1854390911.9791367
1748908800,2.1779065492597427,128119087930.23564,953843043.4304752
1748995200,2.2629632981656744,133080974653.21156,2297445951.3852534
1749081600,2.321075765224377,136535438437.44032,2774696976
1749168000,2.305016386019404,135601731484.23772,2612062557.9833493
1749254400,2.2701428874939213,133437196298.07864,2624047756.9494534
1749340800,2.195429839,129189732814.77596,2202653947.4050665
1749427200,2.148866270593598,126534557978.46504,3949716840.388356
1749513600,2.141891800480294,126263429802.95172,1687489656.576244
1749600000,2.166318490313782,127577707973.1105,1231293467.1767986
1749686400,2.255537416572947,133168717149.84471,4466552529.620607
1749772800,2.1632317759396993,127416681908.18704,3466660612.110638
1749859200,2.1686830671349613,127820962755.39302,2350823381.424604
1749945600,2.166239439916603,127674651295.66653,1450568729.9521883
1750032000,2.1201128146436803,124953533243.95668,2098115334.487172
1750118400,2.044379922195215,120411151497.55313,2305504805.382443
1750204800,2.013512764553698,118672394254.47311,4449887425
1750291200,2.1640075102022664,127539548337.53386,4004307867.6364536
1750377600,2.1890368617248566,129018976028.34126,3119419439.9970093
1750464000,2.1839169388853152,128924835580.36104,2234760744.378113
1750550400,2.105597069865388,124230689777.04051,2569634191.4677787
1750636800,2.140945561649059,126287954127.92236,2600100605.537264
1750723200,2.185743305637095,128959095356.2813,1909072124.1732078
1750809600,2.2080779439640237,130291214168.36028,1320178860.3618104
1750896000,2.2397868943055363,132156902495.55835,3688723731.503887
1750982400,2.171453605552325,128126705578.13293,2782662990.9534025
1751068800,2.234339504341481,131977600025.21939,3660413082.1301646
1751155200,2.2565985381225446,133259962343.86203,3456952710.4009995
1751241600,2.220660517934634,131144534229.89864,1759263909.260319
1751328000,2.2177115630108464,130972769052.7035,898181111.5827129
1751414400,2.2711234551626793,134151998248.59271,2334073292.9256063
1751500800,2.275084085302051,134350852686.02478,3876739211.500435
1751587200,2.3106154308712163,136497008281.73683,2680689161.887867
1751673600,2.405267395272407,142094073894.76715,4432186610.184976
1751760000,2.5456780481070833,150138989600.80466,5263609598.373313
1751846400,2.735777793849028,161862097553.51227,14004307576.909258
1751932800,2.7403085663356155,161796742917.52557,7635333692.640345
1752019200,2.836943449825265,167709014396.6901,6320439963
1752105600,2.954285567242737,174691801800.57703,10642114059.840887
1752192000,2.917723690315136,172608862751.97787,7556524928.072073
1752278400,3.0408154279719146,179784902655.3871,7793207547
1752364800,3.494535310837583,206790617970.8479,19394273607.04806
1752451200,3.417044710420229,202056421574.12247,16031012566.653502
1752537600,3.430911578,203036588057.2096,5783505866.425777
1752624000,3.455651421168503,204531521314.64954,7847665162.660737
1752710400,3.55629271,210472490159.30972,8362003947.111928
1752796800,3.5512409390828505,210230480631.16995,7908195546
1752883200,3.1784172529582473,188186759786.34775,13257602437.964903
1752969600,3.1443151661109243,185920871104.63107,10402261389.142485
1753056000,3.1383147630505817,185810977838.7848,7590707148
1753142400,3.167241692335099,187641581965.9033,3792391471.850104
1753228800,3.232752992185551,191396539707.53333,4272843726.2721925
1753315200,3.1234939366799126,184768043390.20883,7076691375.932294
1753401600,3.1280707477497427,185283974088.98334,5629285480.992563
1753488000,3.0996192442543777,183489681384.74945,6061881858.858245
1753574400,3.0232512791444304,179326407753.82678,5274343598.404958
1753660800,2.9619031982658726,175651026151.1029,9588289635.150093
1753747200,2.769267387192411,164294692749.69305,6626410931.129626
1753833600,2.9486352217251337,174843464841.0272,4775415471.329626
1753920000,3.0727905982283095,182226168416.1388,5293305246.052242
1754006400,2.9649981287242557,175947744749.02496,4965545788.579667
1754092800,2.992045726720115,177454281208.94727,4082166604.029814
1754179200,3.3154332521736825,196586563136.16388,7757095979.615032
1754265600,3.288160253111489,195118577955.89972,8889928900.443523
1754352000,3.229511537620619,191448306716.0005,4765475379.036455
1754438400,3.1838901988281205,188762634633.81073,4658567865.909019
1754524800,3.1394273590070134,186208442509.3679,7508618703.880955
1754611200,3.267472365,193890996169.89874,8587094638.178333
1754697600,3.2866811377117644,194924756464.55508,8018820706.857553
1754784000,3.0872106726905346,183080844696.39935,11518598907.612103
1754870400,3.0773729481839958,182823893074.88736,6586597945.239845
1754956800,3.106969288649059,184537083059.24762,4207383821.7064447
1755043200,3.0953855433967075,183971298108.38446,3486012703.1641827
1755129600,3.060621197547626,181729332172.2824,7891993830.459589
1755216000,2.8587366392387112,170168406125.4961,6736297698.175642
1755302400,2.952309340790555,175556019984.77844,6872631153.732158
1755388800,2.8498230079250755,169235531134.4738,4464611989.418837
1755475200,3.0732747821154365,182799236672.46982,9726315601.629562
1755561600,3.0458254666203546,181178670544.90762,4525709190.859716
1755648000,3.027868085,180309158636.47443,6158205320.189804
1755734400,2.862667277824852,170267483807.62628,6677411739.169651
1755820800,3.011834539503525,179142732347.83713,6168659352.468927
1755907200,2.9671217194399038,176555745920.97995,6346605091.344013
1755993600,2.9671844322262273,176531083059.73718,5916089545.532232
1756080000,2.823231531748928,167986912659.00635,7414077139.444236
1756166400,2.8166293700860887,167506975112.97137,3135065485.865118
1756252800,2.776712609891609,165199510162.63672,3175920948.223113
1756339200,2.752094842681695,163668082549.3002,8149612555
1756425600,2.861352340590463,170017343347.65512,7818514399.960052
1756512000,2.8440111306765328,169148418099.79056,4282592690
1756598400,2.797620314598713,166553893839.9241,4435280469.053911
1756684800,2.8160947139230124,167868172838.93118,6440056634.093668
1756771200,2.8106516044524614,167555913519.96588,1710108502.3145711
1756857600,2.881098102223723,171783435959.93152,3758634219.2118864
1756944000,2.9693752178894965,176863943138.69135,5571309023.778589
1757030400,2.947113166,175645238418.85535,5779762469.172943
1757116800,2.9831115371091697,177831215415.68866,4348729235.861674
1757203200,3.042189592870322,181478948408.56073,5399056673.396303
1757289600,3.1075619727179338,185122997953.71664,6431002504.182876
1757376000,3.1226735093963653,186140756995.41547,4890402318.793293
1757462400,3.0312637323512215,180683294841.68112,4717722674.640647
1757548800,2.9940861270543375,178831483523.20224,5703362169.728064
1757635200,3.0381334165695297,181512759461.20248,4418021933.675096
1757721600,3.083983468328553,184265198058.23386,5960257002.7788515
1757808000,3.0778034182571985,183975908931.03992,6283622329.630611
1757894400,2.9911678094786853,178756914408.9819,4614169289
1757980800,2.9767316725840836,177890344746.8318,2852138270.2347507
1758067200,2.9733496913212485,177826889948.96225,2935908283.6015553
1758153600,2.851139194678168,170400585443.59097,9546312187.865196
1758240000,2.8290556379505225,169113142027.29474,5177734080.177338
1758326400,2.9285889681239876,175079571412.7056,6006921588.575711
1758412800,2.7391226387021668,163792649388.02155,8829708798.423235
1758499200,2.786266516,166695488560.7967,7841983939.971406
1758585600,2.8077761197607156,168030941532.4935,2726728376.6703687
1758672000,2.864956739306865,171433471696.45447,3125937768.2534404
1758758400,2.8820677870561946,172468504580.63516,4981231689.068481
1758844800,2.844933401817261,170189095368.76358,4802588407.507577
1758931200,2.944797512,176324742080.3806,6110060192.870197
1759017600,3.0371524340279654,181705214116.74432,6959329544
1759104000,3.0413663901904453,182195760385.72156,6731126091.339507
1759190400,2.9697246277119143,177802651636.65665,3974053735.7335005
1759276800,2.970720012302302,177860837843.72095,5225328731.739178
1759363200,2.991602626695257,179189076600.90665,6276385267.7441635
1759449600,2.857057632365177,171064100928.10922,6973553770.362803
1759536000,2.8805684212620997,172611406399.91275,4524504225.602123
1759622400,2.8050759101908103,167947986078.64722,5321345627
1759708800,2.3838350726730484,142892067212.53018,14527451740.654482
1759795200,2.3859045362580757,142954842575.22836,10663249600.83191
1759881600,2.5312630934147733,151364418493.13968,9631722980.003696
1759968000,2.604989516,156133172903.8652,8245602245.568772
1760054400,2.5061812994119887,150211264226.71503,7790438551.147718
1760140800,2.4107851679488945,144461490595.82288,5113981094.090992
1760227200,2.3252186675017006,139315952355.05777,6480091801.452607
1760313600,2.2957327819062083,137766791771.10846,7138067279.422384
1760400000,2.3596315316088416,141516215270.95477,2539623709.4048047
1760486400,2.389625527633369,143296898584.39374,2947463809.1071744
1760572800,2.490117031449711,149320563020.78088,4217817684.335096
1760659200,2.4235930180546776,145324368852.07394,4700479126.340988
1760745600,2.3631248548137456,141709247798.4505,4117803198
1760832000,2.3942046738111324,143681621080.8351,2805206365.048355
1760918400,2.504825180033832,150337039547.91202,3957219500.7677765
1761004800,2.593725390920985,155824923528.57858,3476558122.062582
1761091200,2.645881508384711,158916439662.16824,3352897036.201619
1761177600,2.6352743169545323,158223409570.23694,4581419643.337282
1761264000,2.607884184498703,156523824436.52097,5077371785.758396
1761350400,2.5521455809931615,153190098651.65286,4668881978.998613
1761436800,2.4373365011802233,146186020714.36652,5582711994.939218
1761523200,2.5081131316915473,150800414241.36542,4396874744.250804
1761609600,2.504613534721328,150534562819.6467,1724358349.2869337
1761696000,2.527623366103904,151787404806.75775,2165286881.620203
1761782400,2.3075208080429306,138661849487.4611,5863736751.851877
1761868800,2.2139228610122434,133053897681.95323,9099211476.071411
1761955200,2.3468300424460398,141129798148.7578,6437838342.036748
1762041600,2.2091841302505792,132782422867.40593,5338941722.061663
1762128000,2.315839328722371,139260973653.4914,5583858447.572006
1762214400,2.2848817063829197,137331703405.30908,2951176618.7135286
1762300800,2.366057070769261,142067317205.8971,2983765683.3379188
1762387200,2.5281078242198647,151974237122.3631,5957396504.577135
1762473600,2.390172266260892,143727663286.9794,4127451459.3106093
1762560000,2.3832389457846697,143186972759.59644,4420961765.056469
1762646400,2.331388577331738,140562989006.31635,7201868744.560643
1762732800,2.2488473348561304,135721912859.52069,6710968069.827529
1762819200,2.235455773730874,134518071270.12082,2804052321.7763157
1762905600,2.218219988506596,133486160752.61365,4122565537.6581736
1762992000,2.160590388035999,129949048741.95013,5961092428.323819
1763078400,2.2139034771189343,133117730031.55574,5619054259.061808
1763164800,2.1066834909527383,126853721222.81535,6046696552.094389
1763251200,2.0000407183731164,120853150852.96416,6586717744.018607
1763337600,1.950091461265794,117518467990.35646,8745429497
1763424000,1.9508235490170465,117596582268.50671,2948690879.784788
1763510400,2.0449210167731326,123296237500.01303,4002055288.7035675
1763596800,2.2241484224164743,134156981164.09805,6557948088.8720255
1763683200,2.1989437346568153,132509142343.04514,4893770222.936652
1763769600,2.224254821804325,134157655674.29039,3864980774.471227
1763856000,2.201122232723185,132789858572.43163,2726085217.202768
1763942400,2.180631384763347,131563297865.29353,4166261166.887878
1764028800,2.2028096835323647,132904309840.30942,2086873493.9106789
1764115200,2.1652461437750383,130773769054.38704,1875297052.0970683
1764201600,2.0310598795228767,122590637081.77548,5252157088.012026
1764288000,2.1570887957334866,130265478729.2633,4354900493.8598795
1764374400,2.203321627854195,132937642111.7655,3877677225.490404
1764460800,2.0971829811461946,126486491841.91081,3381495523.1338873
1764547200,2.0358303092663843,122781280853.37723,3202740426.102295
1764633600,2.0326777775330633,122577456923.27518,1741973347.7825954
1764720000,2.039660348972326,123040998729.40932,2814174580
1764806400,2.073039044939783,125066913714.14474,2946868587.6762276
1764892800,2.1094322825594976,127322196940.53752,3532804844.2841587
1764979200,2.0443398468981213,123493871175.6185,3816532715.773637
1765065600,2.036028301991718,122945482685.17928,3619433671.922628
1765152000,2.009806618706698,121271367985.15312,2573443943.1024375
1765238400,2.0236207828673027,122081658806.46567,1638329045.9617126
1765324800,1.9808608019799367,119696831895.82625,1662227235.9201374
1765411200,1.8967832092786066,114709077203.17761,3359008503.2404523
1765497600,1.92957963,116635881218.18115,3005631457.533856
1765584000,1.8617053529191656,112627063671.41014,3390182058.284411
1765670400,1.8076154274178682,109302270096.60616,3612274082.3282104
1765756800,1.9061295130778346,115440151450.5477,3828265033.4697814
1765843200,1.9319648860420446,117001210129.14806,1932779389.3783448
1765929600,1.9229550458561633,116507654772.39102,2382840270.575519
1766016000,1.9022227646374048,115209591340.63138,2651446686.9901094
1766102400,1.8732711631167218,113540049924.98172,2189849525.070096
1766188800,1.8619926573243448,112759823021.59952,1861506176.4159274
1766275200,1.8316249623782512,110961112657.54439,1493330838.0513897
1766361600,1.8429652913700634,111590253884.79008,2209256420.990584
1766448000,1.8733931841347928,113432868120.26703,1072203696.9962319
1766534400,1.8645585666057287,112943419117.96327,1051639406.5507206
1766620800,1.8475397987365316,111915660113.13713,2154437316.704437
1766707200,1.875100431832473,113760103518.08258,1770784550.6482005
1766793600,1.839340516228945,111584107850.57034,1986683249.2510095
1766880000,1.876580133618003,113862299868.79008,1320741185.2758563
1766966400,2.0067430670680815,121857970095.58598,3943913978.3811316
1767052800,2.0175062731579767,122417798650.40025,2137653321.6922295
1767139200,2.090232038436175,126829332926.84306,3491447473.346127
1767225600,2.357096532639873,143217645894.35986,6981059724.119276
1767312000,2.306181895074802,139893355179.23517,7718903451.343482
1767398400,2.1647432080023226,131342647579.56671,3933188250.085719
1767484800,2.1251717689023337,128890902402.58136,5270459509.983097
1767571200,2.0927673320195863,127046182295.17743,3580881033.552049
1767657600,2.088652195195928,126788332730.89705,1185425135.648107
1767744000,2.0697438242842803,125631699720.31146,1698438506.3349962
1767830400,2.0521552957803872,124566610364.54211,3538073080.2306595
1767916800,2.1573149435015675,130871637991.65312,4469146045.532499
1768003200,2.139155616612297,129865391288.69981,4627908270.133213
1768089600,2.077452437224596,126091557245.72693,3301259184.691072
1768176000,2.068150596847967,125743867931.1332,2273798787.6626887
1768262400,2.0617458056300615,125335465140.71304,1404494407.9135468
1768348800,1.9952673135379637,121358650247.96336,1781139047.8049212
1768435200,1.9884649839518649,120903244308.55229,4484499454.551772
1768521600,1.8875376220238804,114737701418.28467,3560105108.4704037
1768608000,1.9437698220745168,118174939473.1962,4373543601.388078
1768694400,1.9204225104332826,116745867275.0725,2482726665.808774
1768780800,1.9194180431938297,116806714475.3337,2457868832.677946
1768867200,1.9133958344258726,116446105795.45094,968018842.4258535
1768953600,1.8327098897122869,111546255615.77956,2684312944.636563
1769040000,1.9041128051204959,115887503699.2417,3018423074.1581607
1769126400,1.9156777360466681,116574716597.83336,2185133793.3887277
1769212800,1.9072302990012404,116052628994.01955,2284142099.392457
1769299200,1.8050831186611875,109849188044.60716,4578118341.550557
1769385600,1.7327720854202893,105432128839.02545,4982772913.271413
1769472000,1.6436658882901531,99939565671,6100029928.638935
1769558400,1.5944442621009838,97028843949.16516,4426810243.522153
1769644800,1.6206030260795774,98619699555.84525,4890476934.988525
1769731200,1.5725414380096223,95712683975.12364,3968540367.482821
1769817600,1.5170558553904752,92410244673.49962,4489356873.050525
1769904000,1.2161107578407648,74627934932.95325,12032460868.66745
1769990400,1.4690800575209597,89768174962,11254054037.410126
1770076800,1.4252152762524186,86823610818.37268,5106195923.952623
1770163200,1.4349694710334944,87440675893,2648330090.8088403
1770249600,1.4388979885580568,87665589709.96698,4073940624.5347195
1770336000,1.3997611232740155,85271701641.28693,2324945353.6559896
1770422400,1.3675262189821478,83298868779.79366,3267070270
1770508800,1.3613529875277222,82929969245.25221,2433891203.566312
1770595200,1.4061247435646491,85650029662,2463087587.718372
1770681600,1.5088776181920487,91976917572.85744,2484156385.1423483
1770768000,1.4735483047448346,89761800847.37251,5459731415
1770854400,1.4879010843885696,90610720943.03679,2965693648.4731107
1770940800,1.474786700621986,89834881630.14792,2267375192.2888126
1771027200,1.419520653358989,86399241397.57886,2113377621.8072953
1771113600,1.4067574969758219,85850017343,2332530531.095171
1771200000,1.4287023447803144,87127134985.29282,2681151957.2500496
1771286400,1.432313132610905,87411395033.64127,1396583496.313539
1771372800,1.3904201045692706,84804267353.87541,1531030572.2430108
1771459200,1.3519972818018684,82526476193.37524,3468618376.423911
1771545600,1.3492712150693866,82332540593.89131,2746681234.937062
1771632000,1.4311778592275557,87170656589.21913,4839052372.244184
1771718400,1.4022343325428501,85538873929.22694,3252541993.376597
1771804800,1.3556513092141123,82808396104.64316,3165932989.5660076
1771891200,1.3793327963811741,84262604898.69641,3931422570.7456903
1771977600,1.3508353496044245,82518608292.31767,3267559226.436247
1772064000,1.3932878761648186,85165748421.79579,3240402573.5866785
1772150400,1.361031075,83177383072.09982,2736394718.367275
1772236800,1.4304937640772049,87391300642.45819,4321077863.174976
1772323200,1.4033263588998717,85837269777.23315,2611958630.379754
1772409600,1.3637239392731317,83497860867.32414,2304975519.6121907
1772496000,1.3564715576357889,83045360925.16869,1042569286.7491976
1772582400,1.3422132871181114,82191986490.96655,1770535715.7507033
1772668800,1.3620867880412773,83420913725.49211,2706872342.1086836
1772755200,1.3859389773180206,84868343013.62126,3336499530.7341127
1772841600,1.3852855424426591,84824110149,2328024070.527004
1772928000,1.3856854223967114,84850665655.61424,1901864324.6307883
1773014400,1.3984883653785558,85618459862,3377254710.7986135
1773100800,1.4060409016406614,86036778580.07281,1211608279.280466
1773187200,1.4471445690623825,88605526347.89265,1990572080.7015047
1773273600,1.544548518991867,94585455614.46468,4188142909.627089
1773360000,1.518809913744032,92990449113.53355,4451986671.333548
1773446400,1.4635648455182177,89592778375.17401,2914165815.4583664
1773532800,1.446907508513138,88659694188.07056,2614487500.7637186
1773619200,1.4455066711696298,88646559782.86374,1850800037.9701636
1773705600,1.4126521263383205,86940224871.74287,1181985491.4199317
1773792000,1.3856763547929614,85003739202.53421,1917059983.475361
1773878400,1.4312128220885731,87747652207.63853,3597476600
1773964800,1.4149642928635169,86814706503.00735,2134212729.4908762
1774051200,1.4133478378773114,86689929456.57607,1907967929.5448515
1774137600,1.3599141754843338,83382836627.83237,2543069231.3828793
1774224000,1.3241937088535796,81208204456.41394,2474305616.775446
1774310400,1.332280277660629,81728179076.75484,1218522172.0424392
1774396800,1.3269176580896753,81399211411,1350497126.623672
1774483200,1.3222432322146085,81124053187.77298,1857994740.4050136
1774569600,1.3396108818298649,82220833777.49088,2010449383.345137
1774656000,1.3481928710117392,82786500101.54463,1907712869.5860956
1774742400,1.319127673601835,80994024817.14325,2547686158.6710787
1774828800,1.3177591466741263,80932878683.90056,1366929242.3922527
1774915200,1.314946138144583,80718975209.79355,922295626.8
1775001600,1.3246057207688182,81339347299.81769,1493537853.3997192
1775088000,1.3208458204759403,81119881405.69434,2022856059.1621466
1775174400,1.3795235137228608,84708522166,2344351092.249236
1775260800,1.3427145062635897,82449126175.14423,2578622137.447636
1775347200,1.3440328831163328,82532083756,2507108882.2227283
1775433600,1.3560947005357682,83304017566.26328,2110555826.2342126
1775520000,1.3553281609092545,83225262811,1568086741.3886056
1775606400,1.3249812807309078,81375805431.99823,1736307268.9235272
1775692800,1.3762741402442993,84515744397.96951,2573453681.7247047
1775779200,1.3621563908811436,83643937463.76628,2585999128.315747
1775865600,1.3919181738522768,85681242844,2861264883.7402062
1775952000,1.4528848734657374,89462359830.41489,4183501949.328422
1776038400,1.4771874378286678,90950429911,4002171975.666686
1776124800,1.4326893859997356,88214730680,2437010881.2967176
1776211200,1.3937945514866021,85830727383.02965,2768855260.3594017
1776297600,1.4249119694426158,87727877251,2836204417.1398997
1776384000,1.4307937655454137,88113321432.13998,2488644972.902711
1776470400,1.4295005907066773,88062433372.33125,2444292397.038348
1776556800,1.4392580892583027,88635500208.82472,2516648533.725339
1776643200,1.4336579400826786,88435453017.76625,2084158113.1575637
