snapped_at,price,market_cap,total_volume
1367107200,135.3,1500517590,0
1367193600,141.96,1575032004,0
1367280000,135.3,1501657493,0
1367366400,117,1298951550,0
1367452800,103.43,1148667722,0
1367539200,91.01,1011066494,0
1367625600,111.25,1236351844,0
1367712000,116.79,1298377788,0
1367798400,118.33,1315992304,0
1367884800,106.4,1183766500,0
1367971200,112.64,1253655040,0
1368057600,113,1258130700,0
1368144000,118.78,1322989457,0
1368230400,113.01,1259239352,0
1368316800,114.713,1278708679,0
1368403200,117.18,1306721052,0
1368489600,114.5,1277278988,0
1368576000,114.156,1273849681,0
1368662400,115.5,1289277412,0
1368748800,123.1,1374605382,0
1368835200,123.88,1383755085,0
1368921600,120.501,1346499262,0
1369008000,122.58,1370131821,0
1369094400,122.9,1374154118,0
1369180800,123,1375791900,0
1369267200,125.748,1407041528,0
1369353600,131.7,1474180657,0
1369440000,130.77,1464316690,0
1369526400,134.6,1507769010,0
1369612800,128.985,1445444606,0
1369699200,129.179,1448115967,0
1369785600,132.13,1481781795,0
1369872000,127.401,1429308634,0
1369958400,127.98,1436386730,0
1370044800,129.09,1449499974,0
1370131200,121.3,1362684200,0
1370217600,121.16,1361765704,0
1370304000,121.309,1364113640,0
1370390400,121.714,1369233814,0
1370476800,119,1339234925,0
1370563200,110.09,1239395972,0
1370649600,108.401,1220874393,0
1370736000,99.7497,1123844958,0
1370822400,105.99,1194605341,0
1370908800,108.9,1227904672,0
1370995200,108.4,1222819750,0
1371081600,102.769,1159766150,0
1371168000,98.399,1110902570,0
1371254400,99.99,1129287060,0
1371340800,100.42,1134610433,0
1371427200,102,1152834600,0
1371513600,106.55,1204638318,0
1371600000,107.9,1220273470,0
1371686400,110.91,1254733148,0
1371772800,109.015,1233750009,0
1371859200,107.25,1214260369,0
1371945600,108,1223181000,0
1372032000,102.443,1160635652,0
1372118400,103.691,1175194910,0
1372204800,103.39,1172207388,0
1372291200,99.66,1130338737,0
1372377600,93.3311,1058953327,0
1372464000,95.3886,1082693996,0
1372550400,97.504,1107084792,0
1372636800,89.489,1016445146,0
1372723200,90.797,1031653673,0
1372809600,78.8,895707780,0
1372896000,78.48,892405890,0
1372982400,67.809,771368060,0
1373068800,68.0831,774804401,0
1373155200,77.502,882356395,0
1373241600,76.3915,870081997,0
1373328000,77,877378425,0
1373414400,85.75,977479256,0
1373500800,93.804,1069724400,0
1373587200,88.0622,1004551934,0
1373673600,95.58,1090715949,0
1373760000,94,1073073450,0
1373846400,97.301,1111179853,0
1373932800,98.9796,1130735527,0
1374019200,97.8,1117707300,0
1374105600,88.7869,1015062893,0
1374192000,91.572,1047311253,0
1374278400,89.28,1021492656,0
1374364800,90.3672,1034399451,0
1374451200,91.7024,1050054379,0
1374537600,94.5806,1083333286,0
1374624000,94.525,1083076902,0
1374710400,96.9499,1111232483,0
1374796800,94.13,1079278107,0
1374883200,94.005,1078286703,0
1374969600,98.5759,1131111629,0
1375056000,101.5,1165105812,0
1375142400,110.34,1267183179,0
1375228800,106.23,1220481782,0
1375315200,101.61,1167849454,0
1375401600,103.7,1192378895,0
1375488000,104.86,1206152150,0
1375574400,106.56,1226188584,0
1375660800,105.841,1218425716,0
1375747200,106.75,1229098150,0
1375833600,101.672,1171586790,0
1375920000,103.4,1192028805,0
1376006400,102.71,1184605785,0
1376092800,103.77,1197378682,0
1376179200,105.18,1214268916,0
1376265600,106.068,1225008501,0
1376352000,111.621,1289602061,0
1376438400,111.87,1292943118,0
1376524800,109.867,1270257534,0
1376611200,112.74,1304015666,0
1376697600,114.4,1323762440,0
1376784000,118.782,1375023402,0
1376870400,120.5,1395441212,0
1376956800,121.51,1407757143,0
1377043200,122.499,1419858347,0
1377129600,120,1391517000,0
1377216000,120.44,1397179275,0
1377302400,122,1415749000,0
1377388800,122.04,1416676932,0
1377475200,125.67,1459371151,0
1377561600,123.02,1429111038,0
1377648000,123.44,1434594992,0
1377734400,129.2,1502172870,0
1377820800,137.76,1602407100,0
1377907200,138.17,1607960283,0
1377993600,137.17,1597132036,0
1378080000,137.51,1601702729,0
1378166400,135.21,1575534525,0
1378252800,129.96,1514888487,0
1378339200,126.13,1470861842,0
1378425600,123.73,1443353756,0
1378512000,121.77,1420952396,0
1378598400,126.4,1475596760,0
1378684800,127.78,1492304286,0
1378771200,131.65,1538132775,0
1378857600,134.22,1568874092,0
1378944000,135.05,1579271324,0
1379030400,131.39,1537187451,0
1379116800,129.95,1520967287,0
1379203200,131.48,1539430293,0
1379289600,131.31,1538014334,0
1379376000,132.06,1547280990,0
1379462400,130.23,1526484433,0
1379548800,128.57,1507618248,0
1379635200,126.78,1487211807,0
1379721600,128.37,1506534274,0
1379808000,126.73,1487984454,0
1379894400,126.09,1481135098,0
1379980800,127.99,1504122481,0
1380067200,128.02,1505025524,0
1380153600,131.84,1550524096,0
1380240000,133.93,1575663012,0
1380326400,140.28,1650965841,0
1380412800,131.65,1549941780,0
1380499200,132.55,1561200410,0
1380585600,132.04,1555751397,0
1380672000,123.07,1450746083,0
1380758400,128.26,1512486811,0
1380844800,129.57,1528611793,0
1380931200,127.56,1505549223,0
1381017600,128.38,1515724889,0
1381104000,125.72,1484816060,0
1381190400,130.9,1546580228,0
1381276800,129.68,1532820842,0
1381363200,130.27,1540367845,0
1381449600,135.35,1601082220,0
1381536000,135.48,1603402413,0
1381622400,140.48,1663458800,0
1381708800,143.89,1704751164,0
1381795200,143.61,1702245233,0
1381881600,146.15,1732995548,0
1381968000,151.34,1795176162,0
1382054400,170.51,2023531688,0
1382140800,172.01,2042261829,0
1382227200,181.41,2154778910,0
1382313600,193.45,2298993654,0
1382400000,206.78,2458505640,0
1382486400,198.8,2364666360,0
1382572800,172.48,2052637048,0
1382659200,178.96,2130644072,0
1382745600,189.83,2260913266,0
1382832000,198.55,2365643830,0
1382918400,204.39,2436022215,0
1383004800,204.2,2434768490,0
1383091200,203.88,2432069229,0
1383177600,205.26,2449516394,0
1383264000,206.89,2470106260,0
1383350400,212.45,2537555912,0
1383436800,226.28,2703825377,0
1383523200,230.63,2756789579,0
1383609600,260.85,3119094311,0
1383696000,295.63,3536067384,0
1383782400,332.02,3972444990,0
1383868800,358,4284552950,0
1383955200,313,3747322075,0
1384041600,340.55,4078792891,0
1384128000,355.48,4259334699,0
1384214400,404.17,4844512975,0
1384300800,408.84,4902328893,0
1384387200,424.16,5087746180,0
1384473600,437.41,5248843453,0
1384560000,488.36,5862542038,0
1384646400,580.87,6975450004,0
1384732800,614.4,7380464640,0
1384819200,565.34,6793450510,0
1384905600,675.06,8114440594,0
1384992000,731.15,8790506777,0
1385078400,819.31,9853534129,0
1385164800,764.43,9196532447,0
1385251200,793.07,9544775891,0
1385337600,832.93,10028164851,0
1385424000,914.13,11009416068,0
1385510400,979.08,11795833455,0
1385596800,1101.83,13280659993,0
1385683200,1127.45,13593664650,0
1385769600,1033.39,12464724345,0
1385856000,974.03,11753157346,0
1385942400,1078.64,13020236474,0
1386028800,1121.48,13542487814,0
1386115200,989.04,11947405392,0
1386201600,1019.66,12322234219,0
1386288000,811.98,9816777302,0
1386374400,743.11,8987358118,0
1386460800,897.89,10863885372,0
1386547200,927.78,11230173843,0
1386633600,887.08,10741252534,0
1386720000,878.17,10636987805,0
1386806400,897.27,10872198158,0
1386892800,866.99,10509219285,0
1386979200,854.62,10363485334,0
1387065600,789.15,9573257565,0
1387152000,691.65,8393847109,0
1387238400,559.36,6791343584,0
1387324800,677.84,8233502182,0
1387411200,694.25,8436421862,0
1387497600,596.12,7246404914,0
1387584000,650.27,7907201916,0
1387670400,645.75,7854951431,0
1387756800,659.94,8030446893,0
1387843200,668.74,8140337961,0
1387929600,734.59,8944973877,0
1388016000,734.27,8944473292,62881800
1388102400,738.81,9002769255,28121600
1388188800,726.47,8855251580,27018300
1388275200,760.52,9270681761,24717100
1388361600,755.16,9205343763,21903500
1388448000,767.74,9358693020,23448600
1388534400,772.53,9417082760,16837800
1388620800,825.47,10062417390,54171500
1388707200,849.14,10350952914,36344700
1388793600,919.41,11207538944,62414600
1388880000,936.38,11414401972,88584600
1388966400,826.5,10107681750,80268100
1389052800,838.32,10256342208,78060300
1389139200,853.29,10443906952,58813600
1389225600,863.3,10570439442,29763600
1389312000,905.72,11094594497,48299500
1389398400,867.45,10630187711,40171100
1389484800,840.96,10309307616,42950500
1389571200,838.05,10276902394,23469400
1389657600,860.44,10555404678,28600400
1389744000,837.98,10283900055,18719700
1389830400,812.9,9979241690,39266000
1389916800,840,10315662000,18052700
1390003200,838.17,10293335273,17574100
1390089600,869.15,10677333920,25421600
1390176000,869.57,10686776168,26779700
1390262400,865.03,10635024832,17879900
1390348800,846.97,10417265166,18412100
1390435200,808.32,9945387408,20176000
1390521600,804.39,9900713656,31742800
1390608000,853.51,10508799200,22676800
1390694400,891.86,10984370725,32539200
1390780800,777,9573533550,61878700
1390867200,816.85,10067676250,33409200
1390953600,817.17,10074827642,16261700
1391040000,817.93,10087796517,31107400
1391126400,832.52,10271715012,14722200
1391212800,836.41,10323662258,19347600
1391299200,813.38,10043290888,12759200
1391385600,832.36,10281144248,14823400
1391472000,830.92,10267242207,15706200
1391558400,805.08,9951171213,47441900
1391644800,721.32,8918941470,65733100
1391731200,701.61,8678266711,86940400
1391817600,672.07,8315656524,34864400
1391904000,689.65,8535556672,38527400
1391990400,697.76,8638931672,121884000
1392076800,655.26,8115968452,65970400
1392163200,651.91,8077474557,19109100
1392249600,623.57,7729134561,90917600
1392336000,644.1,7986582360,57350800
1392422400,613.85,7614456286,24104900
1392508800,645.14,8005429360,48516100
1392595200,625.01,7758139753,22066400
1392681600,620.99,7711283048,13276100
1392768000,593.89,7377405511,35743400
1392854400,582.75,7241455462,56059000
1392940800,571.06,7098404288,21675800
1393027200,622.97,7746491782,44590700
1393113600,572.39,7120130927,47229500
1393200000,489.31,6088839080,111102000
1393286400,567.25,7061198906,75039300
1393372800,586.28,7300959497,38219000
1393459200,567.2,7065922360,24649000
1393545600,560.11,6979712746,22903800
1393632000,561.35,6997269851,11143900
1393718400,585.79,7304054418,33049800
1393804800,675,8418886875,86124600
1393891200,658.24,8212712376,26946700
1393977600,654.55,8169324004,16659800
1394064000,617.62,7711032022,29823000
1394150400,610.37,7623170337,21353000
1394236800,636.17,7947989895,15489000
1394323200,621.17,7763134192,16425700
1394409600,624.23,7803983008,12542300
1394496000,638.07,7979719372,20806300
1394582400,639.03,7994472985,12866600
1394668800,629.67,7879611671,11939800
1394755200,638.07,7987471922,5963930
1394841600,629.55,7883319532,4834240
1394928000,623.705,7812934238,13371500
1395014400,612.622,7676276184,23217800
1395100800,610.636,7653772688,15227500
1395187200,592.07,7423640092,20048500
1395273600,582.303,7303695511,38053400
1395360000,561.22,7041711523,17983700
1395446400,567.779,7127031703,10283000
1395532800,571.418,7175538679,17185800
1395619200,582.55,7317439677,18634700
1395705600,584.442,7343002343,17583200
1395792000,567.64,7133333206,22316700
1395878400,503.661,6331497248,79571600
1395964800,502.302,6317113200,26810900
1396051200,469.938,5912148997,17867800
1396137600,457.399,5756309240,56838500
1396224000,478.7163,6023351178,35685800
1396310400,437.515,5506313797,49647600
1396396800,447.0822,5604036051,40765500
1396483200,448.8792,5641613449,22925500
1396569600,464.8259,5824866676,13404500
1396656000,460.7028,5808861023,10241400
1396742400,457.792,5775641210,9802770
1396828800,450.4638,5718579640,10921600
1396915200,440.1983,5589580215,13204400
1397001600,360.8407,4611917257,55868300
1397088000,420.0563,5318033925,62562800
1397174400,420.66,5321874506,19226500
1397260800,414.9495,5234667259,22493500
1397347200,457.6338,5802302128,50730200
1397433600,520.1233,6522974948,49561000
1397520000,529.1625,6674473792,56480100
1397606400,494.4,6278792387,34025500
1397692800,478.2312,6074116360,19042400
1397779200,501.5515,6353700029,19588200
1397865600,497.3177,6312896984,12103100
1397952000,492.6733,6284666435,15171400
1398038400,484.8533,6187034895,9770190.335
1398124800,487.525,6231920621,8412033.043
1398211200,494.2733,6350012525,9512215.004
1398297600,458.8067,5857079867,44062361.81
1398384000,453.8,5822776642,11997979.87
1398470400,437.9216,5542720307,9760121.835
1398556800,436.92,5593864954,20781687.98
1398643200,443.27,5683724524,15011935.55
1398729600,444.9968,5690810165,13054745.68
1398816000,455.0913,5821425472,11953625.13
1398902400,443.4734,5716625927,8165770.148
1398988800,434.0333,5570422954,9446958.636
1399075200,433.9432,5554777406,5229830.631
1399161600,429.0761,5518951942,8567756.392
1399248000,426.7634,5463474513,10822749.12
1399334400,439.3,5590798951,16360711.04
1399420800,437.3633,5609810850,8491458.546
1399507200,447.4933,5730133343,8820053.293
1399593600,452.505,5795543101,5529665.187
1399680000,436.2833,5598956479,11522907.03
1399766400,439.19,5633629021,5903393.674
1399852800,437.305,5625308533,5619474.109
1399939200,444.2467,5669111766,6764834.291
1400025600,444.25,5712906334,6219944.385
1400112000,445.165,5725217915,5292980.731
1400198400,445.8533,5737967927,2642092.213
1400284800,444.2133,5706165793,7828552.782
1400371200,443.87,5706978471,11697296.02
1400457600,483.4167,6214911439,59415447.48
1400544000,488.7717,6294422409,20125942.25
1400630400,522.6083,6716604600,28758404.01
1400716800,524.475,6662964359,30253343.7
1400803200,523.1083,6727963028,10236386.68
1400889600,569.3767,7325371780,43762384.56
1400976000,579.6217,7479335238,26174591.72
1401062400,569.475,7325147499,33059214.24
1401148800,571.5533,7402205099,15739188.29
1401235200,565.26,7290260762,14362990.94
1401321600,621.1467,7897757908,42271699.64
1401408000,620.5,8007248676,18656368.1
1401494400,640.1617,8094125581,53565199.68
1401580800,656.41,8487587033,41153743.55
1401667200,667.3683,8580309812,37419432.11
1401753600,641.1833,8249183077,43722721.86
1401840000,658.1,8478552324,24809749.57
1401926400,648.63,8409353268,14032413.37
1402012800,651.7083,8428206589,12954147.5
1402099200,649.8983,8445489607,6819173.803
1402185600,643.905,8290260777,15165258
1402272000,649.0567,8359493315,13698528.1
1402358400,630.0367,8116778557,20706208.81
1402444800,567.175,7309311839,41032286.05
1402531200,594.6833,7666330028,37950646.15
1402617600,570.0033,7350662806,33752601.59
1402704000,583.41,7526353631,19377536.88
1402790400,592.52,7646618730,25803391.33
1402876800,607.1583,7838352937,14064824.78
1402963200,604.19,7802403927,14955835.77
1403049600,593.3883,7665345555,11266428.3
1403136000,590.055,7625133251,14899960.97
1403222400,591.2567,7643411864,8304999.79
1403308800,595.0367,7694627831,9952321.043
1403395200,586.1483,7582634214,11249420.62
1403481600,582.415,7537047075,11613405.82
1403568000,561.4717,7268686297,18237241.35
1403654400,579.5867,7505647765,12733876.65
1403740800,598.2367,7750006889,19906418.83
1403827200,594.8717,7709210053,13624207.4
1403913600,598.4883,7758488115,8878656.403
1404000000,637.755,8269625590,47015974.06
1404086400,643.935,8351853048,38496541.69
1404172800,648.1075,8408206449,25992122.17
1404259200,640.2838,8308930858,18539083.75
1404345600,627.1288,8140821666,22418156.55
1404432000,627.5813,8149049043,9292051.769
1404518400,631.0025,8195697096,11187211.13
1404604800,619.495,8048556477,18525910.65
1404691200,620.0475,8058075305,9269839.61
1404777600,620.16,8060033472,9329941.3
1404864000,615.1275,7994627579,15009203.94
1404950400,630.835,8198773245,15836826.82
1405036800,633.6389952,8235215928,13267457.87
1405123200,627.4623228,8154939571,11435029.12
1405209600,618.2050265,8034625268,2646077079
1405296000,618.9525,8044339957,10776372.32
1405382400,614.1475,7981890813,13679053.32
1405468800,622.895,8095579447,14637445.28
1405555200,627.0188,8173252760,14086517.69
1405641600,626.1763,8165088481,7640657.031
1405728000,620.5138,8093609699,4767570.263
1405814400,619.9088,8088074095,8225443.992
1405900800,619.0063,8078589321,7698580.923
1405987200,617.9425,8066930366,9043046.013
1406073600,599.8088,7832303310,24703385.25
1406160000,600.0963,7837677745,20256797.4
1406246400,593.775,7758026640,11443452.29
1406332800,590.3788,7715896689,9300140.747
1406419200,585.2788,7651364384,23117898.16
1406505600,581.7138,7607013191,11790372.33
1406592000,560.7913,7335781094,18397948.92
1406678400,583.1821057,7630850376,23252091.39
1406764800,593.8655274,7773046502,22927176.8
1406851200,588.2306992,7701689838,9260582.608
1406937600,585.5731941,7669135008,9179432.126
1407024000,586.3686859,7681459104,11325982.79
1407110400,582.4186268,7631722476,13046784.25
1407196800,583.325,7645917854,12769922.2
1407283200,587.203159,7699128900,11942668.46
1407369600,590.9072702,7749970439,12277588.53
1407456000,588.107856,7716004476,7934876.355
1407542400,588.5004826,7723612746,8504716.676
1407628800,573.4063,7528222642,16394404.86
1407715200,567.4023482,7451879445,15825348.32
1407801600,543.6675,7142146356,36644669.93
1407888000,503.7088,6619438824,46265624.63
1407974400,492.2844983,6470895123,31123413.36
1408060800,521.0463,6851511348,27941383.43
1408147200,494.7813,6508254264,28596111.8
1408233600,459.8863,6051494359,60758484.53
1408320000,484.155,6373125927,45173284.03
1408406400,514.1863,6770599524,55122051.11
1408492800,515.605,6791368598,47111104.08
1408579200,515.8263,6796320998,34159957.6
1408665600,496.5688,6544627813,23986341.56
1408752000,508.1138,6698642065,18509793.27
1408838400,500.3863,6598469042,15737842.72
1408924800,510.6388,6735887475,21288943.92
1409011200,510.4463,6735479301,21505988.92
1409097600,506.915,6691049888,18467248.49
1409184000,508.0963,6708840033,16001723.63
1409270400,501.53,6624308546,10747408.66
1409356800,480.0263,6342575501,43358429.76
1409443200,475.82,6288710717,19343751.81
1409529600,474.6938,6275487638,21083352.22
1409616000,474.7263,6277994218,14233663.71
1409702400,489.5475,6475917910,23597497.06
1409788800,480.2425,6354592772,14058803.05
1409875200,482.3588,6384706079,9776900.705
1409961600,480.6025,6363333296,7748654.383
1410048000,471.125,6239603056,27618107.42
1410134400,471.7538,6249605641,20218609.3
1410220800,477.1138,6322521232,20792329.42
1410307200,476.3775,6314752955,14579193.13
1410393600,473.6875,6280918617,13395857.32
1410480000,476.0013,6313764543,14007703
1410566400,474.795,6299010306,11468703.33
1410652800,473.0313,6278083239,12723496.88
1410739200,462.5925,6141505243,16956832.82
1410825600,454.6238,6037835957,23179362.99
1410912000,423.565,5627251629,48338347.98
1410998400,393.2625,5226301320,47766762.16
1411084800,408.5025,5430693510,47847915.32
1411171200,396.62,5274312253,32843840.16
1411257600,398.3113,5298466364,24225299.21
1411344000,433.7513,5771559860,57448184.25
1411430400,420.92,5602424154,32689372.44
1411516800,407.9775,5431965427,30733509.97
1411603200,402.88,5365475264,23707503.07
1411689600,398.0075,5301867858,16698720.05
1411776000,375.9888,5009825167,29504744.83
1411862400,373.0888,4972406273,37668363.04
1411948800,387.3513,5164012591,34519038.81
1412035200,380.895,5079406228,26019381.16
1412121600,371.8413,4959944621,19867284.51
1412208000,356.19,4752500694,29080111.34
1412294400,327.8813,4376051376,44971218.62
1412380800,325.11,4340421694,81809696.99
1412467200,328.73,4390074095,75997580.14
1412553600,331.7238,4431199693,43924704.46
1412640000,353.3901,4721892499,50777426.83
1412726400,358.395,4790047734,80036548.34
1412812800,357.555,4780224306,42046080.75
1412899200,359.515,4807704216,32266988.41
1412985600,374.1675,5005060918,30739066.02
1413072000,387.0388,5178714608,55435747.92
1413158400,398.2888,5330587770,71417120.07
1413244800,392.19,5250404406,49257724.14
1413331200,379.3913,5080504777,48941848.67
1413417600,380.2925,5093875428,38063635.9
1413504000,389.1163,5213672025,43799624.06
1413590400,386.945,5185875585,32870166.1
1413676800,379.77,5090987746,32186402.18
1413763200,382.4138,5127920489,33195457.63
1413849600,379.4425,5089595057,22279085.76
1413936000,356.2,4779135400,48354309.49
1414022400,354.3175,4755312883,32650701.35
1414108800,347.0304941,4658797625,35098508.12
1414195200,350.1888,4702361471,27618300.83
1414281600,348.29,4678274816,40322147.38
1414368000,351.5638,4723453013,26517269.32
1414454400,333.1475,4477252539,43376134.31
1414540800,343.6675,4620136995,59854847.08
1414627200,336.5879758,4526519246,30524273.86
1414713600,323.9763,4358250679,38569972.59
1414800000,323.985,4359606957,28711350.71
1414886400,323.995,4361102298,40772300.42
1414972800,328.0083,4416492356,35073797.88
1415059200,337.5933,4546689685,44434915.11
1415145600,347.8183,4685738574,43131102.63
1415232000,341.2317,4598267773,40263476.29
1415318400,344.1783,4639316977,30212775.72
1415404800,363.4241291,4900092961,51466025.87
1415491200,363.765,4906043990,62274660.84
1415577600,366.15,4939381808,45679773.64
1415664000,418.5783,5648170007,234617998.9
1415750400,414.7083,5597421602,338849744.2
1415836800,395.245,5336222507,263499968.6
1415923200,377.3267,5095655586,99179350.35
1416009600,387.6233,5236180276,95731301.28
1416096000,384.9,5200788045,152824089.1
1416182400,374.8683,5066663713,109440633.1
1416268800,376.7883,5093942323,84367865.37
1416355200,355.3888346,4805825478,93722502.04
1416441600,349.3882854,4725799745,100624477.6
1416528000,351.55,4756418768,68856354.94
1416614400,366.7817,4963794289,71063869.31
1416700800,377.7417,5113527167,116848548.4
1416787200,375.248,5080998638,115570302.5
1416873600,365.766,4953852407,92282203.68
1416960000,368.448,4991429534,70974036.26
1417046400,376.951,5108072425,91254232.82
1417132800,374.965,5082659949,100952560.5
1417219200,376.472,5104546201,74926943.91
1417305600,379.489,5146696229,64120830.5
1417392000,381.3768,5173729066,66841251.27
1417478400,374.103,5076166197,74772912.71
1417564800,368.2282,4997777245,62639548.33
1417651200,376.379,5109881265,57857463.43
1417737600,373.671,5074368104,48428933.76
1417824000,374.448,5086108462,38514374.88
1417910400,361.433,4910799207,66593741.91
1417996800,350.928,4769269438,88924869.66
1418083200,346.9798718,4716905099,59696950.63
1418169600,346.909,4717173182,118502898.8
1418256000,351.502,4780796277,50698218.4
1418342400,347.484,4727528507,38735004.41
1418428800,350.133,4764706151,44354135.29
1418515200,344.615,4690951072,30644200.62
1418601600,328.534,4473187530,71798679.48
1418688000,318.828,4342046796,76239460.27
1418774400,309.765,4219673039,90976235.79
1418860800,317.54,4326569824,60607669.35
1418947200,328.774,4480153982,64328493.85
1419033600,319.501,4353792202,58024786.31
1419120000,329.886,4498284260,51126866.97
1419206400,333.97,4555334102,58571793.11
1419292800,322.194,4395934388,37974791.62
1419379200,318.166,4342234118,75362825.06
1419465600,327.7169709,4473844614,93256490.21
1419552000,314.568,4295536139,145862961.1
1419638400,316.491,4322768587,67051620.39
1419724800,312.633,4271645364,99471184.47
1419811200,310.079,4237996981,71609763.02
1419897600,317.379,4338943850,71036111.35
1419984000,313.992,4293958347,46999364.09
1420070400,314.446,4301448335,38855906.3
1420156800,286.572,3921358112,118778941.4
1420243200,260.936,3571639781,205500149
1420329600,273.22,3740880427,155038125.5
1420416000,285.3738,3908408221,97002895.98
1420502400,295.8725,4053238742,110674233
1420588800,284.4525,3897824162,86570544.47
1420675200,289.5738,3968992614,83478400.28
1420761600,274.533,3763909200,92683835.63
1420848000,267.184,3664201454,73256737.91
1420934400,268.3536677,3681154854,78982214.89
1421020800,221.436,3038251389,215752219.9
1421107200,172.1479,2362639550,236006920.8
1421193600,210.5559,2890521923,257637517.3
1421280000,205.816,2826188131,176217465.5
1421366400,199.4914,2740019366,106431481.1
1421452800,208.9892,2871292169,118664232.7
1421539200,214.545,2948379299,105545327.3
1421625600,210.5137,2893626589,94312137.94
1421712000,224.0451,3080429687,99166469.2
1421798400,232.0423,3191202338,151229886.4
1421884800,232.898,3203686664,126038219.2
1421971200,248.096,3413521852,134933345.1
1422057600,253.8389,3493324596,142426844.9
1422144000,271.2882,3734336331,401755946.5
1422230400,259.2356,3568728002,339951744.7
1422316800,232.5329422,3203612158,161971565.5
1422403200,228.6354,3150704414,105832532.6
1422489600,218.0233,3005342179,92459195.63
1422576000,226.2697,3119897131,100844154.3
1422662400,240.0193,3310466195,108043831.2
1422748800,226.0119,3117998019,135790231.9
1422835200,225.3083,3109175682,83155505.16
1422921600,216.9136,2994172300,74142168.01
1423008000,222.4872,3072075447,88164946.84
1423094400,227.2051,3138151161,80694160.19
1423180800,222.9061,3079497925,76979240.31
1423267200,220.0922,3041547651,79154588.47
1423353600,220.6493,3049996660,66708973.92
1423440000,219.0956,3029418429,65150873.75
1423526400,222.0401588,3070809845,51632481.44
1423612800,235.6774,3260249205,137045816.2
1423699200,259.0086,3584044453,165435433.7
1423785600,232.9962,3224923704,199965387.7
1423872000,235.9199,3266299220,128976205
1423958400,242.4568,3357729670,121468767.5
1424044800,234.6238,3250184845,88821471.78
1424131200,240.2988,3329826479,71396084.82
1424217600,244.0821,3383185376,80482172.1
1424304000,244.1459,3384954727,64143296.2
1424390400,235.553,3266702003,74180476.07
1424476800,238.1319,3303312137,61755698.93
1424563200,238.7314,3312404143,58732103.48
1424649600,237.378,3294575196,57584610.06
1424736000,236.1711558,3278687400,44991044.51
1424822400,253.8991,3525782547,137186494.7
1424908800,253.5991,3522504179,85884430.31
1424995200,257.7075,3580465594,58106060.44
1425081600,269.9615,3751796695,93658288.67
1425168000,280.6242,3901083285,128754965.9
1425254400,273.0193,3796353843,119553920
1425340800,274.8255,3822334890,98543018.35
1425427200,272.3413,3788784931,74704492.04
1425513600,275.5846387,3834877371,50059694.68
1425600000,274.578,3821054906,45050575.23
1425686400,289.2957,4027806172,111062141.1
1425772800,290.3057,4043022165,129285347.5
1425859200,295.961,4122115212,73794326.12
1425945600,293.9203,4095470764,65277495.59
1426032000,288.0365,4014523121,67739327.35
1426118400,281.4887,3924198781,63244191.83
1426204800,285.2645,3977863689,32203956.62
1426291200,290.0955,4046186763,60818266.22
1426377600,284.3491,3967004055,50540130.75
1426464000,255.6062,3566978131,123648767.8
1426550400,260.0037,3629235646,133194355.1
1426636800,260.9075,3642718765,59404464.5
1426723200,259.4899,3623906198,54148215.13
1426809600,267.7981,3740905134,51503307.07
1426896000,266.0272,3717118257,73040649.64
1426982400,245.1679,3426730126,153991184.3
1427068800,246.2715,3443109528,175875957.6
1427155200,247.5595,3462026773,148675593.3
1427241600,247.1476,3457360134,90325941.06
1427328000,252.0497,3526137496,82125758.56
1427414400,241.9137,3384336376,84472855.79
1427500800,246.5418,3449082801,96641741.12
1427587200,243.2692,3403299618,76545513.49
1427673600,246.7755,3456621445,78230800.05
1427760000,252.341,3535619145,95206093.36
1427846400,253.6227,3554522140,94243302.29
1427932800,253.3213,3551247974,63959131.2
1428019200,259.7118,3641795730,82969308.75
1428105600,255.4233,3582471422,83832524.04
1428192000,253.2085,3551882234,88508043.43
1428278400,244.2709,3427768045,106548662.3
1428364800,243.2006549,3413570472,93749435.17
1428451200,234.5253,3292518276,110710603.1
1428537600,236.4501,3319540688,87634999.72
1428624000,235.7386,3309551886,62271722.26
1428710400,223.9464,3146530900,87796699.15
1428796800,217.9995,3063792223,109539415.1
1428883200,223.0161,3134965195,71588917.36
1428969600,227.9995,3205775570,88471192.54
1429056000,222.4171383,3127985666,101386584.1
1429142400,222.9537,3136367732,70165374.02
1429228800,222.6812,3133241392,58633108.41
1429315200,224.3086,3157115506,63561423.22
1429401600,234.6867,3304071909,80763824.95
1429488000,233.7807,3292205019,72515582.87
1429574400,235.1735,3312571610,55130032.4
1429660800,230.9863,3254290910,73282646.19
1429747200,225.9568,3184369640,58830426.89
1429833600,218.5065,3080176877,96999963.63
1429920000,228.5712,3222813920,95409417.49
1430006400,225.6423,3182408230,71643965.12
1430092800,225.9978,3188139665,56781693.78
1430179200,236.2208,3333116827,103785827.3
1430265600,232.7403,3284896594,74708330.71
1430352000,235.1563,3319854339,61431426.39
1430438400,239.882,3387421698,86630763.25
1430524800,238.9706,3375292446,84138462.79
1430611200,236.0015,3334246892,71871894.07
1430697600,229.8152,3246886599,70623213.74
1430784000,236.845,3346205371,74887945.16
1430870400,243.657,3442447010,79882346.23
1430956800,241.5321,3412425892,79529081.71
1431043200,239.5548,3384490103,67810639.81
1431129600,241.8506,3416925739,70787411.31
1431216000,241.5189,3412239399,60882937.63
1431302400,235.4793,3326910420,50100818.29
1431388800,236.704,3344213288,56975125.5
1431475200,236.9908,3348265270,39256136.3
1431561600,235.9781,3333957591,26856157.04
1431648000,236.0847,3335463663,24401603.48
1431734400,232.4757,3284474809,33772801.86
1431820800,231.9446,3276971295,31085021.51
1431907200,234.048,3306688656,28778007.29
1431993600,235.4205,3326079679,27373179.76
1432080000,240.9352,3419033119,54518478.96
1432166400,239.0329941,3392690898,47757592.66
1432252800,241.2417,3424926508,29761665.98
1432339200,237.441,3371792793,30834563.23
1432425600,237.4971,3373426621,30268982.76
1432512000,237.2305,3370470121,30728765.83
1432598400,237.4891,3374927914,26801090.33
1432684800,237.0714,3369940317,31108417.13
1432771200,233.4572,3319341161,31403744.86
1432857600,229.6785,3266430207,23353985.65
1432944000,223.3178,3176729203,43602264.82
1433030400,225.7387,3212024675,32062237.06
1433116800,225.4831,3208477949,30472196.12
1433203200,224.1748,3189861690,29003069.46
1433289600,224.7413,3197922617,32252691.59
1433376000,225.2889,3205714609,18238445.74
1433462400,223.6157,3181906061,24133822.47
1433548800,228.7013,3254270843,40449914.19
1433635200,229.5264,3266011480,36746856.38
1433721600,229.0022,3258552455,29194036.77
1433808000,229.9343,3271815632,28833233.41
1433894400,230.5181,3280122726,29722314.85
1433980800,232.6301,3310175113,29012321.27
1434067200,233.6681,3324945179,35303170.71
1434153600,237.2013,3375220318,46839294.42
1434240000,250.4743,3564086481,96364192.87
1434326400,247.6944,3524530311,100630046.4
1434412800,248.552,3536733401,67360540.68
1434499200,242.9967,3457685093,60767655.66
1434585600,245.4754,3492955383,55692672.67
1434672000,243.9959,3488836375,26531885.05
1434758400,247.279,3536683170,41166801.75
1434844800,243.8486,3488498072,37387508.43
1434931200,240.5377,3442040366,39616260.3
1435017600,242.4769,3470729480,34244051.08
1435104000,242.4819,3471728541,34005665.06
1435190400,250.621,3589074420,49080095.22
1435276800,248.3451,3557369716,40522516.66
1435363200,256.303874,3672257830,73197757.01
1435449600,262.4063255,3760650013,99893250.07
1435536000,257.5058,3691294142,68104997.64
1435622400,254.6537509,3651410105,52711167.63
1435708800,255.161,3659678538,42339288.97
1435795200,260.415,3736024266,42932957.08
1435881600,271.0401208,3889432509,96139966.49
1435968000,268.595,3855533498,111884711.2
1436054400,265.384452,3810376692,64748934.31
1436140800,269.6130164,3871966451,79366281.26
1436227200,268.8928,3862503903,75940632.2
1436313600,285.0223,4095521056,113799594.1
1436400000,291.8907432,4195301868,114394387.2
1436486400,310.1915636,4459352693,115546321.2
1436572800,290.6655,4179711757,130058766.8
1436659200,286.6654,4122384618,74446013.37
1436745600,283.9491881,4084701354,52932167.7
1436832000,276.6801,3981564979,97423601.54
1436918400,278.3728,4007009432,60573486.78
1437004800,274.4839,3951120257,52505422.18
1437091200,272.8061796,3926969933,26896009.89
1437177600,277.2454,3993823954,40729476.38
1437264000,274.9428877,3961652068,43239135.23
1437350400,276.1756,3980470592,43240737.35
1437436800,275.6135,3973299339,34164576.52
1437523200,288.4447168,4158911305,79396118.75
1437609600,288.3881586,4158095826,54859994.56
1437696000,291.7037645,4205901558,40248392.33
1437782400,292.6148,4219037232,63540197.33
1437868800,293.9933,4238912997,63623601.6
1437955200,288.7194991,4162873226,52624701.47
1438041600,286.8366,4135724833,43880110.29
1438128000,283.6760591,4090154891,63971590.59
1438214400,280.7014,4047265066,53533745.83
1438300800,281.7267,4062048251,46165536.82
1438387200,281.8298708,4063535809,41411646.71
1438473600,284.2393,4098275923,48308760.91
1438560000,281.4010624,4057353078,43424335.53
1438646400,278.0134,4008508407,41914107.68
1438732800,278.5088138,4015651480,47637462.17
1438819200,259.8007284,3745910822,80056217
1438905600,264.3384834,3811337989,67863178.91
1438992000,263.5782,3817350355,60783290.22
1439078400,269.8668,3909600812,64124893
1439164800,267.7126,3879202424,73043602.39
1439251200,263.6558186,3821420844,57163446.8
1439337600,265.1281,3843674745,61280618.56
1439424000,260.4762323,3777139797,38131976.87
1439510400,257.8158,3739450599,55868003.65
1439596800,257.0634,3729475807,51730292.4
1439683200,253.0766,3672268004,49833133.8
1439769600,225.9602,3279919634,143390129.3
1439856000,234.6379,3406737000,99655604.53
1439942400,232.3324,3374233145,62180213.61
1440028800,229.1488,3328896176,102329840.3
1440115200,227.2454,3302029053,72465770.67
1440201600,210.0943851,3053595830,139379271.3
1440288000,221.3283,3217665292,183422133
1440374400,225.2666,3275815634,144278489.5
1440460800,222.9704,3243160211,69900344.07
1440547200,231.6583,3370431355,95134718.76
1440633600,228.4683,3324950575,56654306.07
1440720000,228.0672,3319968529,54615311.64
1440806400,230.0781,3350144206,58032869.77
1440892800,227.1631,3308579440,61479340.24
1440979200,228.6428,3331062657,47781609.22
1441065600,226.5658,3301579143,43765322.15
1441152000,230.0509,3353296685,55274502.38
1441238400,234.7495,3422635973,58712579.1
1441324800,239.1289,3487336313,70113446.3
1441411200,240.503,3508277387,50336412.98
1441497600,243.5587,3553698013,67754768.56
1441584000,237.9452,3472697170,55993048.12
1441670400,238.7763,3485799693,48531118.88
1441756800,240.0007956,3504653619,44294574.35
1441843200,234.9098,3431133648,40541222.5
1441929600,230.5048,3367623264,46253457.41
1442016000,230.21,3364179590,52117340.61
1442102400,229.9118,3360764475,58562863.2
1442188800,228.464,3340446395,51089489.85
1442275200,232.746,3403177100,54594105.83
1442361600,232.354,3399002107,79606359.73
1442448000,231.2733,3383904198,39022087.91
1442534400,230.6597,3375670111,36477159.26
1442620800,226.4528,3314850054,36795275.82
1442707200,229.8831,3365879385,71785978.84
1442793600,229.8658,3366614507,53526673.24
1442880000,233.9255,3426856523,124125639.3
1442966400,234.9767,3443254571,115435785.5
1443052800,234.5279,3437534062,93607431.45
1443139200,232.8347,3413577895,75776526.64
1443225600,239.2765,3508852289,245683532.1
1443312000,237.2262,3479847405,115160470.8
1443398400,236.0463,3463401139,76056339.96
1443484800,237.7358,3489093808,72356986.65
1443571200,237.2593,3482919072,84448749.1
1443657600,238.9718,3508906580,73353042.37
1443744000,238.6566,3505203182,78899567.08
1443830400,240.3238,3530596946,107434379.9
1443916800,246.444,3621402164,135776679.8
1444003200,243.2229,3574397658,121587412.8
1444089600,242.9008,3569664084,97564224.99
1444176000,244.2051,3588832044,109153977
1444262400,245.3209,3607756619,89165069.7
1444348800,247.5392,3640379548,79268221.72
1444435200,245.5661,3611362597,108125413.6
1444521600,249.4051,3667819987,164455688.1
1444608000,252.6956,3720285701,321865165.9
1444694400,254.6295531,3749948525,207297257.6
1444780800,262.3735,3864938757,332398256.2
1444867200,270.3646,3983558776,271593080.8
1444953600,262.2345,3864772726,116712427.1
1445040000,264.2094,3894955159,224715633.9
1445126400,270.2664,3985078068,319017395.2
1445212800,267.0187,3938178701,201630914.9
1445299200,273.573,4035872004,229034925.7
1445385600,277.3884,4093191773,130573069.8
1445472000,282.9566,4176382825,168029249.4
1445558400,284.749,4203955930,336860319.6
1445644800,285.5159,4215884952,221583939.3
1445731200,294.8094,4354732831,329397533.9
1445817600,303.6366,4486177629,387209571.1
1445904000,313.9073,4639133967,543163761.5
1445990400,325.8006,4816269545,843340993.2
1446076800,312.2783,4617510890,321997491.8
1446163200,324.9971,4806796483,582434357.4
1446249600,350.7678,5189223756,636690229
1446336000,398.2369,5893149470,987283928.3
1446422400,404.3588,5985308849,984425381.8
1446508800,387.473,5736789622,913505444.8
1446595200,372.826,5521254799,770242854.5
1446681600,387.06,5733490750,462741972.5
1446768000,371.502,5504396533,264157489.6
1446854400,380.644,5641277305,420137368.4
1446940800,336.873,4993780087,620473336.4
1447027200,305.983,4537161821,572707252.5
1447113600,337.955,5012582356,546923067.5
1447200000,337.372,5005284729,414918018.1
1447286400,331.501,4919391965,131135195.6
1447372800,320.484,4757160339,237800138.7
1447459200,331.353,4919473734,239442892.6
1447545600,335.111,4976968039,236625919.3
1447632000,335.447,4983266453,185981663.3
1447718400,325.568,4837533520,206391901.3
1447804800,321.417,4777269084,123560944.2
1447891200,325.159,4834317690,199949522.2
1447977600,323.395,4809449591,167053005.4
1448064000,322.829,4802404204,188739479.4
1448150400,319.979,4761183527,103800161.9
1448236800,328.169,4884311516,714595229.5
1448323200,356.245,5303722123,1237550808
1448409600,359.011,5346023826,895711315.7
1448496000,356.212,5305804456,667783121.8
1448582400,371.488,5534688266,921927632.2
1448668800,378.265,5637217099,1299027009
1448755200,363.45,5417967322,523072117.5
1448841600,358.82,5350373990,1153668372
1448928000,360.954,5383466481,1149814390
1449014400,362.767,5411894144,1039912870
1449100800,390.645,5829507440,1426331736
1449187200,394.011,5881283994,1512626610
1449273600,394.355,5887868033,1282263557
1449360000,412.93,6167016641,954462002.3
1449446400,417.368,6235070986,1528970868
1449532800,416.91,6230407268,1275837073
1449619200,452.415,6762812524,1623480958
1449705600,434.903,6502593548,1745413357
1449792000,435.815,6517994663,1484344616
1449878400,443.277,6631778542,1497157324
1449964800,464.999,6958907660,1555251795
1450051200,453.914,6794808884,896686369.8
1450137600,456.473,6834975642,1302614351
1450224000,463.816,6946908499,1135226734
1450310400,462.053,6922223917,556941127
1450396800,441.129,6610549658,1175787491
1450483200,437.809,6562505170,1416880180
1450569600,436.237,6540512247,1296402582
1450656000,442.821,6640942255,955949147.6
1450742400,454.907,6823821081,1418671442
1450828800,455.742,6838203626,1058738142
1450915200,417.092,6260008700,1725069506
1451001600,423.925,6364767558,1378749291
1451088000,420.708,6318056014,1310931885
1451174400,432.154,6491698546,1176234727
1451260800,426.811,6413208735,1227648166
1451347200,431.139,6479728151,1310033275
1451433600,434.427,6530621624,1338781511
1451520000,434.326,6530688608,769869067.6
1451606400,430.198,6470199430,984185979.6
1451692800,433.534,6522334778,1021957723
1451779200,432.115,6502628563,758209345.9
1451865600,431.343,6492499351,833341869.3
1451952000,456.434,6870164692,1637948558
1452038400,454.6963,6847658074,1501742594
1452124800,448.709,6759240199,1085553694
1452211200,447.207,6738604517,1361099090
1452297600,448.349,6757695468,1182725806
1452384000,445.792,6721027667,888588584.8
1452470400,432.12,6516499236,1584488641
1452556800,429.243,6474583370,1266295629
1452643200,365.912,5519407460,1576734614
1452729600,384.813,5806905133,1710583688
1452816000,386.356,5830189311,1476285801
1452902400,385.132,5814809591,1357696059
1452988800,379.015,5723770826,1157108221
1453075200,418.848,6326929406,1674254290
1453161600,407.815,6161646249,1484721462
1453248000,377.21,5700897323,1626853796
1453334400,389.641,5889248377,755378842.1
1453420800,403.056,6094932221,1458284444
1453507200,392.326,5934195570,1332190241
1453593600,392.456,5937437390,1231352757
1453680000,394.491,5968224752,1023661370
1453766400,379.552,5745544310,1144817696
1453852800,378.912,5737400249,1378222858
1453939200,376.921,5709052773,926767404.4
1454025600,364.352,5520342696,795209372.7
1454112000,371.041,5623172735,1028395381
1454198400,372.868,5652529733,669492000.7
1454284800,368.124,5582278352,701511710.6
1454371200,388.376,5891023100,1068491901
1454457600,385.733,5852736452,1099201402
1454544000,374.905,5690251854,979578026
1454630400,375.517,5701239913,551083226.5
1454716800,371.136,5636117688,542257471.1
1454803200,373.909,5679902055,465479007.4
1454889600,379.829,5771368715,814090887.7
1454976000,377.058,5730998807,503979335.1
1455062400,382.72,5818750496,658159244.5
1455148800,390.424,5937412022,740171994.7
1455235200,404.144,6147686974,1319015073
1455321600,399.379,6076721221,1388195100
1455408000,407.013,6194279970,1111797900
1455494400,416.85,6345582495,1296165324
1455580800,421.422,6417045472,1445224879
1455667200,419.377,6387331883,601898504.3
1455753600,441.12,6720209556,1385245440
1455840000,438.65,6684028071,1506908217
1455926400,437.803,6672478907,1166708341
1456012800,420.302,6407178256,1465084347
1456099200,423.187,6452416826,1457408416
1456185600,423.142,6453391535,1416389937
1456272000,427.029,6514156583,58325277.64
1456358400,432.139,6593663290,595150632.4
1456444800,432.797,6605163875,546124185.9
1456531200,436.919,6669535766,1847224331
1456617600,431.371,6586086154,2515777834
1456704000,424.485,6482862266,2052408229
1456790400,420.171,6418406145,2737847218
1456876800,409.408,6255529066,2408874554
1456963200,397.241,6071173237,2766255767
1457049600,404.912,6189869498,2521764887
1457136000,413.74,6326260440,2361080396
1457222400,411.877,6299329213,1845168034
1457308800,412.319,6307800374,1705210743
1457395200,416.292,6370256294,2166212980
1457481600,419.299,6417916284,2440375017
1457568000,410.801,6289332500,2292018374
1457654400,412.495,6316587497,1845648236
1457740800,414.585,6350177716,1803876534
1457827200,415.641,6367983806,2111129338
1457913600,416.544,6383495146,1895643174
1458000000,418.4,6413413020,1743173853
1458086400,408.28,6259667304,2438769296
1458172800,406.739,6237403576,1764836350
1458259200,411.882,6317806513,1440329762
1458345600,411.091,6307102004,2250456010
1458432000,416.36,6389481378,2041042450
1458518400,418.076,6417382985,1985257305
1458604800,414.883,6369854280,2021330255
1458691200,415.743,6384534070,1933831282
1458777600,416.715,6401148697,1604214632
1458864000,425.349,6535264077,2326287424
1458950400,422.756,6497115017,2155194926
1459036800,415.547,6388027424,2681866389
1459123200,412.597,6344204936,2387281658
1459209600,415.366,6388090245,1432304099
1459296000,416.754,6410999714,447338223
1459382400,419.67,6457346881,633704454
1459468800,418.185,6435354873,429476810.4
1459555200,419.437,6456959981,525611739.8
1459641600,422.651,6508054062,541558101.3
1459728000,421.656,6494387878,527136257.7
1459814400,421.076,6486917899,593936633.5
1459900800,418.474,6448380946,727873660.9
1459987200,416.145,6413012926,791269617.3
1460073600,421.133,6492839084,484836963.8
1460160000,422.584,6516847462,710470936.9
1460246400,426.181,6573884543,1182165394
1460332800,424.269,6546120648,785800596
1460419200,424.932,6558071166,616490737.8
1460505600,429.966,6637309898,841700526.6
1460592000,430.941,6653836775,743886906.6
1460678400,428.027,6610502491,528907575.4
1460764800,428.506,6619389286,549297574.3
1460851200,436.37,6742483781,674540887.3
1460937600,441.916,6830010642,1101674781
1461024000,451.083,6973348482,1340299673
1461110400,447.488,6919439821,1244399315
1461196800,451.818,6987975324,835075482.7
1461283200,459.923,7114859335,1609960187
1461369600,460.466,7123685300,1607304204
1461456000,467.856,7240796777,1278134939
1461542400,444.789,6885300361,1344104894
1461628800,449.381,6957889603,1497339511
1461715200,456.566,7070940369,683291625.4
1461801600,447.903,6938342200,577836728.9
1461888000,452.592,7012822522,394606185.8
1461974400,444.488,6888908380,679795242.4
1462060800,450.3,6980741978,460396814.1
1462147200,447.119,6933273129,430680620.3
1462233600,448.922,6962982235,547921245.8
1462320000,461.62,7161803490,892002595.4
1462406400,459.248,7126736757,418352341.3
1462492800,459.283,7129139993,640880145.1
1462579200,461.747,7169395601,892533004.2
1462665600,450.326,6993799201,1121093827
1462752000,452.179,7024148586,672525013.6
1462838400,454.731,7065405649,697010377.1
1462924800,456.007,7086941589,489812072.4
1463011200,455.503,7080714422,540603400.5
1463097600,457.837,7118621365,514727783.6
1463184000,454.893,7074393585,649625052.5
1463270400,452.422,7037627800,456208618.6
1463356800,453.371,7054124066,382814029.9
1463443200,440.539,6855767039,626926267.8
1463529600,441.888,6878428608,644225134.7
1463616000,443.147,6899543980,382669886.1
1463702400,438.675,6831902516,369986913.4
1463788800,443.175,6903990658,378979422.1
1463875200,445.769,6945849972,423917608.1
1463961600,449.055,6998825287,593928754.6
1464048000,453.732,7073262178,772901620.2
1464134400,473.864,7388724420,1609915744
1464220800,528.545,8243121752,2308852892
1464307200,524.624,8182390025,2265760455
1464393600,534.224,8335577206,1027238918
1464480000,531.407,8293336920,976889071.5
1464566400,539.168,8416291167,864207752.9
1464652800,538.832,8413013020,655601895.7
1464739200,570.445,8908568259,947549857.4
1464825600,573.526,8958404429,1014758654
1464912000,574.4756747,8975651028,980649173.4
1464998400,585.563,9151383511,850291006.7
1465084800,577.9106943,9033842182,995595870
1465171200,583.139,9117713570,625927307.7
1465257600,577.607,9033585758,570784842.2
1465344000,579.2276479,9060944980,574507838.3
1465430400,597.746562,9352955399,567638086.3
1465516800,671.7122785,10512767357,2134843167
1465603200,704.2918522,11025583302,1929369214
1465689600,685.9321316,10740428206,1295617504
1465776000,693.227,10857217290,1111645976
1465862400,765.463,11991494583,2295279423
1465948800,749.419,11742908608,2089119189
1466035200,756.7996013,11861509350,1639977543
1466121600,764.046,11978503075,1440147059
1466208000,734.1617358,11512940800,1274257071
1466294400,664.9965294,10430819686,2616450205
1466380800,591.895,9286122276,2116429838
1466467200,623.2062564,9779539537,2950728709
1466553600,661.4166052,10381264326,2819565197
1466640000,666.0566979,10456807082,2165368589
1466726400,629.306,9882102247,1973414930
1466812800,648.3,10182702232,1893446211
1466899200,646.843,10162291636,1557753995
1466985600,637.437,10016780634,1478192306
1467072000,671.616,10556309174,1557452115
1467158400,677.71,10654888849,1520646626
1467244800,693.047,10897332419,1369565986
1467331200,664.7451003,10456041581,1980745475
1467417600,678.7005717,10678148802,1647219063
1467504000,667.530518,10504760880,1363651289
1467590400,675.919,10639167836,1193299158
1467676800,638.62,10054273625,2122556833
1467763200,665.7445063,10483645176,1407424927
1467849600,653.8705125,10298813662,1734638027
1467936000,650.321,10244077501,1043956725
1468022400,649.07,10225531861,969355597.1
1468108800,670.948,10571303712,1085661832
1468195200,658.15,10370703851,930971250.7
1468281600,659.576,10394281929,907126119.1
1468368000,665.6869915,10491679653,915530669.9
1468454400,663.501,10458476977,583921220
1468540800,678.3905582,10694420116,878701509.4
1468627200,674.7874378,10638777020,951136968
1468713600,674.557389,10636194258,721148317.7
1468800000,670.8934741,10579131342,718486386.1
1468886400,665.3643845,10493517599,651736587.5
1468972800,651.09,10269410782,744993482.4
1469059200,655.423,10338768243,749951409.5
1469145600,660.8489235,10425364937,628152931.6
1469232000,654.5186383,10326505496,571897923.7
1469318400,651.31,10276898044,704328935.7
1469404800,655.6182633,10345876482,701731382.9
1469491200,655.8904302,10351218168,590272472.8
1469577600,657.3423792,10375300169,498459288.3
1469664000,654.5489803,10332176091,381261251.2
1469750400,623.7457713,9847086966,1034681070
1469836800,605.747,9564059424,1099193369
1469923200,517.1349294,8165924599,1868906087
1470009600,567.3810616,8960483431,2497221231
1470096000,576.6037067,9107192616,1656264327
1470182400,576.0338,9099338659,730357921.5
1470268800,587.635,9283768001,781499291.6
1470355200,592.6675,9364319559,1119146427
1470441600,590.7125,9334500359,732938493.5
1470528000,585.3025,9249860836,764158462.5
1470614400,592.2668433,9361030949,787203551.1
1470700800,587.6138,9288488902,332761748.9
1470787200,586.53,9272434001,332148000.2
1470873600,584.4688683,9241013898,528917329.6
1470960000,570.7367,9024984100,800709328
1471046400,567.7342837,8978508770,689576137.5
1471132800,578.2231511,9145336947,665471810.7
1471219200,571.461915,9039235991,509828615.1
1471305600,572.2684198,9053050627,448162729.7
1471392000,573.4919907,9073411772,404401760.6
1471478400,581.9462731,9208301152,449090940.6
1471564800,580.5870271,9187908144,397848571.1
1471651200,585.2175,9262302917,391991120.3
1471737600,582.0038,9212472966,602216568.7
1471824000,577.8880532,9148400142,366732500.4
1471910400,576.1163,9121223052,401309291
1471996800,578.1038,9153633134,338221514.6
1472083200,568.575,9003730819,445311513.4
1472169600,573.5288,9083223370,339737295.9
1472256000,572.5102284,9068122329,381390186.6
1472342400,576.08,9125715540,414583282.4
1472428800,571.7582827,9058256695,335483654.4
1472515200,571.59,9056523460,356532608.3
1472601600,573.9625,9095188851,378500484.5
1472688000,596.195,9448393430,561496914.8
1472774400,608.6888,9647700437,884434073.9
1472860800,606.6438,9616262727,618185193
1472947200,610.6838,9681336387,560341026.7
1473033600,614.3264886,9740198080,597124132.7
1473120000,625.4675,9917920560,1600702239
1473206400,621.9125,9862631721,850137524.8
1473292800,623.0588,9881939361,586796232.5
1473379200,605.3154152,9601743135,1228662231
1473465600,605.8312052,9611117069,973866198.7
1473552000,606.645,9625199431,699782155.3
1473638400,608.425,9654573080,619105286
1473724800,605.5838,9610607639,549080254.7
1473811200,606.5533659,9627042762,546585886.1
1473897600,605.3438,9609021664,531090439.8
1473984000,608.795,9664864143,1306045902
1474070400,608.6176343,9663034352,1272958790
1474156800,607.7688126,9650615110,953214316.4
1474243200,595.8402492,9462412680,1589139471
1474329600,594.9588,9449414102,994983745.5
1474416000,601.8925,9560527882,1471656057
1474502400,601.2725,9551877467,1136053862
1474588800,599.3113,9522044920,1074112053
1474675200,606.0970645,9630957512,1917754354
1474761600,604.2075,9602128428,1448434854
1474848000,603.555,9592874199,1023325385
1474934400,604.6375,9611116960,1291135796
1475020800,608.2575,9669703048,1177411408
1475107200,614.0598845,9763087935,1673872374
1475193600,610.3588,9705298189,1018352267
1475280000,611.9609027,9731860021,767820467
1475366400,609.2425,9689785072,817050996.3
1475452800,611.6363,9729061309,915039145.9
1475539200,610.98,9719787550,714618920.4
1475625600,616.2188,9804216114,1104537956
1475712000,616.5338,9810492981,793016113.8
1475798400,614.6238,9781273121,901840112.4
1475884800,614.3138,9777010536,1274169413
1475971200,640.7,10198278180,2996984110
1476057600,635.6163,10118464866,2475619341
1476144000,634.6223388,10103624254,2099764691
1476230400,638.18,10161283203,1671558094
1476316800,637.2088,10146912931,1644480562
1476403200,640.1863,10195309967,1454057375
1476489600,637.4825,10153229676,1187159913
1476576000,635.465,10122263522,2024277148
1476662400,628.4375,10011295943,1955775380
1476748800,628.5425,10013934082,1803186001
1476835200,629.7188,10033936840,1283400177
1476921600,652.0875,10391486424,3522949283
1477008000,649.6263,10353442543,3643525163
1477094400,648.7663,10340849545,3212766801
1477180800,652.6338,10403520542,2499429907
1477267200,673.4175,10735427841,4850797703
1477353600,683.3725,10896021892,5041475157
1477440000,687.5588,10963463345,5069538566
1477526400,715.4103243,11409389607,6838400543
1477612800,697.2773625,11121149987,5824289996
1477699200,698.5763,11143032476,6861251336
1477785600,729.205,11633474056,5882440879
1477872000,734.1638,11713747882,4549460043
1477958400,686.0613,10947521328,10469111039
1478044800,702.11,11204614010,5929334121
1478131200,704.0225,11236368065,2146200088
1478217600,712.1263,11367022668,2676516224
1478304000,706.0925,11271922276,3299753094
1478390400,708.94,11318680822,3071821253
1478476800,721.1775,11515479618,4364284008
1478563200,713.2141433,11389753142,3237455966
1478649600,715.6425,11429941440,3576474208
1478736000,703.76,11241603256,6291883754
1478822400,702.346317,11220193118,3720281493
1478908800,705.55,11279469101,5335752435
1478995200,712.1588998,11386521351,7530105089
1479081600,740.8993549,11847684539,9936150861
1479168000,738.48,11810455254,5475859343
1479254400,748.4263,11970910273,3987706065
1479340800,750.4100481,12003962099,3235133019
1479427200,728.3713,11652611522,5039283040
1479513600,736.505,11783996775,3192815797
1479600000,748.1225,11971109864,3267220914
1479686400,741.1662465,11861151745,3775381683
1479772800,736.7486937,11791975961,3798900330
1479859200,738.2039432,11816670435,2481664642
1479945600,732.7338,11730463633,2391921659
1480032000,727.7575,11652161720,2688074106
1480118400,731.8424614,11719038708,2451726074
1480204800,731.81,11719891046,1904325476
1480291200,742.3588,11890119633,4489070915
1480377600,753.055,12062849170,5522487160
1480464000,771.1713,12354385552,4613958358
1480550400,764.8338233,12254501750,2869024714
1480636800,766.3688,12280532758,3517012112
1480723200,752.24,12055567494,3552862905
1480809600,758.6925,12160418227,3256985152
1480896000,763.915,12245767527,2603948961
1480982400,768.675,12323570552,2683311953
1481068800,769.8413,12343519928,3111825855
1481155200,773.1262934,12397466678,6551233316
1481241600,768.2325,12320826025,5508375144
1481328000,778.4323012,12485927227,6313690794
1481414400,778.215,12484153824,2821130580
1481500800,775.8913,12444714534,1558761071
1481587200,775.5725,12444351602,1345904094
1481673600,781.3375,12538210372,1764681181
1481760000,788.8775,12660596388,1759607152
1481846400,788.4413,12654965391,1469513205
1481932800,790.1163,12683371140,1102832367
1482019200,799.7213,12838925681,1894271980
1482105600,826.6207679,13272429705,6050784066
1482192000,859.3663,13799864747,7952522425
1482278400,917.0988,14728698438,5647399306
1482364800,891.6813,14322006704,4642138992
1482451200,894.3371332,14366519915,4022250326
1482537600,902.6063,14501002034,4809313198
1482624000,929.115,14928671402,4597863955
1482710400,977.14,15702309527,4906008702
1482796800,971.7213,15617018873,3796961161
1482883200,960.925,15445427988,4380999912
1482969600,966.5689709,15537921941,3381572989
1483056000,998.05,16045986193,3470830330
1483142400,1019.1988,16387926825,4444828109
1483228800,1035.5313,16652715383,4399421327
1483315200,1130.849516,18187664240,8705359110
1483401600,990.6675,15934886737,12102750397
1483488000,894.0325,14382278477,10713248032
1483574400,900.0788,14481153594,7496626398
1483660800,908.085,14611836820,4735054808
1483747200,901.878888,14513519375,4072687735
1483833600,905.7594627,14577733898,3216810929
1483920000,784.2775,12624083565,5258603516
1484006400,799.4275,12869633173,3344901198
1484092800,824.4988,13274790986,1860269657
1484179200,817.825,13169067954,1204479772
1484265600,821.9125,13236623006,923896735.4
1484352000,828.31,13341392032,831361487.5
1484438400,904.1525,14564800038,1316827457
1484524800,873.935,14079682756,1147970282
1484611200,896.89,14451431614,875858520.4
1484697600,891.4588,14366002978,613796288.1
1484784000,919.6775,14822821175,683491208.3
1484870400,918.778812,14810403902,830201798.2
1484956800,918.9075,14814052398,467022882.9
1485043200,885.7888,14281760610,378666162.6
1485129600,893.4738,14407365094,381951425.9
1485216000,915.36,14762033604,58349366.78
1485302400,918.2875,14811184893,49029317.21
1485388800,920.245,14844529150,21882209.49
1485475200,914.1425,14747986190,20288320.82
1485561600,920.9911459,14860100040,30166025.4
1485648000,968.2663,15624634422,101775253.2
1485734400,986.5728903,15922459702,92784081.55
1485820800,1008.403318,16276789220,93269627.17
1485907200,1015.4425,16392262891,138411478.2
1485993600,1033.63,16687723783,99014097.14
1486080000,1016.926159,16420090078,75284571.16
1486166400,1024.511089,16544150319,73413586.5
1486252800,1051.5,16981015238,89525304.92
1486339200,1055.3013,17045265644,164316931.4
1486425600,981.705,15858560741,333977588.2
1486512000,992.1113,16028562068,155061226.9
1486598400,1010.9463,16334579163,61189139.08
1486684800,1000.523769,16167938834,36448049.45
1486771200,996.1039359,16098583565,75754126.52
1486857600,1010.102162,16326912556,79285701.7
1486944000,1008.8813,16308969767,38397960.04
1487030400,1034.9038,16731535007,66797083.39
1487116800,1056.558091,17083619844,93994063.11
1487203200,1058.580931,17118312230,55001149.21
1487289600,1053.5025,17037979882,37478366.7
1487376000,1082.016823,17500458952,55971656.68
1487462400,1125.408815,18202277765,157173668.2
1487548800,1123.305,18168250822,99272532.8
1487635200,1185.654785,19176691563,132273779.1
1487721600,1180.871,19108706913,303444815.4
1487808000,1149.403678,18601876715,118187068.1
1487894400,1180.673,19110682514,89353606.54
1487980800,1193.129515,19314424735,87503104.9
1488067200,1190.331,19271383899,139855221.8
1488153600,1227.477149,19875003127,105587214.8
1488240000,1262.081,20437807787,174318244.9
1488326400,1289.540612,20884867166,152484577.4
1488412800,1268.814532,20551257964,121628868
1488499200,1276.233,20673857896,62090177.88
1488585600,1280.986,20753062038,65232264.87
1488672000,1233.056508,19978921138,213974224.5
1488758400,1149.631,18629281762,248575333.4
1488844800,1191.236722,19305673114,149501332.4
1488931200,1100.01059,17829356646,417086882.9
1489017600,1181.204123,19147525541,169071412.5
1489104000,1230.56,19950023304,104613431.4
1489190400,1243.264922,20158188044,131403644.1
1489276800,1246.556739,20214039432,86807305.13
1489363200,1258.457,20409261729,72763975.29
1489449600,1217.314541,19743578283,137592935.4
1489536000,1074.09387,17423426593,283988947.7
1489622400,961.962,15606390507,342885275
1489708800,1023.490101,16606689806,177388243.2
1489795200,1036.332012,16816818648,101975751.4
1489881600,1112.701532,18058074337,150015664.6
1489968000,1039.840173,16877645842,188848065.4
1490054400,1029.139414,16705852354,82048831.98
1490140800,940.0206266,15261293153,161801850.3
1490227200,965.2650627,15672767506,190451071.3
1490313600,954.47666,15499531724,130490540.4
1490400000,1042.605073,16932388063,138288339
1490486400,1044.722,16968792613,127643560.3
1490572800,1038.617198,16871375654,121169066.5
1490659200,1031.492906,16757840044,102438849.9
1490745600,1078.274711,17519577833,133287124.4
1490832000,1085.253,17634831647,87750426.9
1490918400,1098.068,21833808421,80231506.35
1491004800,1139.308275,18517903140,131765236
1491091200,1140.49759,18539058630,108222974.3
1491177600,1132.339905,18408732920,87439620.02
1491264000,1194.211,19416796070,128309277.2
1491350400,1189.775124,19347052264,90840184.05
1491436800,1182.271,19227110120,43899666.21
1491523200,1187.699,19316186631,41151425.52
1491609600,1210.515,19691023825,76050218.06
1491696000,1226.618,19955556307,78899688.76
1491782400,1218.299,19822303422,83573376.82
1491868800,1174.209,19106860359,131395672.1
1491955200,1183.687,19263144685,92892227.9
1492041600,1180.323,19210567707,53325277
1492128000,1186.31,19310204918,36294382.38
1492214400,1205.143,19618884440,83379623.41
1492300800,1217.58,19823480859,85025813.9
1492387200,1225.721,19958292471,71343829.94
1492473600,1253.904,20419371473,112476255.6
1492560000,1254.9875,20439557227,91517340.72
1492646400,1249.67,20355249795,84061246.82
1492732800,1247.8388,20327793188,84420564.21
1492819200,1249.9563,20364256791,70514448.3
1492905600,1263.045,20579834197,93017240.9
1492992000,1287.32,20977699423,121914930.8
1493078400,1331.3125,21697132034,134993633.4
1493164800,1321.205,21534600390,161417797.4
1493251200,1327.6863,21643161383,86320647.34
1493337600,1349.8863,22007601315,86247238.96
1493424000,1408.445,22964730936,217759983.7
1493510400,1442.245,23518941608,189160669.7
1493596800,1485.8175,24231937589,206154588.9
1493683200,1499.36,24455911024,335017412.6
1493769600,1506.0438,24567395211,324314593
1493856000,1547.815,25252078564,135507234.1
1493942400,1557.8838,25419561547,149859388.4
1494028800,1633.38,26655087386,276144904.9
1494115200,1700.1775,27748404857,383922543.3
1494201600,1747.3175,28521047691,288565639.4
1494288000,1808.7788,29527250348,313353159.7
1494374400,1700.7725,27767470034,248020430.2
1494460800,1751.73,28602793980,246696636.6
1494547200,1767.7088,28867391788,124978733
1494633600,1696.13,27702000822,231039670.3
1494720000,1716.315,28034610161,218205145.7
1494806400,1804.4513,29477763647,271656160.4
1494892800,1889.4088,30868475119,230137778.8
1494979200,1972.9013,32237082949,279848678.1
1495065600,2043.42,33393518555,274198303.3
1495152000,2053.8788,33568054937,264478153.8
1495238400,2109.3963,34479453631,580030832.8
1495324800,2292.7025,37479380943,389402023.7
1495411200,2448.1313,40025140034,555024432.8
1495497600,2366.9725,38704024228,889791512.3
1495584000,2262.36,36997900173,716011544
1495670400,2082.845,34066387967,683119789.1
1495756800,2219.4875,36305932628,401864331.3
1495843200,2286.2663,37402630788,312368211.9
1495929600,2167.6438,35466825282,335746190.7
1496016000,2329.0775,38113024210,416350458.7
1496102400,2436.0363,39868442922,438586633.5
1496188800,2514.2275,41152717324,292795886.9
1496275200,2562.54,41949676689,304803966.2
1496361600,2556.405,41854068528,254469613.9
1496448000,2721.5525,44563721217,334411829.5
1496534400,2903.4438,47547556371,1211604496
1496620800,2716.0588,44484425844,717931660.8
1496707200,2824.2038,46261410001,580940070.4
1496793600,2817.0638,46149913864,393210044.7
1496880000,2937.4538,48127389932,354694237.4
1496966400,3013.7138,49382412955,350197483.3
1497052800,2701.255,44267424095,792436484.8
1497139200,2736.1888,44844697933,410084483.7
1497225600,2503.401273,41033780986,565476421.8
1497312000,2444.493712,40072859209,845674827.7
1497398400,2513.810348,41213920650,404682134.6
1497484800,2683.571344,44001982614,386716359.4
1497571200,2577.219361,42262755912,320439362.7
1497657600,2620.136451,42971547871,307738404.8
1497744000,2777.792656,45561980142,461719561.5
1497830400,2717.003108,44569583132,447106675.8
1497916800,2724.912213,44703988751,273815444.5
1498003200,2737.746231,44920255723,187781433.4
1498089600,2618.416736,42966679004,314564252.6
1498176000,2606.863235,42781394179,320081172
1498262400,2488.194163,40837922140,540038332.5
1498348800,2531.348999,41550828141,518735269.2
1498435200,2575.43777,42279511903,351206317.8
1498521600,2561.681435,42057301540,239853090.8
1498608000,2490.753488,40897674122,210111037.8
1498694400,2439.82056,40066457532,207555417.5
1498780800,2518.545694,41365191379,226784228.6
1498867200,2576.714657,42326047726,304599469.9
1498953600,2610.997575,42894251457,274900590.6
1499040000,2607.219302,42836970322,238310795.5
1499126400,2612.670428,42931269844,175365965
1499212800,2509.21821,41236052947,260711000.7
1499299200,2563.195514,42128232902,178182801.7
1499385600,2519.217392,41409824820,117876420.6
1499472000,2363.515682,38856285255,387541497.1
1499558400,2353.910661,38703498121,420715282.4
1499644800,2387.328912,39258160521,314834432.8
1499731200,2364.321266,38884514157,233041527.7
1499817600,2228.728791,36658380772,320113442
1499904000,2033.291088,33447052810,463942211.4
1499990400,1927.099066,31704152053,480771847.6
1500076800,2181.286081,35890008657,495170862.9
1500163200,2303.889355,37911881678,729320057.5
1500249600,2274.621365,37434637985,577643323.8
1500336000,2766.825119,45540558048,1277986818
1500422400,2658.074912,43755767266,856653849.5
1500508800,2802.347887,46136314315,631346052.4
1500595200,2731.604007,44977531724,532874222.8
1500681600,2751.34707,45308735083,356970178.1
1500768000,2563.747895,42223997194,793382308.1
1500854400,2507.389685,41300436594,583046427.1
1500940800,2649.441201,43645402712,438390969.6
1501027200,2798.829313,46111586171,1248796319
1501113600,2720.102263,44819837646,862355190.6
1501200000,2740.323592,45158066502,373175816.2
1501286400,2871.368015,47322548226,438125892.5
1501372800,2737.763792,45126045891,745400937.1
1501459200,2697.850902,44473195323,412594211
1501545600,2777.367994,45788833024,339104668.2
1501632000,2845.897162,46925073393,368080367.5
1501718400,3237.070695,53382167034,1066264902
1501804800,3189.732453,52607099482,489419318.3
1501891200,3356.709738,55367416610,695546889.1
1501977600,3410.45008,56260701200,803019985.2
1502064000,3330.897825,54954274834,638922625.1
1502150400,3367.905387,55570438887,424604065.3
1502236800,3562.587663,58788973716,641330314.4
1502323200,3800.140625,62715286393,988460078.2
1502409600,4023.254522,66405071142,1549520790
1502496000,4175.695291,68927834713,1089626077
1502582400,4149.308759,68500212180,1908427436
1502668800,4262.558791,70376601817,1755705435
1502755200,4286.917435,70778773054,1774245121
1502841600,4097.685802,67671539511,1515069152
1502928000,4115.211988,67968693045,1710080500
1503014400,4001.228632,66092742689,551798952
1503100800,3935.229933,65008176479,712634899.4
1503187200,4008.416685,66221496791,1402352817
1503273600,4069.080239,67231683430,801748251
1503360000,4167.289177,68859869629,686855777.3
1503446400,4199.892032,69403950803,689332055.1
1503532800,4123.513371,68147140643,401970264.2
1503619200,4116.468739,68038485483,348607397.4
1503705600,4216.242773,69694649044,652038444.5
1503792000,4394.063436,72641940496,864725915.1
1503878400,4553.806527,75292523275,674336659.5
1503964800,4702.938163,77767841900,675647444.7
1504051200,4863.193049,80428274476,909131411.6
1504137600,4556.597777,75367266379,1475097323
1504224000,4632.462331,76631058146,1007165501
1504310400,4317.185188,71425022760,1554585274
1504396800,4447.875592,73598219046,1626968193
1504483200,4592.250278,75996461011,1060025862
1504569600,4584.820275,75883474995,669892692.7
1504656000,4285.207939,70933796921,1477975498
1504742400,4245.607341,70287354162,787822375.7
1504828800,4132.664642,68424784707,997139675.4
1504915200,4164.976212,68968724069,771493043.4
1505001600,4130.956285,68415142332,1062536774
1505088000,3883.652001,64328714659,1545425745
1505174400,3100.668155,51366093442,1950938472
1505260800,3587.943122,59446207725,3308099534
1505347200,3606.275197,59757602842,1399781741
1505433600,3553.432316,58889832717,846880197.9
1505520000,4012.285825,66500676482,1282809663
1505606400,3898.934732,64629619386,942656241.4
1505692800,3858.020951,63957210363,676074373.2
1505779200,3628.058588,60152757874,913652257.3
1505865600,3622.183039,60061814860,767837732.8
1505952000,3763.411406,62411285738,578068211.8
1506038400,3672.30508,60907151775,429544014.4
1506124800,3866.705153,64137374772,800311260.8
1506211200,3852.935205,63915425115,544391497.6
1506297600,4134.212415,68589320813,936452128.6
1506384000,4134.884951,68609525757,852500405.4
1506470400,4130.415246,68544241007,829225349.4
1506556800,4297.79117,71329258156,720251083
1506643200,4347.578735,72162524814,682387248.1
1506729600,4383.325497,72763860755,738468959
1506816000,4319.069212,71707074499,760685985.7
1506902400,4231.464187,70259971868,573368922.9
1506988800,4290.380404,71244448103,713160614.1
1507075200,4347.54724,72202651601,623863525.1
1507161600,4405.016201,73165830198,468192424.4
1507248000,4562.321931,75788890435,771225396.3
1507334400,4758.72165,79061044586,1128809803
1507420800,4769.477347,79249573591,1134289150
1507507200,4807.925895,79896727839,836737765.8
1507593600,5331.619302,88609513441,2084912155
1507680000,5610.493162,93253757323,3174154333
1507766400,5679.216222,94406037194,2311782992
1507852800,5684.047104,94500193338,1665374311
1507939200,5728.932751,95258545426,1060235880
1508025600,5643.859077,93855824390,1106795867
1508112000,5592.782224,93017336299,2100240730
1508198400,5696.380141,94752516352,1229468606
1508284800,5952.771359,99030673397,1843078157
1508371200,6043.966731,100559216277,1763987337
1508457600,6003.464019,99899292228,1799855390
1508544000,5959.983041,99188570754,2039339671
1508630400,5550.081585,92378194194,2240037527
1508716800,5704.874807,94967978387,1621897626
1508803200,5883.053184,97947023065,1501048614
1508889600,5775.516665,96164443214,1332315431
1508976000,5734.307454,95484533855,892992277.1
1509062400,6123.549771,101977770674,1942980853
1509148800,6104.388709,101669814829,1307795535
1509235200,6368.651641,106082152741,1800486324
1509321600,6714.788987,111860407349,2095690343
1509408000,7059.793861,117621545280,4363333286
1509494400,7234.738382,120546744686,2826731065
1509580800,7390.535227,123154674358,2043449643
1509667200,7416.267951,123596829566,1942850009
1509753600,7103.046081,118388777525,2653734035
1509840000,7166.741372,119464110442,1829995407
1509926400,7461.824435,124396351242,3478638875
1510012800,7186.292775,119816786360,2330693501
1510099200,6656.839694,110999386930,3886426126
1510185600,6365.397852,106146109132,3148369501
1510272000,5866.513129,97832172888,6001017947
1510358400,6423.091402,107125442451,4636291556
1510444800,6652.21678,110957725266,1824550615
1510531200,7297.668836,121737427357,2935591360
1510617600,7814.944404,130381304859,3413089663
1510704000,7783.542465,129865386010,3245859431
1510790400,7827.631469,130622715624,2227536660
1510876800,8011.14743,133701043638,1572771189
1510963200,8220.509966,137213053126,1706394366
1511049600,8114.13368,135455116260,2901936853
1511136000,8257.123895,137857431278,1528137247
1511222400,8117.664348,135545106328,1550586715
1511308800,8278.128436,138239984963,2135298893
1511395200,8743.159378,146022669794,2124257199
1511481600,9342.988641,156058041450,3493015607
1511568000,9831.40293,164237026935,3629754500
1511654400,10257.06742,171368281967,3453118782
1511740800,9875.892308,165021094137,10258439068
1511827200,10406.18772,173903131019,7443964833
1511913600,10995.72355,183780731164,5021611420
1512000000,11162.54503,186591841367,3178820955
1512086400,11256.70183,188190520506,5761492456
1512172800,11634.98496,194541160319,3216349724
1512259200,12174.25374,203585321680,3131952574
1512345600,13876.47358,232080024191,5086411370
1512432000,18491.18155,309298517515,16482921408
1512518400,16908.00495,282850210543,24144297784
1512604800,15266.42639,255421618137,7307194000
1512691200,15808.5099,264523195369,10474626173
1512777600,17106.50515,286279279595,7710546750
1512864000,17249.92021,288713846624,4686094940
1512950400,16525.04449,276619329724,4407769522
1513036800,16865.36166,282355027769,4117594354
1513123200,17978.63056,301031043805,6146229229
1513209600,19665.39493,329315720182,5116192713
1513296000,19423.58015,325311461891,4251128480
1513382400,19188.05396,321409248361,5411492205
1513468800,18174.18676,304459646944,6141309845
1513555200,17059.88835,285821795918,7509260354
1513641600,16355.23823,274043056258,5580926437
1513728000,14084.82493,236028031211,12164204097
1513814400,15241.91647,255444795622,5076754666
1513900800,14451.11455,242218743695,4129411908
1513987200,14302.75371,239755987704,2485439207
1514073600,16616.68206,278573473666,4255570626
1514160000,16373.08108,274522325687,4950722889
1514246400,15067.8995,252666630245,5266566468
1514332800,15096.55944,253178163423,3753038184
1514419200,13620.36187,228445816989,3600481281
1514505600,14839.59079,248925602661,2921202870
1514592000,14093.60683,236440337972,2345478674
1514678400,15321.93285,257079617265,4130217904
1514764800,15583.88554,261505188676,3310355625
1514851200,15976.36519,268124738815,4217387188
1514937600,18336.92298,307774011688,6275687596
1515024000,18343.66249,307926110570,4240919831
1515110400,17039.87391,286074127681,3044989247
1515196800,15900.36502,266976271423,5752981090
1515283200,15604.72341,262044268423,4214092202
1515369600,15509.27013,260474112842,4969472883
1515456000,14050.56961,236008991342,5833888113
1515542400,14759.29463,247945818276,4021952803
1515628800,15193.3149,255265724751,3134247725
1515715200,14476.58897,243252295974,3336056551
1515801600,14411.99771,242193794409,3222958351
1515888000,11723.91352,197043955229,9677283153
1515974400,11415.39284,191882616843,10225958521
1516060800,11569.42499,194496634731,6558304864
1516147200,11758.46933,197698672433,4208563477
1516233600,13260.27119,222978421656,4520485016
1516320000,11703.50486,196828374433,4319501969
1516406400,10991.59501,184878210439,5012581424
1516492800,10894.00091,183260375708,4779406611
1516579200,11277.11597,189730563331,3582338296
1516665600,11225.25446,188880475665,3204496193
1516752000,11044.90724,185867144988,4616389063
1516838400,11456.21351,192805209257,2894314081
1516924800,11665.69693,196359635509,2682886341
1517011200,11157.66389,187828526722,2345235501
1517097600,11095.21069,186776632503,2321424680
1517184000,9989.689777,168188285151,3804947187
1517270400,10114.49509,170304196700,3225562145
1517356800,9070.555449,152744180864,4769515274
1517443200,8830.16351,148715185541,6813550017
1517529600,8994.914866,151507305723,3422042095
1517616000,8315.517491,140081544557,3337096341
1517702400,6852.052701,115444836533,5313588643
1517788800,7711.220329,129936854004,9152685413
1517875200,7611.610278,128271617562,4862232217
1517961600,8208.572084,138345016555,3190753947
1518048000,8650.71675,145812043728,2960039949
1518134400,8574.677638,144544944417,3371677738
1518220800,8168.63778,137716289625,2806997177
1518307200,8911.398574,150256428070,3069219871
1518393600,8518.269076,143645913956,2551515988
1518480000,9428.025607,159007423075,3282094241
1518566400,10112.58014,170569769074,4332356646
1518652800,10155.27706,171309236631,3141038601
1518739200,11006.64769,185692327611,3699819140
1518825600,10523.42931,177561296505,4740378627
1518912000,11103.09004,187364222443,3486171705
1518998400,11502.37705,194121879194,4225354045
1519084800,9973.59212,168362084194,4574800113
1519171200,10032.86311,169362253983,4626064156
1519257600,10301.88361,173922837770,4009462976
1519344000,9742.62819,164497574061,3465387502
1519430400,9699.517182,163790896886,2743650278
1519516800,10355.57813,174886939893,3646748812
1519603200,10709.38843,180884108725,3398119467
1519689600,10346.66493,174778709348,3182259829
1519776000,10859.55219,183463718171,2892166041
1519862400,11098.07581,187514886761,3031487197
1519948800,11356.0416,191899353575,3019436740
1520035200,11286.67629,190747933123,2580256309
1520121600,11526.42093,194821583687,2693945511
1520208000,10727.71625,181342656441,3618749299
1520294400,9999.682486,169056252058,4896773758
1520380800,9420.85489,159289105130,4028135944
1520467200,9276.33759,156862284243,5476476289
1520553600,8890.865804,150359761908,3260891796
1520640000,9512.456113,160888688653,3876612722
1520726400,9232.70588,156177221216,4019736167
1520812800,9216.530976,155921695042,3628990704
1520899200,8307.223386,140553335048,4020163253
1520985600,8359.365283,141449655896,4571407140
1521072000,8520.008159,144184737078,3070872383
1521158400,8063.409792,136472702737,2591898944
1521244800,8217.8422,139102798581,4330642348
1521331200,8640.52143,146274523240,4276409100
1521417600,8926.820496,151135311240,3554700592
1521504000,8970.317906,151888445786,3081152046
1521590400,8736.385769,147943048662,2931676660
1521676800,8824.592832,149451318666,2877067842
1521763200,8621.150792,146022681303,2444371384
1521849600,8478.638196,143623891714,2066020545
1521936000,8186.196063,138684803359,2972024163
1522022400,7836.763044,132779843611,2653185409
1522108800,7930.779541,134386559682,2033730317
1522195200,7126.895193,120777974800,3680239216
1522281600,6897.268578,116900853303,4264255595
1522368000,6975.275314,118234055447,2565052340
1522454400,6836.572327,115896903503,2649647152
1522540800,7080.417232,120044225924,2253363912
1522627200,7464.356094,126568883855,2762080503
1522713600,6845.315978,116084750821,2544238382
1522800000,6855.422305,116269847527,2568972346
1522886400,6628.754456,112436767361,1840465006
1522972800,6884.477235,116789559213,1856418406
1523059200,6984.808966,118505840499,1413593787
1523145600,6778.49157,115017783886,2437632634
1523232000,6829.316504,115885988821,1550558592
1523318400,6925.101995,117533696705,1586992258
1523404800,7836.396994,133015394396,4980342880
1523491200,7845.75284,133189892501,3910297535
1523577600,7897.719931,134086501771,2294693915
1523664000,8258.067084,140220533919,2350690711
1523750400,8030.999262,136379313439,2754142166
1523836800,7873.63551,133722872890,2491337660
1523923200,8097.418233,137539507140,2326968646
1524009600,8277.460639,140616565985,2422027692
1524096000,8499.450009,144401932889,2961030105
1524182400,8878.42826,150858701628,3214807963
1524268800,8769.011999,149017082314,2503340750
1524355200,8881.391704,150943914746,2205498227
1524441600,9716.489757,165155791738,4398198651
1524528000,8825.2025,150020058559,5523433548
1524614400,9221.868026,156779014055,3847600030
1524700800,8940.381122,152009053536,2839339949
1524787200,9249.659525,157282709009,3006508148
1524873600,9325.628851,158592809945,2827554754
1524960000,9198.18951,156443377473,2508704421
1525046400,9024.387512,153504488649,2661071473
1525132800,9122.653014,155192629946,2179558786
1525219200,9551.135184,162498830620,1228125378
1525305600,9634.538226,163935762594,2695999384
1525392000,9766.244485,166195961946,2617990804
1525478400,9583.871746,163109111221,2626417557
1525564800,9308.265026,158435513590,2767085706
1525651200,9149.517833,155749835750,2455200522
1525737600,9248.960396,157460887034,2363841215
1525824000,8969.940376,152728483796,2359598426
1525910400,8405.560563,143131877389,3726075355
1525996800,8480.580376,144426929746,2995955137
1526083200,8683.986203,147906738510,2283320840
1526169600,8696.974004,148142733212,3143239504
1526256000,8473.348649,144348790080,2586241490
1526342400,8343.125222,142149224754,2772906142
1526428800,8056.053192,137271416445,2173653717
1526515200,8202.82541,139787112156,2127912775
1526601600,8180.62701,139424471287,1672351903
1526688000,8443.260246,143916527618,1660868681
1526774400,8354.996336,142427831413,1711697912
1526860800,8009.299507,136550347059,1895031387
1526947200,7556.316043,128842835524,2777184893
1527033600,7563.435465,128977752305,2602938657
1527120000,7472.022602,127435061536,1959178260
1527206400,7328.871674,125008468874,1289488237
1527292800,7326.64394,124985768474,1247227035
1527379200,7111.068925,121322210033,1770692328
1527465600,7451.230837,127138205822,2224251684
1527552000,7380.851558,125953862790,1772428208
1527638400,7460.16695,127322669333,1714862985
1527724800,7487.076305,127797556818,1637953743
1527811200,7567.512938,129185013358,1531230054
1527897600,7639.879446,130436135449,1432775394
1527984000,7463.654996,127444424301,1643488925
1528070400,7569.01134,129259980382,1754013550
1528156800,7605.578489,129898428226,1562705992
1528243200,7613.777393,130052073723,1459894514
1528329600,7561.166101,129167113171,1362045102
1528416000,7415.001379,126683533783,1102262799
1528502400,6767.499485,115631864818,2788497501
1528588800,6880.133649,117568067797,1973448736
1528675200,6581.828075,112482862605,2060764063
1528761600,6334.098906,108260201574,2571112868
1528848000,6644.72068,113582443266,2354179149
1528934400,6406.80705,109527730085,1740752642
1529020800,6478.815924,110772203148,1306649276
1529107200,6418.850002,109759607021,1120785833
1529193600,6677.533403,114196505243,1750367371
1529280000,6708.68182,114742187734,1649449915
1529366400,6714.375461,114852494306,1626421446
1529452800,6690.832152,114463912846,1400178396
1529539200,6088.579442,104172397755,2932411240
1529625600,6169.437264,105568325741,1635692583
1529712000,6159.707194,105415073017,2452039492
1529798400,6241.848712,106832748620,4326984848
1529884800,6069.872606,103900589096,3248018160
1529971200,6117.03641,104717160923,2057221708
1530057600,5879.988974,100670773792,1928320709
1530144000,6182.256748,105857391287,2341618860
1530230400,6366.499468,109023438456,2086842502
1530316800,6312.877243,108116702995,2601785822
1530403200,6595.547313,112969688595,3392521918
1530489600,6497.607355,111301577387,3013786719
1530576000,6562.721737,112427869580,3111969366
1530662400,6537.740872,112011029363,3315114738
1530748800,6603.294704,113147533992,4742128038
1530835200,6759.836089,115842716194,6047929423
1530921600,6700.635479,114841688928,5015170530
1531008000,6648.256796,113955190215,5246420831
1531094400,6303.380665,108055463517,4358427108
1531180800,6373.234805,109263693477,3969169304
1531267200,6230.590197,106829387990,3534743492
1531353600,6248.397313,107145717585,3951261053
1531440000,6246.137412,107117271574,3709146623
1531526400,6349.695837,108903950780,2857367440
1531612800,6741.69196,115637208433,4559363479
1531699200,7303.37306,125285895739,6194130741
1531785600,7334.771372,125840376647,4843025305
1531872000,7442.800739,127709804700,4107857511
1531958400,7331.871523,125820597539,3727831731
1532044800,7379.137272,126644347499,2892881147
1532131200,7395.866405,126948286633,5717881946
1532217600,7704.995679,132270404905,6202101798
1532304000,8422.373923,144602365043,5592076818
1532390400,8144.553482,139850429189,4086880124
1532476800,7929.079244,136166569453,3429994450
1532563200,8145.333168,139897416706,3624913498
1532649600,8192.135702,140716208460,3659115451
1532736000,8197.593576,140827378169,2598593362
1532822400,8185.921138,140640772124,3497813385
1532908800,7738.249305,132963528816,4675498855
1532995200,7612.300754,130813483342,11591125727
1533081600,7540.633151,129596337580,6834800615
1533168000,7411.666382,127395242324,5580835718
1533254400,7009.012012,120489906899,5952900998
1533340800,7036.609331,120977961419,5989412029
1533427200,6926.116779,119089729729,6927841832
1533513600,6711.732422,115416628668,6729676124
1533600000,6259.52771,107652609456,6834119515
1533686400,6531.249787,112337822894,5843796067
1533772800,6166.590418,106079149844,6731245061
1533859200,6205.21848,106756980149,5708911347
1533945600,6318.407222,108716328041,5507023282
1534032000,6283.996251,108135868387,5381627198
1534118400,6212.22604,106911788927,7179484727
1534204800,6267.768709,107788817700,6619548180
1534291200,6309.385226,108578823549,5982589407
1534377600,6566.715163,113018605465,6206194159
1534464000,6382.060591,109889851531,5616965846
1534550400,6475.49402,111490970656,5160365103
1534636800,6242.882438,107511643841,5578292471
1534723200,6467.27173,111399689881,5658517103
1534809600,6336.656327,109149076720,6759411528
1534896000,6521.065718,112327439429,6096332849
1534982400,6684.379144,115177527172,6913767388
1535068800,6736.036058,116073397012,5280060348
1535155200,6728.288003,115406552891,5215045899
1535241600,6911.096029,118546009736,5444349729
1535328000,7075.983405,121992306938,6246602892
1535414400,7046.748947,121479639297,5976493149
1535500800,7024.145107,121103237786,6587864491
1535587200,7027.631279,121186316787,5959884321
1535673600,7211.270768,124380655386,6257915214
1535760000,7305.272801,125994361369,6640164155
1535846400,7260.897517,125200923805,4511643010
1535932800,7359.462993,126949626756,5344233220
1536019200,6764.926774,116602093876,7036065651
1536105600,6498.279613,112034863191,6558109771
1536192000,6397.81887,110396118507,4422971842
1536278400,6181.194451,106668555554,3851077568
1536364800,6260.764806,108219061919,4174629548
1536451200,6308.135475,108846231385,4504626594
1536537600,6278.91707,108449181465,5001529025
1536624000,6330.574238,109298582014,5026516733
1536710400,6486.46163,112124461661,4987196752
1536796800,6500.012255,112334356298,5350596522
1536883200,6530.221146,112796085615,4295951324
1536969600,6506.248493,112373562207,4715407407
1537056000,6250.121727,107960190646,4600931272
1537142400,6347.069255,109629673485,4472798160
1537228800,6383.753841,110292032125,5380977505
1537315200,6491.885242,112172960507,5059042420
1537401600,6753.834472,116710823191,5931455400
1537488000,6747.032173,116607568774,5159534299
1537574400,6711.029452,116001860056,4322794079
1537660800,6596.187313,114024650850,4626497702
1537747200,6441.311545,111360852966,4580781824
1537833600,6462.795635,111760801181,3788299697
1537920000,6704.704246,115905890383,4690261095
1538006400,6634.765965,114768551691,3140320712
1538092800,6606.073795,114265552574,2294291064
1538179200,6626.037956,114617564008,1908960743
1538265600,6598.84126,114225251471,1893760873
1538352000,6524.607698,112814709079,2035903501
1538438400,6499.262379,112545036631,2247969611
1538524800,6578.701809,113846158430,2059404665
1538611200,6621.189364,114567814411,1840911130
1538697600,6589.124682,114021329402,1464404366
1538784000,6584.832153,113962679825,1499424737
1538870400,6653.089451,115167647222,2081626437
1538956800,6633.74573,114837789505,1741398467
1539043200,6582.455082,113987017102,2070407902
1539129600,6234.367641,108155761831,3581191343
1539216000,6285.592983,108845285497,2295615181
1539302400,6314.883384,109372673142,1851879465
1539388800,6328.55476,109624316973,1847113724
1539475200,6659.875508,115236573310,6217858944
1539561600,6635.125668,114960968518,2746546151
1539648000,6635.741832,114953321633,2820354466
1539734400,6517.511088,112970698851,2625598931
1539820800,6483.827769,112394945005,2652532022
1539907200,6532.67875,113214078425,2387105749
1539993600,6529.670021,113208108539,2127987153
1540080000,6512.589059,112905904007,2655159955
1540166400,6472.799661,112227883463,2784381147
1540252800,6481.44359,112363064964,2607022302
1540339200,6458.191522,112010056845,2618534041
1540425600,6468.826425,112200801079,2698016931
1540512000,6457.058635,111998326692,2383295891
1540598400,6481.323142,112422008134,2065446089
1540684800,6292.647924,109167179052,3631795693
1540771200,6331.781808,109890575608,1962209614
1540857600,6366.72011,110487418903,2042670545
1540944000,6379.972972,110896563655,2922702484
1541030400,6425.441583,111528929053,2675454291
1541116800,6388.189788,110888814024,2582446887
1541203200,6351.061941,110241536216,3198297932
1541289600,6415.443409,111383003826,3213571991
1541376000,6474.84729,112347500910,3408876944
1541462400,6574.80118,113943582818,3120683821
1541548800,6490.454731,112723294658,2402484611
1541635200,6413.782039,111440702128,2707057000
1541721600,6429.898792,111308110603,1672332108
1541808000,6434.284597,111773252087,2943678894
1541894400,6411.353436,111385885802,2651674691
1541980800,6394.289276,111126759495,2890964719
1542067200,5788.612494,100585460320,5690409837
1542153600,5686.541131,98829079081,4981978553
1542240000,5609.956182,97344067024,3236633357
1542326400,5599.191596,97299989131,2525819291
1542412800,5638.861481,98118875508,2422604401
1542499200,4889.197859,85228342224,6126269575
1542585600,4450.711454,76601948314,6314969584
1542672000,4613.448412,80360705527,4321511764
1542758400,4307.388732,75518575145,3055231903
1542844800,4376.904947,76120308176,3520222576
1542931200,3895.836813,67756132282,3115187178
1543017600,4039.836551,70327984591,5226773378
1543104000,3811.923529,66796155269,4652103084
1543190400,3832.924516,66811830848,4050028039
1543276800,4267.243629,74381953561,4973628808
1543363200,4279.475593,74400715840,4313265392
1543449600,4009.68958,69715049461,4007783473
1543536000,4189.573823,73075855208,3183894471
1543622400,4124.593549,71784475616,3242289556
1543708800,3878.839235,67489136960,3128854933
1543795200,3943.692812,68592152288,3255899965
1543881600,3751.691966,65355774058,3020004368
1543968000,3466.763864,60357918912,3672494312
1544054400,3408.523617,59348913270,5243194484
1544140800,3424.705861,59526617774,3430203804
1544227200,3550.546434,61832986280,2938443354
1544313600,3433.80844,59805353929,2614506143
1544400000,3378.808778,58852767064,2720740077
1544486400,3438.100074,59878323500,2552041790
1544572800,3294.636157,57318285688,2620531733
1544659200,3216.62715,55998515509,2663819605
1544745600,3221.976204,56171263934,2103029920
1544832000,3217.046835,56050483690,1972663570
1544918400,3506.217013,61143447505,3421249875
1545004800,3655.775046,63720433230,3898845062
1545091200,3687.750553,64363548271,4721562504
1545177600,4065.097238,70578857837,6126325233
1545264000,3846.227498,67118181897,4813606169
1545350400,3960.567773,68846085704,3568245608
1545436800,3941.61774,68680118909,3514437243
1545523200,4021.990255,70266326465,5022191528
1545609600,3759.178427,65350104373,4189084247
1545696000,3781.613082,65972460015,3568561116
1545782400,3587.70388,62808667854,3386167814
1545868800,3854.421097,67263083067,3561935969
1545955200,3778.19394,66838758054,3031003209
1546041600,3809.728229,66494185031,3109685385
1546128000,3692.531566,64422635600,2991427568
1546214400,3794.264254,66188448932,2689877851
1546300800,3872.172184,67643304990,3263469039
1546387200,3776.525808,65922288583,2261199755
1546473600,3815.26808,66650769533,2950054796
1546560000,3787.307857,66070973627,2763831884
1546646400,4013.520091,70084169300,3435733236
1546732800,3989.668718,69602133074,3360163853
1546819200,3973.591255,69418693910,3482430798
1546905600,3982.225913,69609283899,3230523441
1546992000,3623.847729,63326376681,4144535970
1547078400,3632.849306,63121578244,3263342033
1547164800,3598.436347,62924488426,2456062890
1547251200,3495.832311,61050348902,2675674830
1547337600,3648.048286,63758350561,3101461658
1547424000,3567.801243,62348810149,2953789408
1547510400,3597.647323,62969304894,2753646524
1547596800,3620.981281,63320099663,3049367561
1547683200,3597.793252,62898826372,2649449860
1547769600,3674.587271,64269861568,2766880413
1547856000,3539.167531,61969431897,2940644469
1547942400,3531.004183,61784404483,2561594565
1548028800,3571.266908,62482350134,2718371972
1548115200,3555.700003,62216525710,2663764215
1548201600,3565.642005,62397665388,2514079888
1548288000,3564.822417,62386316357,2582590473
1548374400,3563.614563,62374968461,2548165746
1548460800,3553.121681,62192208388,2882787007
1548547200,3432.215668,60087154448,3445780458
1548633600,3413.375483,59768195291,4865613085
1548720000,3457.882649,60555372964,4973814467
1548806400,3431.943638,60101226569,4330022381
1548892800,3464.490148,60678990333,3765731026
1548979200,3486.581616,61071179758,3310421844
1549065600,3454.025844,60524138032,2375918195
1549152000,3464.003509,60723961266,4454914649
1549238400,3469.894677,60825168549,3653777872
1549324800,3405.836861,59682137962,4211212356
1549411200,3394.014653,59482397753,3297274818
1549497600,3664.282103,64226481382,6293135761
1549584000,3667.408264,64286029202,4883557857
1549670400,3675.691629,64439836442,5081021130
1549756800,3631.44454,63670312531,5446022476
1549843200,3633.965047,63712841387,5532706262
1549929600,3610.062273,63267872021,5635612273
1550016000,3589.66183,62991824524,11971659893
1550102400,3601.229191,63165603232,4506367417
1550188800,3622.591653,63547140519,4019925055
1550275200,3665.075531,64383522064,4945386865
1550361600,3886.5202,68147457623,9588927259
1550448000,3915.009971,68719418872,5969708630
1550534400,3976.808907,69790459106,6377580055
1550620800,3934.813594,69059468753,6838246918
1550707200,3973.641323,69748877117,5999302846
1550793600,4115.337927,72266544792,8493566415
1550880000,3742.868947,66108588220,11112465191
1550966400,3824.683504,67154603800,9049456994
1551052800,3809.209775,66890485485,2992667601
1551139200,3813.377892,67155912259,7731184276
1551225600,3815.607608,67016664287,7627783001
1551312000,3815.75394,67085713234,5524886886
1551398400,3819.645731,67101767699,3291046239
1551484800,3806.954274,66885712070,6749676087
1551571200,3712.812457,65238057882,3608196681
1551657600,3852.461666,67733767403,9088065055
1551744000,3860.510762,67888909504,8477459044
1551830400,3871.637248,68020879276,6098011810
1551916800,3861.879307,67914021946,9387592412
1552003200,3941.600873,69292799411,8968209822
1552089600,3923.559789,68962957216,8576340544
1552176000,3860.35923,67983966610,6459945402
1552262400,3876.480853,68203157396,8326845841
1552348800,3865.817783,67968370344,7240802847
1552435200,3876.698708,68177693410,8610482287
1552521600,3925.46058,69031558676,8157372615
1552608000,4007.709464,70497099778,8463266885
1552694400,3980.990105,70051219293,6533306537
1552780800,3986.706894,70152235369,7639543945
1552867200,4013.576969,70618508802,7503839511
1552953600,4045.572634,71208656537,9137227916
1553040000,3983.317781,70175421257,9845582434
1553126400,3989.158491,70227188529,9404569963
1553212800,4008.945386,70485598084,9206940725
1553299200,3993.3949,70330401860,9883972401
1553385600,3927.577297,69206266249,10661215003
1553472000,3938.659743,69368692535,19375985748
1553558400,4036.160918,71134892682,16215886403
1553644800,4028.391301,70961529493,15160882531
1553731200,4103.32286,72303023146,16340416942
1553817600,4103.856421,72305792937,13007834060
1553904000,4103.521739,72310769858,9729996888
1553990400,4146.321928,73066822742,12393581267
1554076800,4862.230428,86200568433,24241877355
1554163200,4955.831824,87673795384,27840300619
1554249600,4899.021554,86482892583,23773239681
1554336000,5014.955827,88332459638,20072621554
1554422400,5041.869076,88955701285,19652913084
1554508800,5176.977884,91102196906,22875598540
1554595200,5266.894776,92817357385,21960916923
1554681600,5172.175265,91255525158,15780870293
1554768000,5308.905683,93646653914,19407452727
1554854400,5047.793162,89079171480,19758274668
1554940800,5082.465152,89668931908,15595642634
1555027200,5072.987191,89473995794,12260233701
1555113600,5149.314493,90952758268,12373544681
1555200000,5039.881017,89148028192,13837248985
1555286400,5213.598377,91835875598,13646324290
1555372800,5218.95715,92156851199,14530488676
1555459200,5274.767013,93215173177,15343841014
1555545600,5280.354444,93210585887,16257796674
1555632000,5307.689183,93900276129,14990889922
1555718400,5311.16484,93759009855,16383813162
1555804800,5380.93579,94990455843,17199396917
1555891200,5557.925728,98039931169,19400647820
1555977600,5452.101753,96218396013,20538511242
1556064000,5203.088599,91817406864,19329534424
1556150400,5295.84732,93049690718,19632024918
1556236800,5256.977802,93148101240,14876251954
1556323200,5257.803249,92775167509,15573084969
1556409600,5199.755009,91885324030,15442022887
1556496000,5292.803975,93534079556,16794865767
1556582400,5354.5868,94579889910,14566414700
1556668800,5450.70662,96389607752,16512618031
1556755200,5731.4931,101175865117,20006287572
1556841600,5803.943309,102653043813,19242843060
1556928000,5749.32378,101764683179,16184057012
1557014400,5715.757136,101101531131,16811224132
1557100800,5841.053771,103982497546,19408267639
1557187200,5957.856733,105271848240,16672412472
1557273600,6168.268996,109284325643,18401396126
1557360000,6370.233759,112684642519,20801839693
1557446400,7258.261281,129323693413,32480039430
1557532800,6953.751389,122826926577,31545333637
1557619200,7805.981649,138089773338,32078035931
1557705600,7990.055554,141341132029,35426123185
1557792000,8192.223139,144615566025,30893707828
1557878400,7875.9132,139525363820,35026947534
1557964800,7343.371457,130123159718,33030146386
1558051200,7300.655158,129270047520,22478772524
1558137600,8168.73069,144597541605,30747684364
1558224000,7976.851713,141109768386,28621475468
1558310400,7958.365526,141016653223,25314342979
1558396800,7665.796854,135913068221,24589881451
1558483200,7861.812792,139495233992,25345060243
1558569600,7977.244882,141356836449,27368459147
1558656000,8037.627432,142301375409,23978335158
1558742400,8631.080578,152778982388,29224396883
1558828800,8816.033915,156351517829,33136840741
1558915200,8726.97811,154706420285,27335990651
1559001600,8650.677406,153190671230,28214892247
1559088000,8310.891063,147528939419,33295240431
1559174400,8575.646353,152037344606,30329343189
1559260800,8554.261728,151754429106,26683797990
1559347200,8743.705469,155008799790,25133975363
1559433600,8173.632762,145118113642,24486741553
1559520000,7683.636261,136045887610,25442100900
1559606400,7812.448855,138590833268,24641673547
1559692800,7821.123897,138816674701,24560046378
1559779200,8036.108159,142810130543,23629265497
1559865600,7942.539284,140990840428,19829877311
1559952000,7668.029628,136055336062,20152037018
1560038400,8002.729983,141925422733,21741587788
1560124800,7897.975477,140220553938,21017248550
1560211200,8145.059098,144409895372,22181532883
1560297600,8227.625726,145982200974,22919390184
1560384000,8671.505389,154448670611,23291543613
1560470400,8818.609507,156571955413,21892878337
1560556800,8978.772588,159990740760,27305637341
1560643200,9312.868295,165478791606,27464356714
1560729600,9094.021746,161689176435,25029522787
1560816000,9285.928674,164856060873,22298101529
1560902400,9548.314565,169961289185,24707058599
1560988800,10118.35946,179686819951,28580960083
1561075200,10704.92215,190271555704,40190146697
1561161600,10846.1251,193006026351,29108428088
1561248000,11045.55042,196224565119,27529761441
1561334400,11808.4199,209906767119,33544426408
1561420800,12996.12434,231104555835,56948964491
1561507200,11178.683,198805331512,49628524363
1561593600,12352.19687,219700496726,44872003181
1561680000,11972.55567,213020899675,37724824507
1561766400,10888.09718,193705059814,34920211165
1561852800,10639.04629,189075622551,37463414437
1561939200,10822.76418,191741802294,39264695559
1562025600,11975.63739,213139916542,39944515602
1562112000,11229.60562,199869428147,32487315000
1562198400,10987.24886,195514947598,31349147297
1562284800,11279.47638,200989208003,28013279881
1562371200,11436.43075,203441013270,25828700447
1562457600,12260.2827,217909027168,30917398836
1562544000,12544.16726,223082925043,35885342263
1562630400,12166.39829,216918064310,42163626088
1562716800,11385.06049,202244103401,37061858273
1562803200,11804.56279,210058300504,30078548880
1562889600,11418.51186,202979011731,28485045772
1562976000,10285.46111,183265698057,29857566851
1563062400,10911.34516,195225460386,37553147017
1563148800,9538.827124,170100385848,34409824869
1563235200,9657.303101,172236725014,33328381505
1563321600,10636.15573,189588944050,34034952895
1563408000,10536.56585,187718958961,28858600368
1563494400,10774.28114,190839615019,26163874235
1563580800,10607.46356,189302289398,22814710058
1563667200,10343.31814,184582963699,21903683695
1563753600,9936.380762,177060329754,22986552398
1563840000,9799.306313,175298806838,33861034799
1563926400,9878.231933,176569486288,21622492404
1564012800,9845.999447,175634298897,19942172081
1564099200,9447.678401,168472890624,21257664351
1564185600,9534.755427,170325673262,18649152593
1564272000,9510.593552,169247002246,18424113910
1564358400,9568.437452,170790961771,20138691741
1564444800,10062.99629,179525433372,22957330876
1564531200,10361.312,185025579625,23668036460
1564617600,10529.17191,187993708173,24128945575
1564704000,10791.20052,192658484290,22296222953
1564790400,10951.59383,195575205442,23160251365
1564876800,11818.52553,210831100252,30944497414
1564963200,11510.16415,204493918414,31588470768
1565049600,11970.65756,213446022649,30083670252
1565136000,12024.33157,214023992148,26678574728
1565222400,11852.56161,211775940827,26240065035
1565308800,11327.84264,202567916483,24949094387
1565395200,11549.99835,206323428608,23042219585
1565481600,11381.24136,203438784511,19933740546
1565568000,10903.65499,194716791550,22886684528
1565654400,10016.21739,178691691521,26620934498
1565740800,10295.87714,183808182262,31003755662
1565827200,10324.9936,184635409004,28168163141
1565913600,10224.21871,182893178091,20998246407
1566000000,10309.87244,184381498344,19708814223
1566086400,10895.97184,194884121165,22097997942
1566172800,10743.78931,192182485884,19460170323
1566259200,10124.05821,181094936744,22757336326
1566345600,10127.78986,181311699890,20144228964
1566432000,10385.50909,187878412536,18313019853
1566518400,10145.01248,181764456091,21187546608
1566604800,10090.06158,180491202154,17899166778
1566691200,10334.91185,184989701186,23392461463
1566777600,10167.88939,181891056658,20937236587
1566864000,9753.487049,174174790993,22948105442
1566950400,9485.141424,169825879930,20461661030
1567036800,9588.987502,171703455568,16388578394
1567123200,9607.289264,172069023390,15364904439
1567209600,9729.266232,174169160999,15003447441
1567296000,10323.02266,184367332386,20258697359
1567382400,10620.16519,190297653629,23588848898
1567468800,10573.51518,189378108189,21198071665
1567555200,10570.24994,189354988380,18952591605
1567641600,10350.74833,185513074362,23555216964
1567728000,10461.54773,187490153206,18658457494
1567814400,10404.3339,186487925900,16804085431
1567900800,10321.93161,185101736449,21012460994
1567987200,10121.1023,181228983505,17425806761
1568073600,10150.71002,182006412816,19989784061
1568160000,10401.31992,186490286819,17986804177
1568246400,10355.6269,185791118117,16650634276
1568332800,10349.55196,185709926005,16529697331
1568419200,10305.67502,184860740268,13781855194
1568505600,10268.4217,184216635305,17580630288
1568592000,10203.07105,183148194810,17279102873
1568678400,10158.85452,182304851002,18848349198
1568764800,10253.23237,183793185093,23532550738
1568851200,10178.44257,182621118150,17281137872
1568937600,9997.199888,179541584401,15973816316
1569024000,10041.3042,180261864538,16268084727
1569110400,9699.504938,174073117683,17797331462
1569196800,8702.713528,158225996381,27762368999
1569283200,8446.244116,151968918856,25000732108
1569369600,8098.80982,145450672157,22627889544
1569456000,8183.482348,147034755882,19755414533
1569542400,8225.110372,147518938470,17936691398
1569628800,8064.380983,144886125388,16673592220
1569715200,8271.290855,148699326425,21681424235
1569801600,8366.503906,150346803071,17832872037
1569888000,8350.132163,150093691782,17676173879
1569974400,8176.354679,146959035400,17383555314
1570060800,8156.519554,146603545122,16931274118
1570147200,8140.242484,146326858013,16751341178
1570233600,7890.23435,141846566055,16860212059
1570320000,8182.251593,147113201630,21702135919
1570406400,8180.69113,147101302075,19349468269
1570492800,8573.060086,154173400068,21622617283
1570579200,8561.519329,153974523119,21307956537
1570665600,8277.848351,148684409190,22522161254
1570752000,8308.470967,149460560799,18009645881
1570838400,8289.497237,149295847367,17006193532
1570924800,8347.35035,150188449071,17384052861
1571011200,8175.863112,147132917996,17879549109
1571097600,8010.30218,144153894666,18700096465
1571184000,8079.931459,145395122717,17154383747
1571270400,7957.314094,143241128773,18867966948
1571356800,7949.802269,143016860664,16704267725
1571443200,8208.362622,147845092520,18477598770
1571529600,8220.918531,147972317569,17608633116
1571616000,8045.294247,144778678026,19789278104
1571702400,7468.532532,134533554377,23372887463
1571788800,7433.915346,133881191476,18827850067
1571875200,8652.03003,155391555503,33573878836
1571961600,9217.236032,166118326255,49973845767
1572048000,9502.020114,171191596562,38396780064
1572134400,9239.897284,166074573773,36102429175
1572220800,9407.163351,169552821617,32395177165
1572307200,9171.874474,165289440819,30846909824
1572393600,9151.824594,165197797837,30452200168
1572480000,9233.413802,166428932045,28239184319
1572566400,9302.834618,167702162283,24723381192
1572652800,9204.28635,166118344448,24204135433
1572739200,9378.953914,169099256442,30915689706
1572825600,9300.373963,167676477991,30247351916
1572912000,9340.048652,168462131862,28787468130
1572998400,9221.073785,166326340114,27099310470
1573084800,8795.896069,158619022798,30263888375
1573171200,8809.783674,159050488592,22726115539
1573257600,9043.673292,162996713001,24973742613
1573344000,8729.917418,157759659438,24569575080
1573430400,8806.751999,158722325408,25677565876
1573516800,8770.780825,158380664654,22919706604
1573603200,8652.025288,156230551241,24149531742
1573689600,8480.435542,152925645909,27102692385
1573776000,8496.376959,153343011226,21153024163
1573862400,8508.499434,153491320213,22808991915
1573948800,8202.834446,148089631527,25563738776
1574035200,8138.831605,146797393103,24993518394
1574121600,8095.865638,146173851046,23442272035
1574208000,7632.494765,137741605692,26390689050
1574294400,7293.013949,131796120680,39111609334
1574380800,7309.689244,132153647358,23984198665
1574467200,6935.738627,126056411448,25073885715
1574553600,7118.264883,128442554041,34693320000
1574640000,7157.684731,129550686419,25650766568
1574726400,7483.754192,135280930612,28972696169
1574812800,7438.621769,134540136589,22282583661
1574899200,7720.865011,139585890644,23595242634
1574985600,7556.397586,136619988248,19070509165
1575072000,7405.808479,133806709251,22892863740
1575158400,7308.982444,132186853223,19403364523
1575244800,7286.080952,131920184619,17246866851
1575331200,7209.971417,130707605072,24794733347
1575417600,7373.782499,133644089122,22344057774
1575504000,7530.92283,135763797983,20930338572
1575590400,7493.545155,135655571431,17579259211
1575676800,7508.315669,135886870643,17330633418
1575763200,7347.036951,133091781421,19646929699
1575849600,7233.950487,130970047495,19546221322
1575936000,7197.426826,130242932604,18016936696
1576022400,7200.707018,130489545692,19829801018
1576108800,7247.350277,131188243085,18535665729
1576195200,7081.740255,128114177662,19497758114
1576281600,7108.563022,128886696697,18896096612
1576368000,6901.036915,124984942946,22208927989
1576454400,6627.162515,119931733577,26481385709
1576540800,7274.768504,131230049167,57308255784
1576627200,7152.558692,129498636861,23539013331
1576713600,7185.43918,130122764301,22483207164
1576800000,7141.554857,129342305760,18632480433
1576886400,7488.196175,135086328271,24325792144
1576972800,7335.207616,132931613272,30235862119
1577059200,7266.608197,131358497319,26519710985
1577145600,7204.184876,130643567867,23546783551
1577232000,7208.489308,130768750218,24771695136
1577318400,7247.623712,131349923253,25893684880
1577404800,7307.887523,132567576728,21437778062
1577491200,7394.029286,133997529973,22035194451
1577577600,7240.428912,131377523457,22320671264
1577664000,7195.153895,130394101536,21187883711
1577750400,7193.754668,130422953818,18123516839
1577836800,6963.853354,126280790200,20313194628
1577923200,7300.346935,132766262579,31015776262
1578009600,7351.377053,133474716218,20611640058
1578096000,7349.972248,133388991087,21929224571
1578182400,7734.675516,140557168287,28148518762
1578268800,8147.415238,147798610896,34823187724
1578355200,8045.789125,146089575425,39971512000
1578441600,7832.795644,141913856953,29276053441
1578528000,8180.51317,146879934259,35777298156
1578614400,8012.085782,145561586659,31504583511
1578700800,8171.401185,148204228775,27533390876
1578787200,8110.647965,147446058196,27962176781
1578873600,8801.871213,159481192214,55384169406
1578960000,8820.850106,159960761752,48160401007
1579046400,8720.919501,158412991118,36462155571
1579132800,8902.568995,161848747742,41671910798
1579219200,8906.902675,161823609428,36801813632
1579305600,8690.38057,157906057309,39242297096
1579392000,8631.253954,156848009984,29527689343
1579478400,8724.818623,158564958351,27057681780
1579564800,8665.436914,157502652064,25628542095
1579651200,8415.956027,152984928859,30696020541
1579737600,8432.096676,153294353937,30691734305
1579824000,8348.665665,151794495723,26582198966
1579910400,8595.728298,156302144661,30241155463
1579996800,8879.335549,161473602737,39661537340
1580083200,9320.805854,169518428145,49812761504
1580169600,9276.893821,168738228802,47273353144
1580256000,9509.805136,172993102966,51037775415
1580342400,9308.060286,169340144566,50102814006
1580428800,9363.224207,170361167834,48307978234
1580515200,9338.416632,169926610304,55025402184
1580601600,9308.912702,169406963183,56824765308
1580688000,9179.959281,167075369075,55377658456
1580774400,9592.183874,174596806174,65675565621
1580860800,9744.636578,177388314198,71141695218
1580947200,9799.448456,178414902529,69495711756
1581033600,9890.701658,180081607384,71561797135
1581120000,10148.37972,184792100015,78110955305
1581206400,9890.121224,180145850760,81406687324
1581292800,10226.92577,186262984852,38930644712
1581379200,10328.89757,188132988213,45456624048
1581465600,10221.26031,186190344916,54151236618
1581552000,10320.15714,187680301471,50206573483
1581638400,9894.136124,180265718401,51460340289
1581724800,9943.673603,181221481669,42364906261
1581811200,9723.605026,176547652266,48517591137
1581897600,10133.81742,184918071499,54648014950
1581984000,9618.409248,175312937107,50502739124
1582070400,9608.169181,174871048291,53579139401
1582156800,9673.0118,176701844102,37678167401
1582243200,9658.606058,176097270350,32555342237
1582329600,9946.716123,181368043820,38743680759
1582416000,9670.960806,175872097740,41928789500
1582502400,9345.342702,170478976468,39441760776
1582588800,8801.657129,160731785488,45140119230
1582675200,8781.175282,160149975301,43045469001
1582761600,8717.331431,159030381910,41297721067
1582848000,8552.989119,156047250857,33291626663
1582934400,8567.802249,155934421965,34310775733
1583020800,8905.876104,162521881369,59776629743
1583107200,8756.718577,159816567727,68336042797
1583193600,8758.646993,159869936941,38832067217
1583280000,9038.870323,165070261613,38122635173
1583366400,9135.845066,166791067805,41388087588
1583452800,8902.20195,162543409238,36764763103
1583539200,8041.365538,147076617272,39132209138
1583625600,7921.332007,144664117909,45678665163
1583712000,7906.731529,144410718988,40882213634
1583798400,7935.52204,144948460093,38689036553
1583884800,5142.990459,93092131087,50009548492
1583971200,5542.819542,101262945297,74329688818
1584057600,5214.189112,95216478865,36054625747
1584144000,5397.933357,98632587514,32985693210
1584230400,5032.501351,91962797384,44034438468
1584316800,5389.415775,98079756007,36007089254
1584403200,5376.280748,98259998309,37618067230
1584489600,6170.2006,112778383593,48056214948
1584576000,6195.603505,113030383273,50936770688
1584662400,6145.770891,112349835902,40189198131
1584748800,5859.64743,107128564671,37255748385
1584835200,6456.347486,118046727573,45578824448
1584921600,6730.173782,123064256189,45846522059
1585008000,6695.900618,122445336599,42082295491
1585094400,6765.562079,123732739823,34840544710
1585180800,6397.826328,117019679178,32910551599
1585267200,6255.000399,114171796491,35231848359
1585353600,5915.337155,108551603304,25923471292
1585440000,6403.141236,117151628727,34907149978
1585526400,6421.705414,117750205634,32287674952
1585612800,6640.797666,120921617010,35886963978
1585699200,6807.897018,124719708454,47638672294
1585785600,6732.852018,123234164428,39867535857
1585872000,6859.424924,125564427826,35009177102
1585958400,6788.048273,124272363452,31885662165
1586044800,7297.635558,133484854333,45370138561
1586131200,7196.782202,131782164466,43386074291
1586217600,7342.291601,134518720640,38922547593
1586304000,7294.488875,133598651282,34921486435
1586390400,6864.694257,125740858699,37828011011
1586476800,6878.781213,125980543742,30280054180
1586563200,6913.158787,126655463658,34544392366
1586649600,6857.538538,125651103790,38062368291
1586736000,6860.178536,125713883016,33837365577
1586822400,6629.431738,121499498110,29692916171
1586908800,7059.926225,129402884478,45752002264
1586995200,7035.261504,128961704237,31701906840
1587081600,7242.510929,132775323305,30035235468
1587168000,7127.51195,130680700686,29714765522
1587254400,6856.456278,125724610428,35276609104
1587340800,6842.038598,125473149029,30093303601
1587427200,7109.995291,130398643209,30819547915
1587513600,7382.793144,135414822710,41032858925
1587600000,7495.393587,137493716065,33233126913
1587686400,7538.557687,138298135123,31610167152
1587772800,7683.867415,140977260141,33760863612
1587859200,7774.281554,142649802463,35205525352
1587945600,7758.230255,142370212777,32855687797
1588032000,8744.430287,160483573440,60399592066
1588118400,8610.635804,158042623264,65838312160
1588204800,8824.818414,161989355179,44773967198
1588291200,8966.307015,164603123456,39177855720
1588377600,8888.671913,163036842347,45617019157
1588464000,8884.407814,162341412440,44698213713
1588550400,9003.240558,165335617639,43436234292
1588636800,9144.68704,167950864937,48538811467
1588723200,9959.166416,182927847431,61712313965
1588809600,9821.811315,180421762956,50955646313
1588896000,9566.777187,175752574355,46706541180
1588982400,8752.617088,160814678354,61704475185
1589068800,8604.751591,158113540964,57996080837
1589155200,8788.466749,161474125336,39515455756
1589241600,9283.086013,170593350056,44239951917
1589328000,9796.494527,179398095871,52076585311
1589414400,9309.295359,170983863891,44866846516
1589500800,9375.297108,172309401207,34146492788
1589587200,9666.327193,177224284369,35650032954
1589673600,9708.439859,178446153576,38922896810
1589760000,9760.198937,179127815803,37077538115
1589846400,9526.507593,175227227253,34829170075
1589932800,9059.962507,166569335291,35965016694
1590019200,9131.767275,168309812993,27700943120
1590105600,9170.361064,168614573111,26159735072
1590192000,8731.848526,161407638875,29437505507
1590278400,8883.69177,163333743989,29130957734
1590364800,8839.130663,162547226897,26860828303
1590451200,9174.118564,168615778510,28916177010
1590537600,9546.045635,175534414971,31771100326
1590624000,9427.120373,173355014878,28880265575
1590710400,9662.705873,177978616383,30231487422
1590796800,9466.961781,174105710752,27396663221
1590883200,10167.93069,186932702066,33702539854
1590969600,9515.243859,175463166972,36841150779
1591056000,9645.227869,177416480473,25222025159
1591142400,9776.202992,179830985955,24903069188
1591228800,9636.965527,177373937377,23447982002
1591315200,9662.858709,177901732350,19374357195
1591401600,9738.603357,179167717944,23856639265
1591488000,9773.029513,179810911053,21154971285
1591574400,9767.005317,179709840754,22844271951
1591660800,9874.898682,181705166674,24398738300
1591747200,9325.996856,171615707160,31225155445
1591833600,9469.533298,174266571296,23601462338
1591920000,9469.473456,174275005803,19693461097
1592006400,9345.960908,172116372679,18836155989
1592092800,9431.719262,173598215784,29160908897
1592179200,9524.926617,175075304218,26391020757
1592265600,9463.361414,174231189757,23643218251
1592352000,9399.767217,173034439846,20601074386
1592438400,9312.780104,171101646024,23738525502
1592524800,9360.247968,172323213442,19774464253
1592611200,9298.360829,171192409474,18986237382
1592697600,9678.683209,178128652480,24768621257
1592784000,9624.684292,177187041227,17756804210
1592870400,9288.061774,171028279702,23183760292
1592956800,9258.667161,170495281892,23499175984
1593043200,9166.48636,168807143703,22429204011
1593129600,9013.905565,166004979430,21515626881
1593216000,9139.903276,168334049772,19665935217
1593302400,9185.166541,169175896894,19754459583
1593388800,9149.721997,168558715595,19741435780
1593475200,9230.672999,170031996603,20005031554
1593561600,9094.318072,167604994105,19379463385
1593648000,9071.385043,167116284671,17420495829
1593734400,9132.90837,168258822207,16643732673
1593820800,9087.407313,167429736493,17324463886
1593907200,9342.376493,172136257752,21987059042
1593993600,9253.63098,170510411872,18945747769
1594080000,9432.172516,173809293390,20708592426
1594166400,9235.716302,170198606144,19480413474
1594252800,9282.913639,171104767642,18224423468
1594339200,9234.314675,170191069703,16167064476
1594425600,9297.479636,171364106456,17173962880
1594512000,9240.76252,170370727819,18245667827
1594598400,9247.060696,170451532162,19147263017
1594684800,9203.371435,169758848798,16565948995
1594771200,9136.483376,168496782961,18760484380
1594857600,9156.276583,168760444137,16500659022
1594944000,9168.402737,169031588403,15638459043
1595030400,9202.61584,169692625142,16085385662
1595116800,9163.159655,168936986921,17080393205
1595203200,9384.379752,173036757676,20048075731
1595289600,9514.304988,175370017197,19702428931
1595376000,9589.817719,176821599774,26966148756
1595462400,9535.938796,175865705418,35810926085
1595548800,9691.825139,178740874539,36726067828
1595635200,9925.751397,183064851468,19713211085
1595721600,10962.25848,202191797991,34694788844
1595808000,10904.91653,201144184191,27637575180
1595894400,11093.61224,204969785091,23642111784
1595980800,11116.30716,205200775318,22265381996
1596067200,11325.55153,208933774575,22329797905
1596153600,11812.09431,217741425309,26198946496
1596240000,11066.30624,204126077225,27584591853
1596326400,11230.90776,207218525402,20583344057
1596412800,11181.91751,206583502228,20527193171
1596499200,11719.26352,216249264844,22359870185
1596585600,11768.12774,217128467890,21793317051
1596672000,11571.48798,213579066889,21624736673
1596758400,11739.13101,216526346494,17286825185
1596844800,11682.85147,215621627428,17051550191
1596931200,11862.93801,218920276229,24145919191
1597017600,11398.67106,210825577055,24448699831
1597104000,11579.86795,213770877598,22803776235
1597190400,11817.16404,217185020505,24755770184
1597276800,11777.39132,216916952670,21650925952
1597363200,11864.90581,219049736823,21285690553
1597449600,11901.77649,219750735623,19209711614
1597536000,12272.46581,226536103502,25481896191
1597622400,11949.61097,220980135332,24825715159
1597708800,11733.27897,216660276173,23384200656
1597795200,11861.83658,219044968221,20353349055
1597881600,11515.1243,212896669546,23406354443
1597968000,11676.38531,215641597240,19572783954
1598054400,11647.92812,215347356765,18467219109
1598140800,11758.82812,217410678530,20061559392
1598227200,11350.75347,209658632328,23423332919
1598313600,11465.00256,211778947737,20869928786
1598400000,11300.39836,208747591910,21595917446
1598486400,11519.11839,212799723685,19271253871
1598572800,11481.48182,212114842612,18415439614
1598659200,11701.00401,216179629567,19909556667
1598745600,11672.3241,215921598551,21077276618
1598832000,11895.22535,221315690777,25232603062
1598918400,11418.25476,210746091570,26038738389
1599004800,10197.45982,188438095255,49411126241
1599091200,10484.47039,194040447576,27623487077
1599177600,10177.78972,188092098308,56430042199
1599264000,10260.01773,189621410257,28801019507
1599350400,10359.44522,191501904759,26560146962
1599436800,10125.01496,186825391249,47780699209
1599523200,10230.1547,188757938084,21357083446
1599609600,10342.15939,191180566587,77545788531
1599696000,10378.22304,192111562750,20796810116
1599782400,10439.38467,192997988416,19955498078
1599868800,10328.86607,190922719938,21057424433
1599955200,10661.09624,197010021430,23526143436
1600041600,10787.58021,199044338128,23802088944
1600128000,10952.24997,202524001250,24459086809
1600214400,10937.9964,202358479464,23547167125
1600300800,10927.15031,202091264905,20681771888
1600387200,11083.99836,204994315603,18334274060
1600473600,10923.32667,202032519471,20161733907
1600560000,10439.52249,193677795064,23757059692
1600646400,10527.58785,194731087415,19866578109
1600732800,10223.78411,189120580778,19981974722
1600819200,10726.53008,198514026300,21348447554
1600905600,10681.99385,197616950282,19119761059
1600992000,10743.19288,198687083452,16886146730
1601078400,10765.30052,199236216251,17639951628
1601164800,10672.02854,197720212771,19869963340
1601251200,10837.51659,200532996048,18308943801
1601337600,10770.88135,199310441689,18558607663
1601424000,10627.97606,196617081791,20889752500
1601510400,10572.67484,195660035180,21258724984
1601596800,10546.65626,195188285650,16039831145
1601683200,10670.70081,197494664454,16029160488
1601769600,10784.9494,199530129891,17853484006
1601856000,10605.95779,196314284797,19419734685
1601942400,10668.01101,197575523785,17222472600
1602028800,10888.66655,201518932274,19767968267
1602115200,11063.25239,204809205392,19254933802
1602201600,11286.54194,209268690953,19496631246
1602288000,11377.81488,210799352797,16270141990
1602374400,11543.18376,213726225963,20957733314
1602460800,11426.10554,211576163358,19556025069
1602547200,11435.57244,211756280001,20441486195
1602633600,11495.585,212878404237,20511481707
1602720000,11319.09779,209993205751,20436703034
1602806400,11365.81413,210421523307,15650920221
1602892800,11495.89998,212752326976,15569792414
1602979200,11752.14686,217391050813,18121468516
1603065600,11908.70892,220404884319,21431994056
1603152000,12806.43573,236717318526,29314287990
1603238400,12951.04406,240257678154,25070864647
1603324800,12928.0723,239590543524,21379873278
1603411200,13106.04602,242785151288,19302801175
1603497600,13021.41084,241326618199,18998745579
1603584000,13060.79221,242141178090,21507619986
1603670400,13655.18542,253004886697,23918511528
1603756800,13282.99935,245661872194,26825856788
1603843200,13441.8785,249545455596,22860841954
1603929600,13537.17427,250845436638,23482756915
1604016000,13778.63764,255329261021,22691200479
1604102400,13720.36147,254260250528,19771957708
1604188800,13558.3618,251266177558,22630851230
1604275200,13989.97636,259277183165,22602862338
1604361600,14101.71605,261103557611,25857225138
1604448000,15553.3317,288118007577,36313255719
1604534400,15548.31215,288563189165,34523587705
1604620800,14818.45891,274687727890,30369855795
1604707200,15496.31615,287116472704,24082570972
1604793600,15335.3422,284292217076,29501754043
1604880000,15278.70966,283242342239,21918753733
1604966400,15686.90599,291215273242,23990613793
1605052800,16265.14925,301529322417,28001128791
1605139200,16326.81488,302672502422,24826304420
1605225600,16095.56151,298290647831,22096608221
1605312000,15984.67378,296277008765,19184714603
1605398400,16714.40386,309857769717,24606359052
1605484800,17651.82043,327448838765,31572384446
1605571200,17829.93496,330792375072,40089857655
1605657600,17819.75743,330526082019,30586797552
1605744000,18628.81349,345552251091,28731271104
1605830400,18689.52866,346623937352,31201880852
1605916800,18390.61184,342078349285,33010231294
1606003200,18360.6933,340635146714,33389683851
1606089600,19091.52418,354209935574,49429532567
1606176000,18753.28892,348158099247,32146102840
1606262400,17138.02951,317999016791,48738957777
1606348800,17140.27555,318057301370,30680336583
1606435200,17718.97283,328812520406,24501260966
1606521600,18169.95421,336495192223,23940328529
1606608000,19609.52144,363927715779,36160827241
1606694400,18857.41737,349587593227,38614628144
1606780800,19208.39819,356517705143,28923102075
1606867200,19435.20485,360661550057,24342606871
1606953600,18711.22655,347850442857,26369871383
1607040000,19139.11158,355244908735,23333284386
1607126400,19325.55412,358762118305,21832193873
1607212800,19198.80649,356587934226,22034483384
1607299200,18336.51458,340435142948,26799991796
1607385600,18564.98646,344693077430,29806757749
1607472000,18262.05838,339714540194,24092658534
1607558400,18058.02734,335310805699,26080197328
1607644800,18807.0954,349235537026,21918803314
1607731200,19151.13442,355642790361,23550581096
1607817600,19259.97047,357681110300,21638023120
1607904000,19432.36246,360542942205,24173322660
1607990400,21317.66214,396179736656,39062639738
1608076800,22805.65581,423587689809,60693764159
1608163200,23120.57055,429459534590,37000188847
1608249600,23863.85484,443289431125,35252972900
1608336000,23518.31842,436893169133,32907758818
1608422400,22840.99171,424329939582,38423396405
1608508800,23794.7933,441752551013,38733771616
1608595200,23308.12723,433051601801,42917744240
1608681600,23760.28705,441614502954,36826373659
1608768000,24671.10771,458416319552,36622874230
1608854400,26476.13014,491978602970,41995154623
1608940800,26423.22879,493427450341,56654980596
1609027200,27125.38412,503712223154,42186521237
1609113600,27424.53895,509680257177,38081840206
1609200000,28837.28853,535967306918,43341140482
1609286400,29022.4184,539438036436,43503516563
1609372800,29352.12679,545593282215,34089717988
1609459200,32163.82494,597887713054,57273436641
1609545600,33008.2262,613616917626,178894068361
1609632000,31515.57597,585726270249,74657165356
1609718400,34082.20605,633651671519,67420500716
1609804800,36933.52014,682743683563,71027195898
1609891200,39547.08408,735339707368,78642959829
1609977600,40815.96185,758971014787,82846468856
1610064000,40296.529,749347201463,55921808672
1610150400,38397.89599,714078952009,73381123613
1610236800,35669.90669,663380898829,111691569520
1610323200,33938.33588,629751630408,68954134557
1610409600,37456.00773,696668634091,65278944794
1610496000,39232.74997,729751433670,57519444622
1610582400,36787.52122,684304915288,63450740093
1610668800,36254.71308,674660879866,55054325262
1610755200,35804.26389,672291934493,50749258739
1610841600,36595.46477,682647247200,46769030147
1610928000,36104.86386,671734819189,51736994549
1611014400,35587.4892,662434464441,58406615612
1611100800,30913.69574,575205510268,69415314298
1611187200,32957.90878,613271077002,69549742252
1611273600,32068.08737,596744391345,43575409685
1611360000,32273.51735,600595408892,42810544126
1611446400,32375.32006,602517850752,50410553261
1611532800,32582.10945,606573549810,48489676580
1611619200,30445.52587,566661443732,51514291052
1611705600,33128.34753,616625386428,51075972572
1611792000,34150.81877,635688668064,97468515525
1611878400,34199.51981,636624676861,52001249491
1611964800,33064.78677,615013848827,42488649643
1612051200,33405.99036,621908231690,49268860243
1612137600,35485.98593,660664104637,50730704377
1612224000,37494.71762,695794870716,49762137494
1612310400,36816.50808,686453802173,54494811707
1612396800,38007.83223,706320162929,47446256482
1612483200,39279.41287,732453192637,57076868562
1612569600,38833.34026,723434796638,53802559039
1612656000,46307.57412,862413737411,86994225365
1612742400,46569.56483,867164581003,78828431117
1612828800,44848.69345,839561451461,70000356396
1612915200,47815.96176,890629045244,66187179919
1613001600,47414.18626,880620921496,61942185129
1613088000,46941.29209,874425017687,55312381649
1613174400,48607.87452,905515462577,57738376570
1613260800,47898.48703,892345220938,61061855794
1613347200,49238.13691,917339726315,64141133354
1613433600,52143.67884,971516568848,68478739131
1613520000,51733.07554,963911356673,58486508606
1613606400,56038.72776,1044189900352,71397235197
1613692800,56377.63348,1050555931433,77351787996
1613779200,57669.30353,1075380337358,61223272211
1613865600,54410.85629,1012091985973,101532021847
1613952000,48691.89483,904133801445,116689607926
1614038400,49849.37871,929081504354,73140585469
1614124800,46992.66545,875883932252,60355381276
1614211200,46551.48748,869070614248,74357197464
1614297600,46653.5264,869649724201,50989764249
1614384000,44970.16346,838307614585,59679588927
1614470400,49787.33996,928146793676,63218569172
1614556800,48532.23679,905413239165,53499537417
1614643200,50577.45747,942969910364,59212268141
1614729600,48727.4512,908517236708,60749587836
1614816000,49091.81488,911379300053,56568112294
1614902400,49019.36859,916504852500,41478786533
1614988800,51313.09262,955040794770,46146324828
1615075200,52328.53591,974195000547,53568946626
1615161600,54700.27344,1018978819157,57418251743
1615248000,56020.48772,1044805904678,63560545037
1615334400,57788.8681,1077836070933,64605228618
1615420800,57353.86147,1069776383194,59984971692
1615507200,61315.19793,1145191373522,67332756651
1615593600,59428.96757,1111684638819,48104078384
1615680000,55805.32925,1049197142852,70594488700
1615766400,56830.25334,1060221966895,63219904254
1615852800,59014.92563,1101028543248,63368268626
1615939200,57922.40959,1081065767946,58387006276
1616025600,58243.27061,1086741150607,51948388931
1616112000,58376.15847,1090022321078,54549112636
1616198400,57573.53934,1074356788297,55664123838
1616284800,54370.13756,1020641820439,62001716795
1616371200,54584.86995,1017637245492,60383378707
1616457600,52526.8666,982797427007,73029051195
1616544000,51416.9083,959155260367,63401640503
1616630400,55033.10048,1027209990795,55442557956
1616716800,55832.41811,1042184275333,47285749219
1616803200,55728.10133,1039333584621,49315845081
1616889600,57634.92869,1075942162537,57387039705
1616976000,58668.62834,1095293012033,52387542501
1617062400,58817.37389,1098127310947,57495844478
1617148800,58801.19484,1098583823874,54320681401
1617235200,59060.02678,1103133931137,52224918752
1617321600,57060.40665,1067101827373,52067853988
1617408000,58228.80262,1087344280110,46156767978
1617494400,58706.81559,1096202611390,54670173277
1617580800,58062.17872,1084341670321,61497704158
1617667200,56134.41739,1050759681845,67617613532
1617753600,58065.64402,1083362883828,48714359354
1617840000,58152.99326,1085794662405,45880879042
1617926400,59979.39282,1116221525334,61788197399
1618012800,59988.02096,1120606689450,46792500387
1618099200,59911.02059,1118532902102,55994558889
1618185600,63576.67604,1187737045885,71993120011
1618272000,62807.12323,1173412921930,80157135508
1618358400,63179.77245,1179561609817,60495376851
1618444800,61497.29957,1149602869702,86260673270
1618531200,60273.86668,1125592412523,63808212133
1618617600,56288.94534,1053618163310,102065957642
1618704000,55721.16605,1043148020633,66156275210
1618790400,56294.72856,1055145534127,68166802216
1618876800,54190.07026,1012699264346,56115370322
1618963200,51965.56643,971174701493,77897442832
1619049600,51191.1247,956744203682,91138220375
1619136000,50133.1074,937014999515,49296256746
1619222400,48981.44139,915533819859,46233432154
1619308800,53978.80555,1008389773190,60226926860
1619395200,54991.81484,1027617870422,48468560013
1619481600,54810.61385,1024625833392,48072930663
1619568000,53596.70402,1001973605935,46958036373
1619654400,57828.51181,1082721727348,53879045974
1619740800,57812.96916,1080897634123,43967070046
1619827200,56600.74529,1057850321949,39072664394
1619913600,57200.3003,1069571255196,54132470274
1620000000,53464.37022,999775008412,71296763919
1620086400,57432.10023,1070969079354,72158368258
1620172800,56507.75944,1056801053575,87510802711
1620259200,57361.56904,1072831991777,68154805947
1620345600,58771.88169,1099271802311,66812167538
1620432000,58213.92629,1088903483393,67906284081
1620518400,55901.66759,1045714370754,76672978748
1620604800,56928.97236,1064993057464,67726708141
1620691200,50004.76218,935512493151,75523928654
1620777600,49972.7954,934964766186,104203551168
1620864000,49913.26314,935962705739,56820196965
1620950400,46780.9023,875321252276,62896879696
1621036800,46585.06414,871695620616,70636455914
1621123200,43780.8256,819256623329,84054878924
1621209600,43091.04145,800545278568,65037066859
1621296000,37287.3914,697785056488,141151477375
1621382400,40437.7301,759679496751,95001812131
1621468800,37339.6342,698762712554,88706010988
1621555200,37520.31768,702143968884,61178935274
1621641600,34977.5278,654558962028,84358034876
1621728000,38642.4423,723143072420,71163197727
1621814400,38210.80522,715248689990,48724794158
1621900800,39406.93424,737668726732,47026386118
1621987200,38642.89555,723137484747,40836817156
1622073600,35710.22094,668521654365,49991590068
1622160000,34775.07941,654239808357,43184025045
1622246400,35714.75202,668664301774,30650274658
1622332800,37340.67927,699138611681,37950798680
1622419200,36680.0682,688726381047,33536905028
1622505600,37685.71798,704531333543,31240691604
1622592000,39151.31618,733150718114,33396718845
1622678400,36938.72031,691747462828,39345490149
1622764800,35546.98596,662913486273,34068172836
1622851200,35834.47447,671131079524,27689283071
1622937600,33451.38341,626527049948,33345528753
1623024000,33557.15068,629018966290,46727462986
1623110400,37553.64376,705292677171,54511387836
1623196800,36903.30491,691681868464,42952476855
1623283200,37289.43252,698528023664,36358044263
1623369600,35666.14978,668148892256,35710196743
1623456000,39147.70568,733402631079,38185633278
1623542400,40624.51305,761104314502,45836408439
1623628800,40378.20255,756522207420,36706248352
1623715200,38321.45466,718016373177,36563438890
1623801600,38193.61914,715652442155,36330237284
1623888000,35881.11137,673761687974,35162612173
1623974400,35581.64227,666901325910,28858979692
1624060800,35787.07741,670634370557,35609127164
1624147200,31711.93547,598335733136,51873870277
1624233600,32507.73871,606580031923,57443014758
1624320000,33702.61779,631634847766,39798236962
1624406400,34675.44911,650340461976,31862051544
1624492800,31943.13647,598703019611,38635245431
1624579200,32023.9739,600235334321,36873109420
1624665600,34607.29327,649262127990,34335452117
1624752000,34556.84213,647741224117,32453802891
1624838400,35968.99367,674231340724,35121257876
1624924800,35171.4863,660200427590,31024153847
1625011200,33677.56624,629863895572,29129630236
1625097600,33950.78656,633684390026,25084046353
1625184000,34729.89078,650382046625,22986053605
1625270400,35394.21307,663571591568,22727930418
1625356800,33928.13422,636061920915,25894820185
1625443200,34149.98981,640405812762,26106856612
1625529600,33932.25464,636246944189,23692220470
1625616000,32933.5782,617861633772,29065577052
1625702400,33971.29775,637000370375,24282108111
1625788800,33704.53847,632185737683,20558304484
1625875200,34299.93802,643335853171,17798828844
1625961600,33262.65435,623350567667,21683885321
1626048000,32676.3838,613002045101,19932531700
1626134400,32878.50187,616691143980,21779069066
1626220800,31726.03883,595342431374,21557729227
1626307200,31399.65313,588495008676,22671859963
1626393600,31588.67135,592581931071,17715455995
1626480000,31919.39392,597872278369,17742105808
1626566400,30928.21191,580252472383,20095540828
1626652800,29971.90378,561743228117,23000299062
1626739200,32383.78113,605357009417,29070652060
1626825600,32409.49977,607621607805,19741588059
1626912000,33455.55127,627747173675,22937379735
1626998400,34213.59993,642012590041,22120323672
1627084800,35456.12466,664681184169,20929083221
1627171200,37281.91809,701921012035,53550491998
1627257600,39076.59377,732311951673,36401287454
1627344000,40031.19824,751371299911,41369107423
1627430400,39977.75694,750407963580,28717414113
1627516800,41936.26148,786531956384,35530501783
1627603200,41754.1666,784039345926,28437941447
1627689600,39914.82976,747403845432,28555173662
1627776000,39278.76651,737440183776,28057528866
1627862400,38368.35401,720835141114,28422901237
1627948800,39751.58458,747085951935,27751046040
1628035200,40825.38194,768416417394,38527930905
1628121600,42802.13717,803853127161,40840608017
1628208000,44647.5776,838457486988,42725276705
1628294400,43753.21786,821704814136,39633218479
1628380800,46311.0019,861862844506,42726733998
1628467200,45639.51402,854344953099,35669862362
1628553600,45652.06013,857660568377,35679832771
1628640000,44495.20979,836054770492,35838614930
1628726400,47717.27053,895084141169,34320865037
1628812800,47088.85313,886593539913,33294851811
1628899200,47025.00323,882888202378,32863850458
1628985600,46031.75754,866391335029,34221605780
1629072000,44534.45485,836777066606,34488116651
1629158400,45015.46555,847143004615,34668999388
1629244800,46745.03462,867650725473,38434805723
1629331200,49195.8786,923013359587,36497089237
1629417600,48933.68915,920750216465,42147725293
1629504000,49250.54487,925630106451,27110183703
1629590400,49518.57749,930729196214,35800255386
1629676800,47940.60791,902489541308,38387146175
1629763200,49002.70377,921328247354,33517327124
1629849600,47229.07065,887832142450,33774857003
1629936000,49083.10331,922969799299,34607868773
1630022400,48936.53725,920017911099,28491785397
1630108800,48907.27073,919515378469,26244843558
1630195200,47124.25422,885729258053,32326073272
1630281600,47335.4203,890014982635,34868965959
1630368000,48823.05521,918058330851,39060601275
1630454400,49338.78465,927323146557,39362789535
1630540800,49934.52828,937295558515,42934455726
1630627200,50013.02995,940538655660,36985805207
1630713600,51696.20643,971284117138,31765191430
1630800000,52739.80017,992868819862,37532574717
1630886400,46995.16417,881943904969,64010507329
1630972800,46085.02862,866885887154,48151104381
1631059200,46518.94119,876179332244,38581092904
1631145600,44802.6064,842222636395,38051987740
1631232000,45196.48828,849828231596,34160277726
1631318400,46195.2183,869122611514,27585855039
1631404800,45139.83397,848992511474,40683028028
1631491200,47135.432,886524004597,38645575966
1631577600,48186.53276,906727769791,30037816650
1631664000,47879.47344,900990520812,31578783375
1631750400,47228.65822,892585184978,27731209179
1631836800,48266.62707,907957032341,27630476158
1631923200,47371.03933,891560241243,26163167369
1632009600,42932.9466,805826302811,41220025454
1632096000,40386.62364,760802031651,45940419565
1632182400,43587.22305,820460824051,36624234960
1632268800,44980.89821,846615719474,33594750550
1632355200,42752.16815,809772498813,42973070343
1632441600,42856.85516,808279417023,30898116660
1632528000,43336.86123,825341135636,30462815705
1632614400,42247.35573,794889951096,30483144439
1632700800,41010.3752,775534111089,29691944223
1632787200,41587.66786,782626384092,30068690312
1632873600,43859.32615,827840965060,30859918335
1632960000,48181.87627,906929641889,42089383190
1633046400,47777.76202,900582483713,29742127388
1633132800,48282.97114,910331395887,26034594562
1633219200,49260.23232,927812140868,32691763060
1633305600,51668.99422,973040988103,35480330025
1633392000,55415.00574,1044675252844,48462388016
1633478400,53894.59599,1015246512239,36549815857
1633564800,54010.93747,1016650501581,33935485257
1633651200,55125.46034,1038524699061,31927344846
1633737600,54711.8696,1030788036762,38579271671
1633824000,57572.51086,1084736227838,41913482915
1633910400,56335.03546,1061829863954,40021384611
1633996800,57487.98588,1083366079899,41216945749
1634083200,57452.43179,1082900149763,35994603913
1634169600,61809.02394,1164782155730,53653355008
1634256000,61165.63564,1153847028825,35385452269
1634342400,61583.77444,1160650121142,29625957542
1634428800,62017.97273,1173944883530,39610183787
1634515200,64517.64856,1217582580303,42550624869
1634601600,66237.51755,1250376460616,40790757382
1634688000,62541.08693,1178926819141,48709960686
1634774400,61029.27093,1151508584005,40766460605
1634860800,61572.14043,1161166467847,28505039148
1634947200,61173.16639,1153315262663,29982535557
1635033600,63228.21383,1192131994833,30852852368
1635120000,60604.18889,1143497865065,33233702858
1635206400,58641.00147,1105754837661,43976252157
1635292800,60767.55585,1145912030969,52318597557
1635379200,62283.19806,1178047465292,38648967245
1635465600,61837.257,1166423768410,31810216330
1635552000,61471.86846,1159841954948,32494948461
1635638400,61121.8312,1152831210804,35834742028
1635724800,63247.20896,1186951581189,37335066460
1635811200,63130.94235,1187048124214,36561444797
1635897600,61601.74357,1157101738113,33152275947
1635984000,61247.38494,1154530569293,31182137448
1636070400,61661.35866,1162489871875,31423601393
1636156800,63153.23019,1191631271448,24877902990
1636243200,67617.01554,1278797895528,105426313891
1636329600,67145.37494,1268116896159,41207912438
1636416000,65061.05441,1221681091091,48648563669
1636502400,65005.64516,1228606858157,35457583783
1636588800,64432.04795,1215930166023,36872626218
1636675200,64660.33535,1220299721851,29677693457
1636761600,65648.97779,1239021452561,26088449437
1636848000,63933.83544,1206711952538,32107212452
1636934400,60448.56251,1141910823556,48978396011
1637020800,60603.65587,1138136620641,39200729529
1637107200,56987.32234,1075758915731,41828523862
1637193600,58459.25552,1103594176399,37851259606
1637280000,60082.91167,1134300362589,29676550712
1637366400,59139.77928,1120610791476,25743426947
1637452800,56386.85685,1064619437494,34001467919
1637539200,57748.79317,1090380950871,36421192857
1637625600,57198.18385,1080039673037,31695369988
1637712000,58897.84698,1112182356757,33721097081
1637798400,53827.79287,1016487054820,41325811946
1637884800,54533.40388,1030781591913,28256851068
1637971200,57237.66114,1080980050981,27659464987
1638057600,57848.77354,1092574224476,30985196647
1638144000,57011.28047,1076804436724,35723038604
1638230400,57169.37199,1079838995017,49383073891
1638316800,56508.26805,1067406204923,36296342257
1638403200,53785.96717,1016040747070,39527112726
1638489600,49161.99071,930097457942,55941408415
1638576000,49268.46989,932015145132,32826574574
1638662400,50461.57684,953396710270,36126018722
1638748800,50647.66341,956961313926,30083305920
1638835200,50530.45806,954800139986,26590164539
1638921600,47885.87199,904878061657,27269362515
1639008000,47303.56415,893919955030,29611257205
1639094400,49242.30232,930603779264,24619129767
1639180800,50051.07835,945932497231,19871029748
1639267200,46696.3047,882570058437,29628245402
1639353600,48410.56466,915015634617,30152105690
1639440000,48936.86258,925006387197,33782603071
1639526400,47694.5305,901558072619,24699414444
1639612800,46328.69637,875783175210,30617760444
1639699200,46970.05705,887944269264,23305069270
1639785600,46807.04862,884905649264,23002876886
1639872000,47117.0082,890808857615,29356191956
1639958400,49145.21726,929203956014,25764127608
1640044800,48755.89564,921888029985,21887790446
1640131200,50900.61495,960809259355,26419703745
1640217600,50888.72104,962312381228,22535489970
1640304000,50663.4871,958099737763,17235296606
1640390400,50852.86026,961723851972,19632044502
1640476800,50774.06781,960280703700,22793878137
1640563200,47725.14805,902655839568,29538983233
1640649600,46506.99465,874314106560,26348739119
1640736000,47191.86839,892648631306,23753871435
1640822400,46319.65109,876192941903,25895349605
1640908800,47816.07768,904551946917,18904585811
1640995200,47387.21217,897536090321,33756128242
1641081600,46531.14086,880330191985,21890019532
1641168000,45938.02427,876242689666,24895990584
1641254400,43647.14751,827723202715,31837641246
1641340800,43216.45868,819522879407,26366602397
1641427200,41527.19704,787735561341,79685254648
1641513600,41756.66232,792892599976,23337017233
1641600000,41862.36099,791648558215,18016718174
1641686400,41869.85906,792407724468,27984634062
1641772800,42777.21102,809621515508,22813557398
1641859200,43981.87733,832460077955,28250302540
1641945600,42608.41001,806510860232,43905745871
1642032000,43120.85451,816129314317,20238314435
1642118400,43226.65027,816800318527,14651008625
1642204800,43119.79214,816325578941,14452346389
1642291200,42298.34112,800822650384,17694929626
1642377600,42395.45879,803962100418,18897950050
1642464000,41749.55143,790507925309,19626113310
1642550400,40707.68241,774235809673,20930163211
1642636800,36508.79979,692855029163,38296960033
1642723200,35180.43546,666220701468,35517336417
1642809600,36306.40944,687575973800,22865032969
1642896000,36774.00714,696465421899,36385158449
1642982400,36988.92851,700571452649,46168918585
1643068800,36870.44017,700165819656,26756873750
1643155200,37276.83956,702311456033,22057410457
1643241600,37852.57903,717026944843,19214103304
1643328000,38232.17873,722829009646,14178650232
1643414400,37983.1515,719570142322,11807185114
1643500800,38555.53446,727905398096,17731563487
1643587200,38835.69494,736102274237,17109120250
1643673600,37000.9825,700645616424,16709908527
1643760000,37101.35159,703003347952,16136299995
1643846400,41673.83955,777355085536,25347215344
1643932800,41493.69005,786295053042,16752051696
1644019200,42475.54322,804942041477,13206494655
1644105600,43910.92999,833392518215,24171856714
1644192000,44184.44751,837406846076,29024977265
1644278400,44383.88806,841339973339,19780565063
1644364800,43628.13953,826942197610,27877618434
1644451200,42445.38877,803706779792,23279080010
1644537600,42254.73812,799547462143,15479727289
1644624000,42247.83595,802059713029,12146423251
1644710400,42634.57378,808280617642,18090873763
1644796800,44574.32057,848321283144,19801081789
1644883200,44063.28198,836256083784,16847003857
1644969600,40562.98695,770096677779,22270664615
1645056000,40073.49536,759881874201,20130002755
1645142400,40192.75912,761447243940,11735183838
1645228800,38514.00854,730381814665,15998424231
1645315200,37059.9794,703004241590,25174914104
1645401600,38337.20386,727094284068,22212181617
1645488000,37372.29268,708829287814,18507851468
1645574400,38363.34549,727657714638,40839699481
1645660800,39316.16208,745763194704,22579249142
1645747200,39090.20215,741083625918,14568201295
1645833600,37803.59016,717619764688,19424397946
1645920000,43225.40468,819019441072,30634280855
1646006400,44459.59163,841254375272,27880763034
1646092800,43980.70738,834437956672,25615956856
1646179200,42491.97839,807454920682,22366184129
1646265600,39200.29974,743810477766,25121267306
1646352000,39463.14681,748197160856,14818212145
1646438400,38442.99175,729501899968,16995562041
1646524800,38076.49382,723198804468,24596395439
1646611200,38732.93701,735453953726,22556397749
1646697600,41986.03445,796849504897,29211702119
1646784000,39468.35477,749384110700,27653455219
1646870400,38775.17559,738267961693,23624165275
1646956800,38903.69355,738456528058,12440826654
1647043200,37852.52514,718551088031,14461647576
1647129600,39669.42381,751354026219,21250969229
1647216000,39331.84654,747642430664,20768829818
1647302400,41165.63506,779761001844,34974203469
1647388800,41001.70958,778474325710,18861644943
1647475200,41837.41314,794378970588,30316128166
1647561600,42201.93992,800887993391,16580741572
1647648000,41283.259,784054464872,16856192302
1647734400,41061.81589,779205413379,21335882483
1647820800,42401.8956,803937099701,28688623151
1647907200,42802.15471,810894331278,21851891599
1647993600,43936.09623,834251096725,26212783704
1648080000,44331.77796,842031938722,26147756108
1648166400,44510.84422,845235093873,13676534294
1648252800,46715.11762,887283025181,22545392530
1648339200,46994.87912,892747620148,30051327357
1648425600,47459.26124,901430001889,26128040681
1648512000,47063.36585,895356010541,24497248306
1648598400,45528.40715,865010142445,27736469646
1648684800,46270.20071,879144224206,32948605532
1648771200,45842.14476,871050305859,24803837260
1648857600,46434.56298,882346640419,21510196790
1648944000,46622.63571,885584977681,28019309651
1649030400,45635.45438,867247321783,25474063862
1649116800,43198.77527,820983263462,34113818642
1649203200,43515.15032,827032889945,22960138784
1649289600,42315.70972,804272478981,24202906401
1649376000,42796.39748,812734148493,13949535312
1649462400,42274.90737,803574629065,14936318819
1649548800,39603.96516,752680814425,30168665078
1649635200,40205.67794,764314681923,27804694935
1649721600,41205.16872,783560801482,25453869986
1649808000,39959.45707,759703443635,22744792147
1649894400,40586.59731,771666602548,22053774554
1649980800,40450.37931,770439827829,15777789210
1650067200,39739.11926,755627152747,16627779442
1650153600,40833.53797,776463403746,30617039400
1650240000,41498.12245,789141783336,22717772925
1650326400,41397.22048,787437397454,24937668255
1650412800,40528.54149,770787243370,32131220616
1650499200,39756.84899,756144456298,46022063019
1650585600,39561.78019,752414150959,15010797472
1650672000,39469.04986,752446283900,16778683768
1650758400,40488.87792,770112436973,32883645914
1650844800,38134.21545,725434540422,31053018153
1650931200,39237.94932,746473028158,28170490246
1651017600,39741.76665,756090806421,31484572271
1651104000,38650.55014,735829877666,27758348826
1651190400,37820.61177,719611115951,20955789685
1651276800,38537.65477,733294957353,24857664487
1651363200,38561.5654,733787526678,29825308569
1651449600,37758.49611,718542028696,23070122642
1651536000,39699.02404,755764276889,31748901527
1651622400,36612.22955,696020943882,37402043366
1651708800,36116.39429,687093350325,32223287014
1651795200,35573.3102,678702448511,19130720395
1651881600,34070.3122,648514321642,30810576502
1651968000,30269.58696,576197842488,58369928594
1652054400,31026.93387,590644412747,54071363210
1652140800,28913.48836,549294001873,65985702702
1652227200,29126.11598,555266177877,61338080284
1652313600,29310.72896,558053182541,71541696924
1652400000,30189.33318,573777699744,25759546764
1652486400,31319.30911,596346266889,22948123704
1652572800,29923.60699,569801943005,28418179221
1652659200,30502.19328,581272773176,24964703224
1652745600,28772.2005,547927169401,26219431165
1652832000,30382.40624,578678245848,29190056577
1652918400,29256.81337,557201657281,25980877920
1653004800,29491.50795,561696351559,13561006428
1653091200,30351.05042,578090387085,17199930155
1653177600,29163.16778,555459414424,26646754325
1653264000,29655.02613,564885248022,23486436837
1653350400,29584.94985,563577022958,23108764916
1653436800,29346.78144,559066076344,31972044692
1653523200,28646.65218,545752899522,31756305901
1653609600,29088.23645,554938694217,15406515373
1653696000,29492.50321,561771345709,14496111398
1653782400,31740.94073,604926607441,34891305295
1653868800,31865.74962,607393396319,29770567353
1653955200,29833.45033,569001624438,35553330792
1654041600,30481.014,580863150152,24232399986
1654128000,29714.14349,566275595800,21997859591
1654214400,29872.36031,568340135127,12911383482
1654300800,29917.76405,570209935092,13395229055
1654387200,31372.58476,597966736177,27644798123
1654473600,31265.46928,597205650753,36111325508
1654560000,30229.23684,576238781341,27080284929
1654646400,30101.18752,573819802895,18871591862
1654732800,29101.29826,554622874799,25663085729
1654819200,28374.145,540789214974,22518366770
1654905600,26767.26917,514202090511,29834061116
1654992000,22525.76835,429492202561,64852526179
1655078400,22244.84897,423044474597,47639470968
1655164800,22529.19811,429887916885,52027211447
1655251200,20408.69049,389181727346,27449277946
1655337600,20473.05288,391441740414,24232922585
1655424000,19047.41783,362303884192,38920632524
1655510400,20516.41198,390555374757,32488136326
1655596800,20636.75891,392793374516,28346447997
1655683200,20700.92393,395059669321,25340643363
1655769600,19983.56648,381616262301,24955466738
1655856000,21100.27053,402495826231,23655104387
1655942400,21262.71348,407086114490,21955656696
1656028800,21525.88036,410110791491,16152442749
1656115200,21052.8054,401645800330,15392697878
1656201600,20751.47753,395914576106,17719011288
1656288000,20282.54248,386606940573,18161209601
1656374400,20108.52947,384067866466,20744333507
1656460800,19608.39749,365984224323,22816515395
1656547200,19407.44743,370916529919,28756781115
1656633600,19268.227,367706689138,15601715001
1656720000,19310.23322,368549364135,13976969844
1656806400,20257.01233,386425176263,18634860046
1656892800,20188.77966,385301783066,23623270106
1656979200,20566.68722,392479833071,21755499642
1657065600,21660.59684,414055638574,21927087503
1657152000,21858.81875,417690286505,46645398901
1657238400,21589.6281,412459838738,26211587452
1657324800,20859.81408,398249545889,25037950754
1657411200,19998.46784,382000290322,21319467249
1657497600,19350.73735,370191767291,22074971578
1657584000,20225.23866,385462566549,28560004361
1657670400,20574.84059,393104346703,28732413537
1657756800,20794.81198,397285233066,46542248374
1657843200,21193.08334,404705642581,42051101695
1657929600,20824.36275,397660610561,29615794461
1658016000,22395.36538,425756736661,58636734705
1658102400,23366.9077,445889013251,57338223362
1658188800,23313.29673,446130012150,40775718994
1658275200,23155.20756,442379611364,63224249258
1658361600,22696.90275,433485926857,40304373301
1658448000,22506.19957,429803379588,42519262113
1658534400,22613.71921,433819662322,33108916659
1658620800,21330.29545,407480099600,42667548129
1658707200,21235.61232,405692421502,53995620035
1658793600,22908.88426,437193517022,54498281944
1658880000,23822.0676,454806622615,55609627981
1658966400,23847.58332,459609388580,41089335196
1659052800,23653.45955,451726702392,62102072347
1659139200,23379.70053,447051019373,31786729326
1659225600,23333.74924,445958949620,44489771147
1659312000,23053.84685,440954684721,35151096517
1659398400,22860.42098,437035641450,41334593234
1659484800,22678.36363,432420621056,23624874220
1659571200,23225.0362,443821669890,27040190910
1659657600,22984.57953,439414782173,14439694271
1659744000,23197.60347,442979379284,14324042469
1659830400,23823.67944,455450642522,27756736787
1659916800,23203.6807,443382534835,29738069338
1660003200,23948.82955,457270455537,32215976526
1660089600,23948.7517,458070674128,33892871244
1660176000,24411.37987,466765701335,25195193357
1660262400,24433.65375,467078368769,22240559960
1660348800,24312.54142,464896345363,21287616856
1660435200,24179.01465,462437221425,33404812508
1660521600,23913.33373,456791042838,24971300201
1660608000,23359.41884,447015816173,29567403252
1660694400,23248.38423,444845955425,20228208349
1660780800,20945.83397,400810425581,35142410593
1660867200,21175.23273,404924875534,23809679191
1660953600,21615.76169,413578924866,20476237108
1661040000,21387.74711,408409110510,28856912427
1661126400,21562.45154,412338357271,29331102122
1661212800,21395.45847,409503007623,26855905243
1661299200,21618.00902,413843488596,26767966536
1661385600,20271.32295,387215087167,34910727805
1661472000,20069.95333,383790676114,24463219415
1661558400,19659.24671,376180531071,19781826309
1661644800,20308.86145,389119405471,28706315246
1661731200,19805.3507,379555151405,30308993725
1661817600,20023.55444,383348414529,27825786160
1661904000,20153.97598,385027707311,25616737336
1661990400,19941.45137,381788074512,24078042298
1662076800,19814.56425,379422449024,20048153187
1662163200,19980.01322,382421043401,21537524477
1662249600,19785.7335,378685143698,23522961655
1662336000,18859.50009,361210437264,39940310406
1662422400,19280.62548,369340091983,30517907004
1662508800,19322.77775,369723445425,28936941008
1662595200,21359.58253,408976281845,42487059055
1662681600,21707.38732,415974687298,35941349745
1662768000,21739.80438,416073628622,31266252145
1662854400,22339.6705,427473787888,44006486689
1662940800,20184.96749,386529657259,46489890915
1663027200,20255.92298,387486232250,35789015870
1663113600,19702.16989,377719382182,33715957207
1663200000,19764.41171,377988702162,30187737710
1663286400,20131.67531,385486747327,23394494074
1663372800,19437.15787,372598380208,28689764414
1663459200,19570.38671,374524246937,39507938865
1663545600,18869.92881,361980678159,33890591850
1663632000,18539.63524,355194467886,41059997265
1663718400,19464.32266,372075639498,37660914390
1663804800,19291.9048,370913140448,35506139424
1663891200,18939.97058,363168779956,24644354422
1663977600,18809.41144,360256894978,21516374223
1664064000,19219.72778,367613056759,42560193944
1664150400,19116.33116,366383164264,52482615484
1664236800,19444.78777,372892084645,47494258190
1664323200,19563.76516,374830625220,37537716230
1664409600,19476.9266,373222100681,37848666331
1664496000,19314.46384,370204708063,15943514603
1664582400,19065.15384,366195863791,17859684588
1664668800,19620.56754,375767908259,26634227152
1664755200,20345.39852,390177741507,30974520028
1664841600,20161.83061,386368899196,29366342083
1664928000,19949.05104,382505641462,31354758329
1665014400,19457.30895,373170861484,25445042398
1665100800,19418.03799,372391945609,12996183216
1665187200,19448.149,372264710552,14404623229
1665273600,19142.69477,367207056773,23743487601
1665360000,19058.62804,365118514776,25102717821
1665446400,19153.03978,367301644901,22339104401
1665532800,19383.94322,371647189087,37194496438
1665619200,19198.10714,367584653731,34806651159
1665705600,19072.78051,365870425567,13103099352
1665792000,19272.92185,369552982161,15683330320
1665878400,19557.89555,375052275830,23713928578
1665964800,19348.02937,371196833239,25848175159
1666051200,19134.24266,367085331988,23047051893
1666137600,19031.15987,365098952755,25712511232
1666224000,19173.28047,367999082249,30297335038
1666310400,19203.86547,368484939424,13362526958
1666396800,19574.82423,375197423662,19928822961
1666483200,19316.94062,370622833881,28657172009
1666569600,20095.15223,385476931984,39846253139
1666656000,20774.2475,398674628647,50667020408
1666742400,20278.36623,389238872376,41829789298
1666828800,20591.24121,395201306735,36165609165
1666915200,20800.70709,399135164712,32806216911
1667001600,20623.8715,395548335410,24707906149
1667088000,20494.60121,393311097044,37290619695
1667174400,20489.6462,393218202888,32262771911
1667260800,20162.9809,387015867490,44539856162
1667347200,20210.91242,387756249892,36562782564
1667433600,21150.31558,405987599945,33773463079
1667520000,21282.98511,408892506459,31061573101
1667606400,20906.99793,401869336200,50602704771
1667692800,20597.75502,395168506455,91750982446
1667779200,18562.35322,356871594632,92144963385
1667865600,15742.44434,301963847694,74978675391
1667952000,17594.9235,336597208100,65200666543
1668038400,17080.21526,325921112619,45030331311
1668124800,16797.98748,322330608513,21893997141
1668211200,16344.34232,313605586517,20411619109
1668297600,16645.8285,320598982525,37539226046
1668384000,16890.52938,324608360619,28676275679
1668470400,16689.39673,320099234744,26922027947
1668556800,16718.36123,321287480850,22011291267
1668643200,16707.02278,320876918352,20942172141
1668729600,16712.72953,321151208474,10844466290
1668816000,16304.07686,313370674122,15680401750
1668902400,15814.33528,303834128504,31057277097
1668988800,16171.62898,311463297390,25091849199
1669075200,16608.00999,319494112507,26858079944
1669161600,16596.03576,318949911015,20949512927
1669248000,16524.44901,317919884011,18933018588
1669334400,16456.15606,316206865320,18243019110
1669420800,16459.14954,316487666895,16551822516
1669507200,16222.21073,311810991501,24566056814
1669593600,16441.97998,316170903326,24663035431
1669680000,17186.50257,330763402607,30676053555
1669766400,16972.73406,326141917293,23319572025
1669852800,17084.87334,328178365692,20945433172
1669939200,16923.38287,326498242603,16931408154
1670025600,17149.93175,329544949094,18214353301
1670112000,16973.37258,326635737516,23204017214
1670198400,17085.64314,328108161817,21026126511
1670284800,16851.30347,324178677957,21192130006
1670371200,17235.01416,331389860356,22674029585
1670457600,17149.8242,329756788299,23179829829
1670544000,17125.36493,329283186565,14234368490
1670630400,17101.03802,328868814165,15681124919
1670716800,17179.59604,330715694645,21633829199
1670803200,17784.16289,342102502915,28941242218
1670889600,17808.71617,342692750075,27267536669
1670976000,17338.35813,333854506371,22754686788
1671062400,16623.75783,318992400742,22250411215
1671148800,16806.48559,323096167354,15086383816
1671235200,16742.81666,322740705485,11134054723
1671321600,16422.56227,316270478164,17719672545
1671408000,16899.33197,325120443530,24938219698
1671494400,16816.8537,323127932459,16062767787
1671580800,16824.79016,323519254393,17847826942
1671667200,16791.45544,323013370317,16765392450
1671753600,16848.56871,324072643386,10169853734
1671840000,16842.17704,323868581953,12574453969
1671926400,16900.08187,325036912915,12574997282
1672012800,16701.84021,321351469137,17436062122
1672099200,16538.90609,318288869205,19113614756
1672185600,16644.37909,320297298176,15683731677
1672272000,16604.02052,319722045805,17497327983
1672358400,16540.69362,318278329992,12013247678
1672444800,16615.96932,319832024055,9799252684
1672531200,16674.34254,321486454934,13023861028
1672617600,16677.64619,321080820418,15367167883
1672704000,16855.17474,324397588037,20836560772
1672790400,16832.09899,324138957221,14919039445
1672876800,16960.23206,326571439012,19046576250
1672963200,16950.86152,326371741274,9594456673
1673049600,17074.6154,328470896861,11841041543
1673136000,17194.90933,331158152699,25532751567
1673222400,17436.90233,335743942932,21858206845
1673308800,17996.83255,345688973387,25439279073
1673395200,18866.81033,363381125083,48025109150
1673481600,19941.78054,382675302196,39514419053
1673568000,21019.20661,405209898132,49498711312
1673654400,20853.23057,401697403587,23072133988
1673740800,21175.33774,407760358639,34809391746
1673827200,21156.78393,407405144843,33278841337
1673913600,20726.84497,399349603616,40612056909
1674000000,21081.67102,406258441952,29144534678
1674086400,22705.83368,436724993652,41321936669
1674172800,22771.02329,438578588179,44077026804
1674259200,22736.66143,438060367560,34124364415
1674345600,22984.87498,442926343073,36750647386
1674432000,22610.0106,435679436196,35621897293
1674518400,23180.4227,446715261349,42772537175
1674604800,23024.74618,444005849172,37099702812
1674691200,23082.85838,444898315874,36109035905
1674777600,23022.23299,443702765526,19567219824
1674864000,23797.46089,458368002026,38438621264
1674950400,22840.38586,439295730927,38594596832
1675036800,23137.32355,445991168199,32683643418
1675123200,23725.1618,457383099383,37452064508
1675209600,23539.67677,453565018923,44735297657
1675296000,23451.57765,452312595756,41267040611
1675382400,23340.34959,450197147855,21063097082
1675468800,22946.28658,442933975659,26678691425
1675555200,22786.48301,438726385719,33963650031
1675641600,23294.91365,449391195299,38850594359
1675728000,22947.50783,442518382692,34247782006
1675814400,21820.88651,420790678628,51161546272
1675900800,21630.13298,417351358181,42389972640
1675987200,21889.43208,422107650474,23574706406
1676073600,21779.8744,420218240428,25877166001
1676160000,21807.83427,420838871939,36761909546
1676246400,22220.071,428649056118,45363697020
1676332800,24307.8751,468820317787,44336284482
1676419200,23756.90728,459293697175,48144978044
1676505600,24628.82455,475194230168,54200707341
1676592000,24642.79087,475529620772,24900444765
1676678400,24284.478,470798520570,33664683478
1676764800,24786.66594,478236525470,38997046274
1676851200,24417.38704,470623925511,41991954878
1676937600,24146.10136,465998918250,40336608135
1677024000,23951.11098,461042830140,42356618035
1677110400,23172.28654,447316067422,35081974267
1677196800,23157.03811,447030240436,22999909593
1677283200,23541.11585,454284528652,24469102669
1677369600,23518.12391,454364917719,28832423816
1677456000,23155.54375,446010055988,25534054046
1677542400,23634.33349,456417315967,32507897259
1677628800,23464.33654,453067155321,27432755758
1677715200,22367.43302,431727585101,34239649135
1677801600,22348.32992,431837491811,13392431932
1677888000,22421.88581,433081135066,16080097920
1677974400,22415.11366,432758824798,21124920006
1678060800,22217.20988,427994888567,27780357943
1678147200,21712.65119,419694984165,28493032425
1678233600,20376.32001,392841773384,40173833478
1678320000,20195.22895,390202255053,51593890225
1678406400,20521.55615,394742728282,37746654240
1678492800,22095.7134,425816781284,36639901909
1678579200,24178.95533,466509005563,66799159802
1678665600,24758.76509,478406045310,70714394276
1678752000,24470.88205,472833547484,63107437929
1678838400,25161.27202,486375597563,60688056875
1678924800,27466.67783,530038219067,64617615618
1679011200,27107.79218,523262280970,46473651091
1679097600,28186.84265,546680822196,46394763656
1679184000,27929.16773,538935400013,55315948514
1679270400,28264.23961,545917428270,34430928756
1679356800,27449.25483,530515158754,35394833934
1679443200,28459.73511,549578396179,20360807195
1679529600,27595.49475,533634255119,21551272690
1679616000,27670.1995,534960802333,15053754845
1679702400,28048.46998,542675619059,14450374261
1679788800,27182.29956,525230880103,18519053232
1679875200,27291.35002,528042785009,17658503319
1679961600,28394.99778,548808373530,21097595427
1680048000,28041.12308,542369769760,22702531379
1680134400,28516.78473,551707238560,19112345640
1680220800,28498.94463,550949831049,10085380789
1680307200,28236.50874,545181408318,11682876587
1680393600,27815.42653,539350908802,19711493345
1680480000,28175.33033,544313567953,14871614373
1680566400,28197.20034,545409754929,16507617904
1680652800,28042.98339,542601176317,13079528995
1680739200,27934.43871,540432353743,10141276804
1680825600,27968.12805,541094458101,8844199146
1680912000,28351.23699,548568597244,11429030270
1680998400,29657.97414,574059578670,17475381731
1681084800,30260.93611,585359301945,18320296515
1681171200,29904.13869,578850627448,18407698928
1681257600,30405.02731,587939018759,16404033694
1681344000,30468.4087,589051372433,20984067684
1681430400,30312.16188,586969785778,11028264273
1681516800,30304.80751,586268225588,11188035367
1681603200,29467.45983,569958059901,16771824488
1681689600,30365.90417,587730212231,18078539249
1681776000,28833.2175,558796473891,24136616862
1681862400,28255.57825,546141074655,21695904965
1681948800,27300.15713,528357279464,20420333534
1682035200,27861.64066,539454716830,11700230850
1682121600,27606.57835,533753154140,11435645307
1682208000,27511.63568,532290845182,16443099945
1682294400,28351.21825,548359667399,17061823986
1682380800,28352.19132,548638734338,30540034741
1682467200,29483.5217,570258039119,26238597379
1682553600,29339.995,568153896405,18730801539
1682640000,29217.94405,565714356651,9711415139
1682726400,29362.05621,568513467268,14707008605
1682812800,28125.50116,544421676291,19980169281
1682899200,28654.39013,554886795898,17699097406
1682985600,28988.321,561312171795,19944381491
1683072000,28846.46146,558634329303,12676760580
1683158400,29520.32227,571520224183,4971523631
1683244800,28887.74105,559078681903,6463808309
1683331200,28611.4392,554373015262,10199066943
1683417600,27696.76079,536032086472,21535578789
1683504000,27607.39168,535037100027,8876813251
1683590400,27639.73357,534937464539,17159331951
1683676800,27024.76573,523414877659,7754296234
1683763200,26787.6904,518816444751,9157286238
1683849600,26798.12627,520426027097,8365379054
1683936000,26911.80527,521319019335,6019488454
1684022400,27227.79342,527655229434,14570026782
1684108800,27022.71317,523965691859,12927093921
1684195200,27389.97151,530762551513,12580626235
1684281600,26842.95249,520544913836,12599487112
1684368000,26884.37106,521153640363,11559136131
1684454400,27093.7911,525040003344,3882362454
1684540800,26773.83024,519171380714,8125825606
1684627200,26869.68602,520821915714,8025716966
1684713600,27222.93775,527528695689,11685763863
1684800000,26338.94895,510987979871,17477200137
1684886400,26475.6079,513295724356,11953749225
1684972800,26717.98755,517973731438,10994037071
1685059200,26848.23994,520461980942,6029471708
1685145600,28110.31347,544879177079,13144599279
1685232000,27759.74666,538430950369,13483205893
1685318400,27713.90855,537414074116,12766436370
1685404800,27245.47447,528464394083,10001106222
1685491200,26824.1015,520271910707,12156086971
1685577600,27247.74008,528508990069,15428145242
1685664000,27066.37133,525209390396,6673279606
1685750400,27315.44759,529630092281,6098045626
1685836800,25792.61609,500593893699,21208433572
1685923200,27216.61556,527295592028,22188018261
1686009600,26346.24455,510979921091,14723854336
1686096000,26507.90989,514279355771,10197924964
1686182400,26469.58168,513226142603,10464066236
1686268800,25858.12289,501653860264,9755626714
1686355200,25916.5799,502683000962,10439993428
1686441600,25910.36274,502562686069,9761691909
1686528000,25872.20646,501752262682,9921875986
1686614400,25107.7547,487262840555,11982737580
1686700800,25564.59963,495788386559,15184095954
1686787200,26327.32567,510906153488,13604025864
1686873600,26501.04444,514331114458,9533422255
1686960000,26333.09253,511384956033,8589379740
1687046400,26779.38746,519667661979,6651894946
1687132800,28330.89142,549330089184,19958565665
1687219200,30101.76482,584070487997,23757254197
1687305600,29935.63211,581473706979,19613389214
1687392000,30629.24435,594588611688,22630955879
1687478400,30537.81666,592912110032,11736119930
1687564800,30454.75697,591387700082,12076819255
1687651200,30285.50506,587134340344,16032184117
1687737600,30693.54636,595427193050,14411853963
1687824000,30083.47725,584187696961,8489428028
1687910400,30466.61046,591688337869,12545425127
1687996800,30480.78148,591722375246,21422361051
1688083200,30583.6196,593625140903,4210431244
1688169600,30571.88707,593627203722,7236318144
1688256000,31134.71313,604507839820,14755008157
1688342400,30775.62402,598449423994,12403890725
1688428800,30484.79377,592386606697,10260132141
1688515200,29990.05515,583429029204,21776707864
1688601600,30315.2654,588811434764,13018507893
1688688000,30264.19735,587678367158,5608541982
1688774400,30169.87066,585883986681,7559670230
1688860800,30394.28115,590311894649,12835219757
1688947200,30620.81425,594749192359,11753418050
1689033600,30407.41631,590629381261,13072555444
1689120000,31446.01497,610725509599,21254274346
1689206400,30311.82781,588107447250,21977151421
1689292800,30297.9714,588642134564,6233916919
1689379200,30237.33479,586391434734,8356410454
1689465600,30147.86008,585500720965,10974383372
1689552000,29848.03227,579708613538,13152758553
1689638400,29919.87484,581327322357,8545620844
1689724800,29787.04153,579308712612,11117456853
1689811200,29914.68273,581397880391,8492627981
1689897600,29710.15594,577068525402,6745541065
1689984000,30057.95672,584296796267,7427606999
1690070400,29184.90191,567051778656,15195244951
1690156800,29222.97463,568019115129,7929844775
1690243200,29363.67291,570531781625,13088677750
1690329600,29200.244,567708714252,9047649540
1690416000,29314.09739,569952119667,7682754827
1690502400,29356.74775,570804910033,4882536541
1690588800,29277.75581,569135711633,7872881637
1690675200,29233.13637,568333703606,6641808341
1690761600,29537.10975,572408929758,15289922841
1690848000,29146.63627,567074709354,19266318894
1690934400,29176.1506,567940644790,12539132810
1691020800,29087.93809,565073127340,12112869086
1691107200,29046.80046,564970113458,5335308729
1691193600,29044.20438,564947914083,5360283576
1691280000,29178.14775,567529179866,13252185122
1691366400,29779.56167,579214283624,14603570419
1691452800,29585.48808,575535414817,14633310097
1691539200,29423.81892,572414205818,8106253519
1691625600,29396.84797,571976559046,4651950358
1691712000,29412.14227,572257798804,3994297895
1691798400,29284.96971,569687130447,4755220449
1691884800,29400.5868,572242735188,12408355477
1691971200,29170.4904,567498309103,11523395158
1692057600,28754.19702,559982624303,14809979642
1692144000,26501.58727,516026928369,29965585683
1692230400,26042.83826,506815826636,18062351746
1692316800,26104.77863,508087686823,3355038749
1692403200,26160.70042,509078930366,8304370132
1692489600,26119.00596,508491920831,9377753161
1692576000,26033.67541,506356213378,13702941053
1692662400,26450.00862,514955818082,14600566342
1692748800,26134.93425,508906955118,11961319631
1692835200,26044.03621,507007928705,2582213806
1692921600,26002.01572,506086069152,3420999388
1693008000,26082.71718,507835678907,4743752357
1693094400,26109.26982,508350651766,9995933796
1693180800,27730.50374,539045091002,29462388819
1693267200,27297.26144,531729400483,16029914124
1693353600,25927.41701,505403246528,20360682650
1693440000,25812.33049,502687549097,15924588669
1693526400,25853.65684,503679892455,8203515573
1693612800,25959.59631,505513039061,8301138495
1693699200,25829.36477,502409490054,6700578092
1693785600,25784.41352,501979376928,7633735597
1693872000,25752.95842,501615002105,12225427271
1693958400,26192.33343,509837705629,4521997781
1694044800,25907.22814,504533063388,8058794339
1694131200,25889.32501,504373920219,404806432.5
1694217600,25834.5801,503489661583,6603006234
1694304000,25133.30311,489502952546,14859931201
1694390400,25866.80666,503997883573,16825266473
1694476800,26223.43608,510909474485,12975855576
1694563200,26531.39557,516823786026,11739428177
1694649600,26634.63103,518872387637,9768889420
1694736000,26557.76869,517396850181,1224363672
1694822400,26520.98825,516614128896,5791146184
1694908800,26741.46111,521346975856,16477839825
1694995200,27219.29687,530357673731,12615959842
1695081600,27115.84645,529168513966,13497179077
1695168000,26561.13345,517743774815,8169328791
1695254400,26572.03811,518383856097,9968041759
1695340800,26573.92348,517968304453,6583511186
1695427200,26249.5629,511787693512,7226298594
1695513600,26298.63468,512103393582,11974957450
1695600000,26204.75759,511054250890,9786025048
1695686400,26350.1469,513713645984,12889674588
1695772800,27009.01375,526917684460,16683207555
1695859200,26917.1991,524946724659,9059145545
1695945600,26969.87614,525936342995,6295435108
1696032000,27967.51058,545302108027,9358226524
1696118400,27615.06489,538323470358,18127133424
1696204800,27439.12195,535605771922,12676657038
1696291200,27792.11128,541954661181,10876597601
1696377600,27435.87462,534851643045,13376186563
1696464000,27958.19644,545154869333,13817979025
1696550400,27977.54349,545619681437,7226218925
1696636800,27948.10365,544989660642,7141598447
1696723200,27593.78253,538282690588,7640029989
1696809600,27392.2477,535200388380,10151720984
1696896000,26842.19044,523656381533,14608441296
1696982400,26729.13721,521607675083,10867640259
1697068800,26841.13622,523655619454,14344414896
1697155200,26863.18357,523979202939,5543160607
1697241600,27150.297,529643463244,6604845643
1697328000,28513.30993,555338775502,22792799562
1697414400,28417.72175,555003134086,10403248077
1697500800,28328.2452,553311088370,13461030458
1697587200,28715.74814,559364043795,11193923144
1697673600,29677.39289,579536788709,23561406298
1697760000,29920.07449,583719549319,7452489477
1697846400,30019.3805,583399133857,11330304246
1697932800,32953.26276,641535355789,35558857925
1698019200,33846.72426,660676033939,46464714676
1698105600,34471.98603,673948847499,23840463172
1698192000,34174.45155,667401630873,17712548550
1698278400,33899.09306,662119938018,14148818689
1698364800,34092.63093,665892923224,8431785275
1698451200,34556.24281,674293769230,10359013389
1698537600,34498.70392,673508057018,17075173424
1698624000,34672.28928,676319525450,16419150929
1698710400,35457.45491,692543794895,18642295525
1698796800,34924.05545,681560028737,20690186422
1698883200,34731.38137,677974451476,17254049537
1698969600,35048.40783,685385094862,10001404423
1699056000,35061.92875,684647430279,12796779678
1699142400,35031.26888,683644463783,12717348150
1699228800,35436.53763,691660755958,18582602380
1699315200,35795.08063,699187515032,14717120833
1699401600,36768.42082,717022051490,38190964507
1699488000,37344.249,730760729870,23152060053
1699574400,37122.72282,720323851791,12033297220
1699660800,37067.69698,725016899532,8831221164
1699747200,36549.16205,714263437354,18041088204
1699833600,35545.20143,694845286839,22330924588
1699920000,37903.66245,739215831747,28479730068
1700006400,36201.51611,707488742970,12023334732
1700092800,36527.76023,714651953917,22683923624
1700179200,36582.36844,715117663450,8877846889
1700265600,37413.99461,732521837352,12599067948
1700352000,37489.29847,732673492673,16005284775
1700438400,35965.36036,702705880302,18891503535
1700524800,37464.83293,732259726682,25245202377
1700611200,37293.31613,728816537112,11956046627
1700697600,37738.9317,737614054535,22996708652
1700784000,37809.85287,739536714717,7505379785
1700870400,37491.83819,733376783676,10229112671
1700956800,37250.16905,728040168286,17979133248
1701043200,37802.23604,738816928727,19715537241
1701129600,37810.34642,740494537383,20964545195
1701216000,37711.81838,737659515839,16566770728
1701302400,38688.25874,756249390093,24470176252
1701388800,39481.66642,771834682369,14892418344
1701475200,39960.27542,782845232813,14107800649
1701561600,41974.33177,820527379429,40273974905
1701648000,44105.94477,863171503830,37740677040
1701734400,43788.28881,857037901745,30306637688
1701820800,43270.11956,848245522795,27712048105
1701907200,44202.17611,863242780337,24726661393
1701993600,43745.49199,855611272270,17074228506
1702080000,43757.95994,856192504674,11865167562
1702166400,41200.96273,806178244439,39734542164
1702252800,41450.81939,812055172696,24919333991
1702339200,42931.76183,840112594143,26301358636
1702425600,43009.59546,841400560143,22978695605
1702512000,41992.01419,821883086852,17134765249
1702598400,42247.06788,825747211475,13524832238
1702684800,41410.81963,810534011291,16536428696
1702771200,42684.18255,834757901244,26473040427
1702857600,42250.20618,827483345953,23402523668
1702944000,43634.12417,854173854160,28334648886
1703030400,43849.6996,858312140015,21948638203
1703116800,44003.69602,861822676200,20833936535
1703203200,43752.03088,856850313226,9872050976
1703289600,43034.97106,845029028630,18313974070
1703376000,43638.2363,854524607073,18744716867
1703462400,42516.42694,832471600532,20477744540
1703548800,43418.46778,849194163327,23244754807
1703635200,42600.65063,836073458798,20336573644
1703721600,42074.70716,822933961871,24832397519
1703808000,42220.6114,826609156661,14727224645
1703894400,42208.20218,827596236151,14183728910
1703980800,44168.68119,863804922702,16958999498
1704067200,44994.67389,878395004793,39089952716
1704153600,42821.55899,838208392904,43146162598
1704240000,44195.57856,866352960237,26123887043
1704326400,44113.69973,863690851062,29364675804
1704412800,43956.12072,861211168830,11841102132
1704499200,43883.74388,856926317087,15144653805
1704585600,46936.18556,919666641903,40821502384
1704672000,46105.94608,902166917320,39887918406
1704758400,46632.31315,915259343942,52030057181
1704844800,46314.35554,909846384596,49198128806
1704931200,42893.92961,838383512177,45913301456
1705017600,42848.47452,839198740717,19424747840
1705104000,41800.93282,822907066751,16968959097
1705190400,42587.33604,835225973286,22634527324
1705276800,43148.00164,845770850850,22023116042
1705363200,42713.85919,836987995503,21299064875
1705449600,41261.3948,808845819110,25160430945
1705536000,41600.94093,815241536115,24407872955
1705622400,41626.10711,817217622404,9533488489
1705708800,41541.89946,814709364023,8032696834
1705795200,39504.73006,775020895102,31202848830
1705881600,39833.45411,779133357030,29683327703
1705968000,40123.67106,786928905377,22217129215
1706054400,39938.28644,783180536825,13376924613
1706140800,41862.93561,820989861818,22681602409
1706227200,42119.61049,826254540126,10694258830
1706313600,42026.57856,824240091063,13669905345
1706400000,43267.60928,849198976216,20680322267
1706486400,42892.03453,839294111913,24526664209
1706572800,42583.26355,835421372331,22197944957
1706659200,43069.04342,844585195328,22443682769
1706745600,43170.65856,846561992602,18624791426
1706832000,42976.8483,842668526995,7779819312
1706918400,42599.35997,835416357159,11250814654
1707004800,42648.45692,836630860392,18682275992
1707091200,43087.78741,845393687726,17131113853
1707177600,44247.41542,868672050078,21200879625
1707264000,45338.27119,890468166608,27709605138
1707350400,47143.24299,925541926939,41993952311
1707436800,47768.99525,938210772985,16461159742
1707523200,48189.88179,945579645769,13196875461
1707609600,50050.13609,981463410833,37684440687
1707696000,49732.14537,974585308372,37331081151
1707782400,51790.1693,1017596576730,41805076940
1707868800,51958.23029,1020725811640,31991869491
1707955200,52166.43431,1024019280535,24850432118
1708041600,51684.51749,1015778284419,19851884283
1708128000,52138.48579,1023586119011,17025880431
1708214400,51764.31319,1016146442772,22555121072
1708300800,52286.79373,1026424315286,34499627551
1708387200,51842.75677,1018869881156,30624246621
1708473600,51319.50013,1007314397269,23733644209
1708560000,50841.08109,999139504636,22637679780
1708646400,51553.09671,1012485917140,15528276124
1708732800,51751.88405,1016549456019,15455098216
1708819200,54478.19108,1071049856129,35407941476
1708905600,57003.52674,1118963733317,51983799587
1708992000,62558.58202,1225273849242,87218855804
1709078400,61298.21686,1206725326872,67692687247
1709164800,62426.64053,1227712629022,36699193361
1709251200,62067.8668,1219383305483,25198213831
1709337600,63053.10544,1236312176673,27108369390
1709424000,68186.64593,1333913436699,74551714626
1709510400,64291.53656,1264870242319,96403762013
1709596800,66145.91928,1297845751760,73151905042
1709683200,66944.87639,1317508010581,48853892626
1709769600,68315.25192,1340971395885,63346588227
1709856000,68508.00396,1346027264110,21359706191
1709942400,69075.66688,1357390358032,36660543917
1710028800,72130.55301,1417772589114,66653067166
1710115200,71467.1735,1403692914139,64599341551
1710201600,73097.76703,1436631290572,51906601044
1710288000,71420.0318,1403843488135,63073551322
1710374400,69497.76319,1367669237528,81204427005
1710460800,65292.31329,1282404282863,49265436013
1710547200,68425.41566,1344508983080,47190980587
1710633600,67708.94361,1331771923948,51101822567
1710720000,62132.51738,1223867418062,80179417876
1710806400,67819.05571,1332594162508,70836803715
1710892800,65535.97845,1287348061971,48393664548
1710979200,63509.04497,1247366367469,42436600224
1711065600,64285.80279,1264722355271,25489933246
1711152000,67310.98327,1323456466318,28098318940
1711238400,69938.9453,1371797489739,44820310273
1711324800,70082.05122,1375728580463,36257324509
1711411200,69435.7504,1360261687784,41441040888
1711497600,70710.19535,1390869723348,30455289338
1711584000,69919.05546,1374646886108,25785951735
1711670400,69702.30875,1370247487960,16408802302
1711756800,71246.95144,1401370211582,19723005998
1711843200,69785.92504,1373784286061,36040088989
1711929600,65440.41923,1288360536577,45161133992
1712016000,66123.93854,1301670235624,35559952962
1712102400,68542.17715,1348455954443,37516850710
1712188800,67978.61023,1337452583876,35132808696
1712275200,69000.64992,1358548956715,19119438139
1712361600,69401.97361,1367272232852,17935478429
1712448000,71624.18486,1410324678269,33111949671
1712534400,69158.64381,1361830648709,36488482039
1712620800,70527.88998,1387722485989,38378062633
1712707200,70106.66413,1379324055321,30118549150
1712793600,67252.10504,1321648247460,43471949726
1712880000,64404.82549,1270009515097,49214481480
1712966400,65752.66005,1293286386553,40292911693
1713052800,63430.57146,1247928896841,42796604938
1713139200,63720.50159,1253670904297,42157169474
1713225600,61328.89799,1207185042484,41123362076
1713312000,63461.5927,1249565911947,35901618166
1713398400,63988.81847,1263308149914,52227787324
1713484800,64894.41869,1277940837360,16601830591
1713571200,64936.42076,1279763566407,19592118541
1713657600,66841.66685,1317058642854,27748586313
1713744000,66406.95244,1306843409278,23232230785
1713830400,64279.51813,1265541377861,30939903322
1713916800,64486.18336,1269387456068,24705345526
1714003200,63802.33005,1255539337969,23302057198
1714089600,63517.24874,1249495302303,19190483386
1714176000,63030.43362,1240724751366,16180294651
1714262400,63797.67964,1257159131219,27242983698
1714348800,60749.47209,1197773959986,39533113322
1714435200,58297.57408,1151677489315,51109380172
1714521600,59135.17336,1164721402399,28255509745
1714608000,62839.34074,1239817041555,33591665812
1714694400,63820.4519,1257549583083,20510614461
1714780800,64010.00865,1259667234461,18115695040
1714867200,63172.4813,1244417948316,17917770174
1714953600,62363.05719,1229336706399,19925137721
1715040000,61215.50401,1203918522477,20303831135
1715126400,63148.59994,1240910691254,25837724248
1715212800,60888.21675,1199393711200,23987518755
1715299200,60776.97208,1197102943502,12120618802
1715385600,61507.054,1211277523449,13045696109
1715472000,62878.7833,1238994152713,27740460084
1715558400,61569.11301,1212998352772,21581895152
1715644800,66220.51831,1307048849176,38101793065
1715731200,65260.8798,1286278919684,29114585833
1715817600,67053.12327,1319238394090,25397793919
1715904000,66912.61861,1319928522882,13025487676
1715990400,66252.7126,1304727108598,9072734600
1716076800,71430.297,1406288649447,35923476641
1716163200,70189.83582,1382275470798,41105056578
1716249600,69181.20086,1362228629449,31059440496
1716336000,67906.46534,1336347300306,39235702119
1716422400,68539.91647,1350764328536,28127411967
1716508800,69268.44559,1363997851295,15929396750
1716595200,68508.83111,1349351520129,11243743771
1716681600,69367.23872,1366931305389,18983806932
1716768000,68316.63588,1347542673428,31278122196
1716854400,67577.26559,1331734029835,24320692138
1716940800,68372.49288,1346147846430,25344376898
1717027200,67474.95484,1331606411823,19685305476
1717113600,67704.32642,1333649555935,10724053325
1717200000,67740.0169,1335930570690,16137350588
1717286400,68808.29369,1355484820107,29862293750
1717372800,70600.01117,1390853496950,31561053725
1717459200,71184.59943,1400297735227,32560403315
1717545600,70759.58819,1394881646978,23612879690
1717632000,69325.36239,1366366925857,18597495570
1717718400,69315.10412,1366065699664,10688301508
1717804800,69654.16074,1372556186705,10461044041
1717891200,69493.17761,1369378888544,19335866774
1717977600,67329.15233,1327665028180,38513044383
1718064000,68224.51968,1345244310607,36027809551
1718150400,66700.31697,1317161415435,29654777884
1718236800,66011.07874,1301949410096,27966992833
1718323200,66190.48749,1304370314918,13472726245
1718409600,66615.53782,1313849391757,12650130204
1718496000,66460.38898,1309329377373,29409728999
1718582400,65109.31481,1282295865979,41386972050
1718668800,64907.07461,1278699763341,21680698981
1718755200,64844.67442,1279317116821,26001551475
1718841600,64071.62428,1263258746635,24694310199
1718928000,64239.90349,1266336092891,6340606686
1719014400,63221.35738,1248188877658,10748270932
1719100800,60363.23498,1188964670369,42036553107
1719187200,61770.41387,1217935012740,21105562262
1719273600,60749.89619,1198205485428,22908540919
1719360000,61562.64533,1213931985720,18855138893
1719446400,60317.09698,1189569860171,24399416695
1719532800,60864.44316,1199792912681,11435110884
1719619200,62734.39384,1236676710888,17373592048
1719705600,62819.82227,1238799172480,25573074911
1719792000,62042.56504,1222901857941,18100530102
1719878400,60244.68076,1186937170315,30348692427
1719964800,57189.17412,1130121668991,43112005395
1720051200,56739.86285,1118490666778,60081357583
1720137600,58230.48415,1147176330416,21293913671
1720224000,55880.37538,1100452083928,20211914621
1720310400,56665.14073,1117615464652,41614266908
1720396800,57988.30351,1144794688187,28413854577
1720483200,57704.20228,1139350681823,25987656347
1720569600,57388.19248,1130276546536,29196653599
1720656000,57899.28896,1141567375406,25504482306
1720742400,59152.71914,1168371787726,16765547593
1720828800,60942.32774,1204059167829,21295520564
1720915200,64835.48973,1277806993831,37810068493
1721001600,65162.23625,1284899538175,40914441633
1721088000,64136.31384,1266016458007,33459451714
1721174400,63959.56901,1261456293182,25976148879
1721260800,66689.54881,1316147398344,36994610752
1721347200,67206.06471,1325658979468,17353396168
1721433600,68088.13996,1343346742483,27078771828
1721520000,67607.7134,1333201881092,43157593652
1721606400,65942.41747,1300963591116,36100536095
1721692800,65403.53513,1290447066028,28680123270
1721779200,65749.96362,1297125144853,35836896136
1721865600,67920.29649,1339927966899,30821370069
1721952000,68055.40839,1342889431799,30976752617
1722038400,68242.24744,1346263382370,17175244020
1722124800,66770.32092,1317581413497,42529043667
1722211200,66219.05102,1306758338818,28892376511
1722297600,64679.77865,1275401473742,31403681581
1722384000,65357.52961,1289157073528,38911302448
1722470400,61407.29547,1211854070245,39004321616
1722556800,60738.74493,1197962170719,32885545024
1722643200,58006.20659,1147854905922,33664501541
1722729600,53956.26184,1064889039014,120245972389
1722816000,55959.84107,1104019419317,52620100833
1722902400,55099.95181,1088566703585,41605918903
1722988800,61859.0316,1218342891279,49201548320
1723075200,60912.58853,1198300504959,33804208928
1723161600,60887.70862,1201818989571,13418919090
1723248000,58804.2345,1159146815398,21715994493
1723334400,59350.07433,1171441797234,39403296386
1723420800,60601.22318,1195798013191,31955576195
1723507200,58739.19382,1159479277228,28079911398
1723593600,57624.11693,1137141836826,33490251842
1723680000,58881.92579,1162716063850,30368238897
1723766400,59430.79163,1173270497431,12467437134
1723852800,58438.29374,1156217205294,17656027564
1723939200,59574.94581,1176063402362,24031330179
1724025600,59060.1261,1166088863323,31470716091
1724112000,61144.68763,1207099049403,32960965011
1724198400,60387.54062,1192308382714,28170302506
1724284800,64049.68562,1261916434075,45038665759
1724371200,64157.16061,1264961887999,22029153446
1724457600,64265.81631,1269291077270,17875230147
1724544000,62922.58635,1242487823611,17894692681
1724630400,59526.56088,1176762244308,38131727428
1724716800,59015.29634,1166032395736,42018989572
1724803200,59351.57949,1171762256044,32563333957
1724889600,59156.24604,1168247205701,44038496615
1724976000,58960.23659,1164278309271,11399086336
1725062400,57357.71617,1133133027661,25465621878
1725148800,59108.73236,1168410293916,28012782291
1725235200,57504.53859,1137361604371,26829983370
1725321600,57987.84601,1144983177152,37550380697
1725408000,56132.40473,1109212553022,30005773446
1725494400,53923.35611,1065462041081,50260816557
1725580800,54150.93836,1068954727890,17048448412
1725667200,54792.40756,1085390277574,18644823662
1725753600,57049.11875,1126840069632,35655419448
1725840000,57624.16178,1137928777839,29676093302
1725926400,57381.76445,1134292554479,37765652735
1726012800,58106.95123,1148469900814,34177859933
1726099200,60620.62747,1197832322916,31919740724
1726185600,60003.2994,1185255944125,15800120841
1726272000,59214.80227,1169677517083,17289597543
1726358400,58211.12323,1150499194410,32196570894
1726444800,60317.03198,1191818552364,34191170118
1726531200,61440.41208,1211837853549,40445339415
1726617600,62966.52932,1243871590271,41959080716
1726704000,63128.22454,1246475981189,35587830477
1726790400,63403.40235,1254104417392,12938083116
1726876800,63582.59957,1255899286380,20349365413
1726963200,63327.02654,1251095079247,23998847799
1727049600,64334.14275,1271183646357,31490984594
1727136000,63151.89959,1245721254991,26087643766
1727222400,65130.76884,1287151352433,37995568904
1727308800,65791.00213,1299708226182,32664917504
1727395200,65934.10709,1303217687718,15342911003
1727481600,65663.68987,1297825615076,12948707839
1727568000,63243.27532,1249577803402,35124446789
1727654400,60872.66854,1202927109018,54251488434
1727740800,60655.55979,1198652098493,41870731292
1727827200,60727.86395,1200491237696,37711138442
1727913600,62103.01047,1226663492771,30349059839
1728000000,62091.93259,1226761949791,11095453163
1728086400,62811.79973,1241834324868,14592422861
1728172800,62287.39011,1231091696620,33878876147
1728259200,62185.23042,1229717180592,28626429277
1728345600,60597.15046,1197736450280,28530748118
1728432000,60195.18074,1189691671375,29481971886
1728518400,62392.34048,1233357176570,32008659336
1728604800,63207.77062,1249002272717,17665963646
1728691200,62829.53369,1241241970951,16784552979
1728777600,66049.99493,1306085613998,46553796134
1728864000,66962.21994,1323774576162,51797932877
1728950400,67647.54415,1337304399195,40640495380
1729036800,67328.10527,1330387728624,34512072358
1729123200,68465.61921,1353541799303,39984956633
1729209600,68388.87129,1351942347611,14110889435
1729296000,68962.82918,1362381684460,17253863433
1729382400,67394.85776,1332326858574,40485496092
1729468800,67351.04794,1331426858508,31398389967
1729555200,66683.96807,1318285437546,32676918488
1729641600,68214.05205,1347888109011,35892606570
1729728000,66585.66536,1313975091942,48426924850
1729814400,67018.16502,1325192118637,21169467790
1729900800,67938.55413,1343350549900,16533385730
1729987200,69845.30453,1380874923096,41990540385
1730073600,72781.11308,1439310420089,65487782005
1730160000,72342.62171,1431085552900,43498144314
1730246400,70264.99736,1390195908293,45907074189
1730332800,69507.92256,1374687306837,54863092261
1730419200,69299.16037,1370516856366,14709379755
1730505600,68803.50626,1362302032218,37659435507
1730592000,67793.29783,1340192510480,46183110994
1730678400,69335.42553,1370963795353,40025021601
1730764800,75620.88607,1496392703841,128492534668
1730851200,75987.24178,1502620808928,66590396087
1730937600,76550.02138,1514048743889,50687468388
1731024000,76630.22631,1519470275068,31430906056
1731110400,80466.71655,1590846468754,93473126208
1731196800,88637.42,1756619702929,133959805309
1731283200,88264.59975,1741113172482,152356811694
1731369600,90488.10007,1790737763695,136046309844
1731456000,87407.51274,1726797438787,99649391847
1731542400,90947.97509,1799276211922,84382485698
1731628800,90606.45489,1790415769635,49255174407
1731715200,89841.47194,1776887033230,48556083102
1731801600,90534.6246,1790917617392,77391724184
1731888000,92251.65241,1825195454019,80493234958
1731974400,94217.0223,1862618759426,80747272080
1732060800,98509.11859,1948284556982,118163852022
1732147200,98927.49495,1958091000958,85746174564
1732233600,97679.46382,1931255637662,47414200207
1732320000,98015.93553,1939446484727,50665680247
1732406400,93004.70093,1838788677874,89476321216
1732492800,91931.83077,1819990514406,97389239316
1732579200,95981.18057,1899088665519,81469353260
1732665600,95661.59596,1892297852305,49067932024
1732752000,97453.24735,1926826079390,74670031636
1732838400,96513.14235,1910022814270,43580019721
1732924800,97311.70719,1925808416478,49147687433
1733011200,95833.13623,1896576914276,101019861361
1733097600,96031.63098,1900922167493,87935752288
1733184000,98881.46946,1957276192604,98230784298
1733270400,97201.50036,1920742551504,190460293532
1733356800,99973.85151,1978389972044,115812632020
1733443200,99781.82999,1974739091621,61061136200
1733529600,101235.3717,2003238967639,62677764785
1733616000,97353.94701,1926047690158,146846843212
1733702400,96649.71447,1913115778728,125835977743
1733788800,101123.6181,2001746436339,118484957961
1733875200,100000.8084,1979166149963,100092043320
1733961600,101352.2297,2005406021236,78802903279
1734048000,101367.0106,2007646386699,57321924844
1734134400,104721.5015,2075487816560,70645074625
1734220800,106074.1072,2097460193711,115184737759
1734307200,106034.9134,2100629850065,93417826250
1734393600,100355.5761,1985284833094,113692025885
1734480000,97851.35377,1937022229972,100611554887
1734566400,97691.43432,1932373308116,112340864007
1734652800,97202.82497,1922768195068,53058382639
1734739200,95094.27395,1884599149192,44619017105
1734825600,94644.91085,1874912975787,64937790293
1734912000,98695.71401,1951173788529,49169088282
1734998400,99344.95417,1966481159354,33963749856
1735084800,95678.31245,1894744251986,45049342388
1735171200,94331.94727,1867708753555,41498540808
1735257600,95184.61945,1885556552231,22429850904
1735344000,93663.44752,1854872605739,24065314500
1735430400,92627.28213,1833188187478,57595164139
1735516800,93507.85875,1851839954625,45327464908
1735603200,94384.17612,1869193319140,23275007789
1735689600,96852.14681,1917905016064,45157338603
1735776000,98084.34279,1942834829350,35721645948
1735862400,98256.73877,1946611205641,20979035421
1735948800,98364.58947,1948339898719,20060293835
1736035200,102229.3945,2024825178620,46111387334
1736121600,96952.09887,1919133187081,60610257147
1736208000,95016.71441,1885313354914,65790469838
1736294400,92376.27578,1832933628118,65850881575
1736380800,94736.62674,1876836759923,63433655717
1736467200,94559.55167,1874286243378,17836423168
1736553600,94454.7709,1870314882307,19608932596
1736640000,94456.34937,1870609367805,76328330233
1736726400,96574.07769,1912603332624,51241728229
1736812800,100313.1524,1986831430652,57637319740
1736899200,100044.5793,1980935754458,50150102497
1736985600,104160.6936,2063854663834,69135117732
1737072000,104334.6158,2067151195362,49416447749
1737158400,101275.3371,2014842808850,72970313684
1737244800,101764.9086,2017837068202,120158523167
1737331200,106182.2368,2098829000928,95344290058
1737417600,103673.5351,2054288661794,55030669603
1737504000,104067.6099,2062360759045,102455227371
1737590400,104835.1925,2076156720643,51418786363
1737676800,104796.0408,2077647817531,22740744965
1737763200,102552.2487,2036324005947,20639818380
1737849600,101958.4695,2019295541214,93191643783
1737936000,101313.1126,2007072201508,45780526814
1738022400,103718.9794,2056581551172,47425401642
1738108800,104781.5135,2076760153261,42122570869
1738195200,102382.3941,2028504133577,37187819228
1738281600,100674.7876,1996423711262,22827776122
1738368000,97568.31653,1933691439792,59784234332
1738454400,101466.8607,2011121374512,122163969235
1738540800,98118.43922,1943535291172,73196693058
1738627200,96582.88683,1912584628590,48848958932
1738713600,96635.41875,1915093756058,44462180396
1738800000,96558.45631,1911296376425,57077722340
1738886400,96558.23763,1914211835440,20760850645
1738972800,96548.57865,1913068773356,25457107581
1739059200,97399.98161,1930742951090,37054987394
1739145600,95739.97737,1898788887978,36454577155
1739232000,97836.18856,1936842454814,47115618235
1739318400,96561.664,1914315097486,29084371911
1739404800,97488.48149,1931656846871,32289906945
1739491200,97569.95169,1934308378710,14215311318
1739577600,96149.34845,1905012222220,13634794999
1739664000,95776.15724,1898997753782,25324374113
1739750400,95495.89153,1892702154845,38311133145
1739836800,96554.87156,1914337919660,27703222487
1739923200,98384.31738,1950376106325,24175261970
1740009600,96135.15541,1906058197506,42477472951
1740096000,96564.15414,1915260330871,18464415571
1740182400,96327.46309,1909625674815,16643044375
1740268800,91396.76687,1814176779160,45539703844
1740355200,88755.76934,1759750360550,96742453403
1740441600,83900.11497,1664314955448,69277430796
1740528000,84709.14478,1679555320077,81960688218
1740614400,84441.90122,1674754437110,80695237175
1740700800,86005.2563,1705564098301,30634474723
1740787200,94261.53287,1868321705444,61859112551
1740873600,86124.71419,1708198960874,68715362745
1740960000,87310.80531,1731441668070,65863356680
1741046400,90604.08099,1797706868228,51606642860
1741132800,90001.40088,1782785866812,47555759125
1741219200,86773.33598,1720436931689,63216440875
1741305600,86142.98336,1708605516770,18809360803
1741392000,80751.13893,1602073794580,32013406241
1741478400,78783.94058,1563547150148,49983692766
1741564800,82799.10803,1642997419532,56404462275
1741651200,83884.24579,1662502658718,41782186209
1741737600,81098.90052,1608477373718,32583592655
1741824000,83971.70916,1665725559906,28571483950
1741910400,84391.69088,1674173293916,10761796127
1741996800,82610.6175,1638672153484,21638031633
1742083200,84075.3656,1667799227887,19659366247
1742169600,82780.03049,1642578274106,24557570269
1742256000,86815.44109,1721565138141,33871216993
1742342400,84270.84359,1672550706503,27579127651
1742428800,84009.53292,1666749159154,18091004976
1742515200,83793.30854,1662574363664,7771134682
1742601600,85787.70915,1702009594329,12617587531
1742688000,87327.7297,1732715331970,27270889835
1742774400,87520.58392,1735368473904,30351832943
1742860800,86960.85555,1724854479046,25522877559
1742947200,87227.27158,1729729987159,24620445368
1743033600,84359.46916,1673182800974,31674486232
1743120000,82679.17255,1640665503855,16837439420
1743206400,82356.38111,1633996304187,13428975108
1743292800,82514.09365,1635076581047,30326148750
1743379200,85237.58761,1690602036035,29172899852
1743465600,82526.42215,1637358764747,46332905658
1743552000,83163.98757,1652537223075,36594464539
1743638400,83852.00765,1664234880198,35647289400
1743724800,83595.8855,1656020067997,14910400036
1743811200,78211.48358,1555325260787,36140377232
1743897600,79179.29227,1581407565278,82909748173
1743984000,76329.09036,1515042499757,47812787635
1744070400,82622.1703,1640567909122,87408220482
1744156800,79596.35732,1580023209138,41213520154
1744243200,83439.28818,1655868880454,39813566444
1744329600,85305.09728,1693600655371,22428929482
1744416000,83600.8201,1658923208082,28731125718
1744502400,84523.45249,1677843510120,33155578229
1744588800,83656.49249,1660749023283,25084671428
1744675200,84105.77942,1670497569762,26948109142
1744761600,84930.90858,1686226810049,19323821375
1744848000,84433.75017,1676373197915,9550691273
1744934400,85126.66244,1690090596771,12635983531
1745020800,85073.16545,1689008667806,12625843856
1745107200,87452.04699,1735703747771,40070025414
1745193600,93576.16589,1858587811718,53841992235
1745280000,93605.45231,1858660302322,39901515880
1745366400,93872.81423,1864298110563,30031246761
1745452800,94773.11201,1882121595176,39336184715
1745539200,94644.06637,1879131951239,15445392740
1745625600,93809.33782,1862772247122,15926259371
1745712000,95030.60645,1887067388174,31913814737
1745798400,94256.35946,1870818389258,25882629766
1745884800,94235.75331,1871350362569,26541700309
1745971200,96426.94522,1914884389769,30207566405
1746057600,96855.56813,1923251765866,23276376191
1746144000,95922.86842,1904894886395,13797554864
1746230400,94326.62049,1872812442453,14903122946
1746316800,94758.82371,1882511286488,24086456278
1746403200,96854.53199,1923643840815,23348052607
1746489600,97026.49377,1927134557858,64376174032
1746576000,103076.2756,2047883753853,50020047721
1746662400,102962.5405,2045046445524,40800894903
1746748800,104630.8793,2077132539531,21558992540
1746835200,103994.0616,2065659960471,27389436049
1746921600,102876.8304,2044347271866,43090605819
1747008000,104184.4904,2069356072124,33861432520
1747094400,103594.4258,2057798367293,28398245847
1747180800,103708.8514,2060142559914,31823340473
1747267200,103556.0349,2057725640290,25887953182
1747353600,103212.3648,2050318521478,18950056010
1747440000,106030.6377,2104889720873,30744060180
1747526400,105629.4158,2098485415895,43339734154
1747612800,106786.72,2121778617274,36393687094
1747699200,109665.8637,2178838967666,60722883114
1747785600,111560.3569,2214712145787,52218408239
1747872000,107216.6686,2131595896624,49251745838
1747958400,107831.3637,2142540077685,27128230117
1748044800,108861.8104,2163072841534,29652659665
1748131200,109377.7151,2173059855839,27950577138
1748217600,109068.4569,2167551887130,38978783509
1748304000,107838.1843,2143342706888,29794278037
1748390400,105745.4166,2101348752694,38279231893
1748476800,104010.9196,2066830946978,39680060338
1748563200,104687.5074,2080467809296,20432694555
1748649600,105710.0059,2101178071591,17721500508
1748736000,105884.7426,2104229403095,26313843059
1748822400,105434.4775,2095294001281,25925661121
1748908800,104812.9182,2083148839111,25812143563
1748995200,101650.7388,2020294099992,39711941132
1749081600,104409.7497,2075175500201,29897390978
1749168000,105681.4546,2100553336903,17749731309
1749254400,105692.2474,2100654769399,16044679696
1749340800,110261.5749,2191877481231,38222993298
1749427200,110212.7325,2189350055406,36303839183
1749513600,108679.9761,2159529375273,30338936632
1749600000,105979.229,2107911943768,35865159511
1749686400,106045.5644,2107973087548,49471015506
1749772800,105482.9061,2097486541223,17916412456
1749859200,105554.4938,2098499110553,16568441853
1749945600,106951.272,2127895470545,32095957012
1750032000,104683.4248,2080968120977,38603212011
1750118400,104722.6951,2081677732262,30339326410
1750204800,104690.65,2081355279873,18063282658
1750291200,103290.1051,2054120245608,30632751225
1750377600,101532.5684,2017415966696,21644463199
1750464000,100852.5826,2005179769772,51287142390
1750550400,105511.6244,2097741233587,50011797129
1750636800,105976.0693,2107110352430,31704641077
1750723200,107238.5305,2132141147369,30468274982
1750809600,106984.0125,2127292099755,24320699663
1750896000,107078.9156,2129020567386,25194306262
1750982400,107331.5855,2134239999930,8960877694
1751068800,108396.6163,2155183166490,14881078675
1751155200,107132.7991,2130471589192,22489515582
1751241600,105613.3997,2100087563078,25033160828
1751328000,108824.4442,2163835371770,36395184773
1751414400,109602.2048,2179664531220,29892049538
1751500800,108040.8919,2148601712907,24248906785
1751587200,108217.4685,2152344091390,10042942281
1751673600,109215.1977,2171497503296,14638669497
1751760000,108300.7168,2153777588647,25493246476
1751846400,108953.1919,2167049398057,20488865138
1751932800,111327.5305,2215210888568,37078460441
1752019200,115879.6503,2303292357000,56204086624
1752105600,117571.0251,2338612196962,64185145924
1752192000,117418.9575,2335485977831,24351256098
1752278400,119117.5567,2369050366836,27310851455
1752364800,119833.6745,2383825813674,68915956379
1752451200,117678.1949,2341223394840,80299520980
1752537600,118748.1627,2363194640210,50374263849
1752624000,119445.3652,2376237382764,49282617206
1752710400,117988.9466,2347165317625,58896449261
1752796800,117901.6266,2345398337786,23934511126
1752883200,117256.9208,2333757287860,36702153882
1752969600,117482.4698,2337365497467,46344384345
1753056000,119955.7957,2387516761560,58939000421
1753142400,118629.0559,2359931875301,45225685168
1753228800,118354.4352,2354764508343,51940414419
1753315200,117540.8084,2338855554999,91617702596
1753401600,117959.5423,2346959472845,25145925064
1753488000,119418.9141,2376524838793,30220402191
1753574400,118003.302,2349472897426,43433742204
1753660800,117853.3089,2345126504020,42860287144
1753747200,117833.2409,2343717963710,43054424657
1753833600,115700.0024,2302199162425,45238249453
1753920000,113234.6051,2253609880959,65794680822
1754006400,112554.9023,2240413983638,33543439044
1754092800,114199.1097,2272802075267,24689273719
1754179200,115138.6861,2292395156144,32488023583
1754265600,114128.3541,2271583255077,37316213252
1754352000,115022.0958,2289295036529,32052509631
1754438400,117463.4745,2337732858704,38289687095
1754524800,116688.3666,2323026541073,33017415813
1754611200,116510.0839,2318815857402,27638785406
1754697600,119266.9252,2374097296838,37157754755
1754784000,118773.7996,2364060561673,61739781528
1754870400,120202.5349,2392854421746,46941089790
1754956800,123560.9936,2458895200753,61818118106
1755043200,118405.5958,2360043737045,73822008368
1755129600,117339.7919,2335290383260,44268714220
1755216000,117501.2165,2339465736068,23202714237
1755302400,117542.8369,2340648324182,20906566027
1755388800,116256.4128,2313556987528,47337926941
1755475200,112778.3448,2245419916216,46156885037
1755561600,114252.3976,2274471285844,42166369117
1755648000,112414.3999,2238121481750,32048202091
1755734400,116834.2495,2326174803321,50878158871
1755820800,115359.9835,2296786080140,27306719885
1755907200,113399.5485,2259663171125,40682656777
1755993600,110185.3544,2194453712376,52854872364
1756080000,111842.71,2227025695776,43023800053
1756166400,111216.0848,2215255294290,36957904263
1756252800,112525.5974,2239422945687,34222495087
1756339200,108480.3067,2160278651486,51702115726
1756425600,108781.9573,2166165747945,27799981331
1756512000,108253.3609,2155694976690,26140904019
1756598400,109162.6856,2174100506466,42999610648
1756684800,111190.1821,2212595221503,50235464643
1756771200,111711.5198,2225365905592,36406080683
1756857600,110724.7364,2204051936301,38708366685
1756944000,110662.1811,2204045604631,56020470627
1757030400,110209.1888,2195288669200,19340758702
1757116800,111131.9924,2213764479139,22147049159
1757203200,112025.1288,2231763512227,37159847900
1757289600,111547.4396,2222026777598,45338021458
1757376000,113975.3249,2270241314653,52205187155
1757462400,115503.1666,2299764311656,43752917633
1757548800,116160.1434,2314347371940,51192951486
1757635200,115970.5849,2310166037871,30063858748
1757721600,115373.5556,2297459118244,26889399415
1757808000,115397.2527,2297977599505,46947581231
1757894400,116762.8497,2325326932461,39964451595
1757980800,116455.9465,2321583680139,54740952295
1758067200,117145.4951,2333705338232,43642467075
1758153600,115655.8105,2303469041669,34296721252
1758240000,115715.5154,2305371926506,18774953731
1758326400,115304.48,2297332085238,18659113982
1758412800,112696.741,2245929069311,69152342029
1758499200,112022.1659,2232693472657,46154878824
1758585600,113320.5691,2257741194219,46677543220
1758672000,108963.5301,2171950311711,74481796351
1758758400,109710.2087,2185866776172,55257214021
1758844800,109654.8102,2185203231301,23294896964
1758931200,112142.5736,2235798877396,31274654339
1759017600,114309.1504,2278362523594,57833295883
1759104000,114024.2278,2272137555069,57718901821
1759190400,118503.2445,2359569556068,69920179085
1759276800,120611.7191,2399524207992,71252850673
1759363200,122250.1519,2436956902845,83155430409
1759449600,122380.9371,2438832157553,35161626562
1759536000,123506.1852,2461221856764,72011486031
1759622400,124773.5082,2486073086655,69605991065
1759708800,121518.7559,2421938444026,76087884720
1759795200,123352.5049,2459003621170,62576032795
1759881600,121698.0307,2423288659157,72097306669
1759968000,113201.7406,2265659827790,151002213090
1760054400,110853.1166,2211404015103,108643865752
1760140800,115189.5715,2294724465037,93857100744
1760227200,115222.283,2296863527018,68935270367
1760313600,113156.5694,2257545230986,91211854989
1760400000,110708.6696,2207742082237,68877328886
1760486400,108076.7286,2154964541836,84773160808
1760572800,106443.6119,2123017949517,94325236795
1760659200,107156.0034,2135575517406,34412835720
1760745600,108621.1349,2165367850075,45373692612
1760832000,110608.5715,2205571381113,60452111148
1760918400,108486.1026,2162410619418,105841401713
1761004800,107618.4267,2145773248655,83996418126
1761091200,110048.5183,2193901841034,56192643014
1761177600,110997.8044,2213306367537,49120903424
1761264000,111620.3094,2224861052775,23214874411
1761350400,114476.0123,2283691326423,42483268634
1761436800,114182.7944,2276235094682,63764801511
1761523200,112950.3486,2254003248725,66299512352
1761609600,110046.6693,2194746293755,64235327509
1761696000,108240.7653,2157803742876,72648897660
1761782400,109573.9056,2185193896779,58800487941
1761868800,110014.1356,2194075979770,24938475578
1761955200,110650.2093,2201849942058,35098774844
1762041600,106521.0867,2123664079962,75068433318
1762128000,101635.274,2026091188341,108965721651
1762214400,103877.9597,2073000557934,77083907217
1762300800,101322.6403,2019147576692,64118217250
1762387200,103396.0842,2063021740892,93627003785
1762473600,102290.1371,2039995976869,51095924202
1762560000,104709.6786,2086419359800,59952468438
1762646400,105909.0727,2112747067952,67546556820
1762732800,102960.7756,2053215927641,71008299179
1762819200,101521.7086,2025837265460,63332414143
1762905600,99730.4534,1996168972712,100463341916
1762992000,94456.39368,1891799949910,113198323665
1763078400,95508.3102,1905234340632,39062120798
1763164800,94411.32947,1883240679703,72645149973
1763251200,92036.7255,1835458818946,95794596045
1763337600,92819.75922,1851234710247,103837258806
1763424000,91363.27839,1820062799702,82897875507
1763510400,86649.97258,1731258563683,99171039191
1763596800,85051.80193,1697723941246,135093457122
1763683200,84682.62429,1690556523056,42644968955
1763769600,86783.84767,1732233225777,60446592409
1763856000,88229.35741,1761564072532,77606296173
1763942400,87310.3316,1742162762886,67956444142
1764028800,90474.22678,1806439309545,69690430588
1764115200,91279.06057,1821778517480,59295194348
1764201600,90950.37696,1814919896425,62833195067
1764288000,90841.45258,1812771321411,39253888202
1764374400,90406.28449,1807818977105,40334819410
1764460800,86281.4952,1723547230445,92988982967
1764547200,91344.73275,1824843161126,83138039129
1764633600,93619.43751,1868050658598,81429135005
1764720000,92140.7042,1839369557446,67878296355
1764806400,89307.09155,1782798987370,50193142877
1764892800,89244.76208,1781194798200,24818678152
1764979200,90162.90714,1799656690089,33912893267
1765065600,90618.05352,1808394676577,45466493941
1765152000,92723.21372,1852116289106,54575121854
1765238400,92005.13715,1837321739747,52189659396
1765324800,92494.17692,1848922166366,53232377699
1765411200,90307.26029,1803244893515,67750393559
1765497600,90257.42929,1801496999572,35222775785
1765584000,88230.77409,1761380944797,33808538697
1765670400,86413.91902,1724624039059,50630498834
1765756800,87821.88919,1751373602588,48317754255
1765843200,86064.94716,1718491930389,48886793508
1765929600,85450.3312,1704341132954,58649139179
1766016000,88103.86076,1759398134897,51932451057
1766102400,88347.94311,1762805314680,17103607835
1766188800,88577.42038,1768920028842,22541294542
1766275200,88491.12021,1767081210843,41948947368
1766361600,87406.43637,1745209464474,46353794742
1766448000,87642.60888,1749379166231,29100645180
1766534400,87229.78066,1741491085116,22773603342
1766620800,87305.95656,1743187621561,47130449136
1766707200,87807.00321,1753375412209,15670944600
1766793600,87822.90829,1753595375313,17428479525
1766880000,87156.56266,1739794323452,53957962808
1766966400,88414.62856,1765833387996,39734225800
1767052800,87520.18049,1747837206254,37245075349
1767139200,88727.67004,1771365149347,21163124465
1767225600,89926.27925,1795890115525,50705395176
1767312000,90593.85443,1809211438369,23480735293
1767398400,91373.21588,1824986876689,31050236623
1767484800,93926.79565,1876558232963,59451605755
1767571200,93666.86387,1870043996457,57439451726
1767657600,91257.15544,1822220317807,47910812257
1767744000,90983.51578,1817249307661,48319133568
1767830400,90504.8956,1807784901284,43664879516
1767916800,90442.01908,1806483854866,13961660357
1768003200,90819.36599,1814078415941,19870776214
1768089600,91134.96918,1820530763451,46923085428
1768176000,95260.4423,1902289955573,66844465447
1768262400,97007.78079,1938292963238,68433627981
1768348800,95584.82798,1909227332523,59629891835
1768435200,95516.07772,1907673016263,37208122952
1768521600,95099.53193,1899912876486,17839431205
1768608000,93752.70577,1874976961281,23132534226
1768694400,92558.46334,1849232162887,43338958369
1768780800,88312.84053,1764030499464,60578606229
1768867200,89354.34378,1785123532735,62357735673
1768953600,89443.39744,1787014846081,39301750756
1769040000,89412.3985,1786292506432,43393369571
1769126400,89170.87365,1781979789713,16537403155
1769212800,86548.32213,1731460015137,39912523619
1769299200,88307.86121,1764540020524,50644433647
1769385600,89204.2224,1782508769730,43778458931
1769472000,89162.09702,1781310220302,45893249753
1769558400,84570.40906,1689639802554,70962598615
1769644800,84141.77857,1680807873674,79515463846
1769731200,78725.85854,1573735495563,78488542273
1769817600,76937.06407,1537520318474,58330740752
1769904000,78767.65815,1573216672022,84675130405
1769990400,75638.9567,1512165605444,73734215653
1770076800,73172.29203,1463518712915,74109194166
1770163200,62853.69038,1262033077145,142403234254
1770249600,70523.95417,1410203662656,128662818794
1770336000,69296.80677,1385532837702,68978204828
1770422400,70542.37329,1411671712614,42782981464
1770508800,70096.40692,1400898153464,56115089203
1770595200,68779.90981,1374149240710,43014177104
1770681600,66937.58141,1337566230010,54917156057
1770768000,66184.57765,1322855090693,47600564766
1770854400,68838.87491,1376029371467,43307347077
1770940800,69765.59639,1395185595833,38886730357
1771027200,68716.58337,1373546624940,44139541277
1771113600,68907.78354,1377439978227,36789211961
1771200000,67489.4554,1349284955302,38338996657
1771286400,66456.35376,1327723958117,36348385076
1771372800,66918.68417,1338094580096,34180839195
1771459200,67970.29403,1358591334157,53528257485
1771545600,67977.90904,1359065859647,20679811587
1771632000,67585.11719,1350654423262,20354767532
1771718400,64577.5532,1291178509393,56724400503
1771804800,64074.11099,1281148417170,44864477921
1771891200,67947.39186,1358175414543,54747624391
1771977600,67469.0604,1348944333913,45543276395
1772064000,65883.99096,1317715385673,43031961580
1772150400,67008.45436,1340289147461,46319353202
1772236800,65713.49899,1314048555376,43467491554
1772323200,68864.03692,1377737947310,60995565405
1772409600,68321.61785,1367228918357,52704039830
1772496000,72669.77017,1453089991036,81081561358
1772582400,70874.98687,1417652016603,55313274476
1772668800,68148.2834,1364073902598,46427994894
1772755200,67271.19078,1345067153653,24588849466
1772841600,66036.15782,1321622467265,35845854761
1772928000,68459.31537,1369955697970,52419546997
1773014400,69883.00888,1397516391203,57031319360
1773100800,70226.81879,1405229147519,48188681301
1773187200,70544.42535,1411413242208,43093376170
1773273600,70965.28229,1419133420992,62328257622
1773360000,71217.10103,1424666372556,23763781398
1773446400,72681.91325,1453818980888,29137209888
1773532800,74858.1487,1496606935787,56424669616
1773619200,73926.27899,1479034380092,47796151710
1773705600,71255.8635,1425248408811,46235388353
1773792000,69871.45148,1397132369158,46069506173
1773878400,70552.6253,1411553294477,39288514956
1773964800,68733.54779,1381324607062,22788052216
1774051200,67848.87606,1357220326650,30380203637
1774137600,70892.82824,1417921177640,52502731112
1774224000,70524.51176,1410852097506,40395077211
1774310400,71309.26404,1426722276575,36566429239
1774396800,68791.11094,1375963897396,52234708976
1774483200,66321.01624,1326110397918,48874426380
1774569600,66321.0654,1326978316239,23637115349
1774656000,65970.429,1320068534523,25095464002
1774742400,66699.27437,1334537611576,37098483335
1774828800,68231.83048,1364706648348,56210727882
1774915200,68089.05538,1362124061745,46822039843
1775001600,66891.66457,1338643103490,47198627199
1775088000,66939.69122,1339404819038,26755680224
1775174400,67304.24956,1346790078681,21516550337
1775260800,68985.52643,1380583534920,26416194025
1775347200,68864.23453,1378430433268,45398732028